date,weekdate,LGE_end,LGE_dpp,LGE_start,LGE_high,LGE_low,LGE_abount
17/01/02,0,51600,0.00,51800,52300,51600,431474
17/01/03,1,54300,5.23,51800,54400,51800,1715000
17/01/04,2,53800,-0.92,54200,54500,53100,1262418
17/01/05,3,53600,-0.37,54000,55700,53400,1428250
17/01/06,4,52600,-1.87,53800,54000,52400,1382362
17/01/09,0,53600,1.90,52300,53600,51200,1555889
17/01/10,1,51800,-3.36,53100,53200,51800,956045
17/01/11,2,52000,0.39,51700,52300,51200,979211
17/01/12,3,53300,2.50,52100,53400,52100,795012
17/01/13,4,52900,-0.75,53100,53500,52500,555164
17/01/16,0,52800,-0.19,52900,53300,51900,681671
17/01/17,1,52400,-0.76,52300,53000,52300,451998
17/01/18,2,53700,2.48,52800,53900,52500,938989
17/01/19,3,54500,1.49,53700,54700,53300,1070070
17/01/20,4,54100,-0.73,54400,54500,54000,432160
17/01/23,0,53400,-1.29,54100,54500,53300,345819
17/01/24,1,54100,1.31,53300,54200,53300,450680
17/01/25,2,54200,0.18,54300,55400,53500,1121403
17/01/26,3,53200,-1.85,55000,55500,53200,1226161
17/01/31,1,55400,4.14,53500,55700,53400,1376669
17/02/01,2,57900,4.51,55800,58000,55800,2286272
17/02/02,3,58300,0.69,58500,59400,57300,1824780
17/02/03,4,58200,-0.17,58700,59100,57400,780014
17/02/06,0,58600,0.69,58800,59100,57700,852582
17/02/07,1,58800,0.34,58900,59300,58200,754879
17/02/08,2,60400,2.72,59000,60400,58600,1795800
17/02/09,3,61500,1.82,60400,61900,60100,1352533
17/02/10,4,61300,-0.33,61800,61900,61200,740823
17/02/13,0,60700,-0.98,61600,62000,59600,1012067
17/02/14,1,61600,1.48,61000,61600,60600,720671
17/02/15,2,62200,0.97,61700,62900,61700,899514
17/02/16,3,62700,0.80,62300,62600,61300,727097
17/02/17,4,61400,-2.07,62600,62700,61200,795235
17/02/20,0,62000,0.98,61100,62100,60700,481297
17/02/21,1,62100,0.16,62100,62800,61900,443630
17/02/22,2,62900,1.29,62700,63000,62300,703290
17/02/23,3,63100,0.32,62900,63300,62200,773393
17/02/24,4,62700,-0.63,63200,63600,62200,825344
17/02/27,0,59000,-5.90,63200,63200,58800,2350933
17/02/28,1,59800,1.36,58700,60000,58200,1519971
17/03/02,3,61600,3.01,60700,62200,60600,1329490
17/03/03,4,62200,0.97,61300,62400,60600,1001078
17/03/06,0,60300,-3.05,61500,62000,59900,959701
17/03/07,1,63300,4.98,61600,63300,61500,1734620
17/03/08,2,64900,2.53,63400,65400,63300,1777042
17/03/09,3,64800,-0.15,65500,65800,64100,1196256
17/03/10,4,64100,-1.08,64200,64800,63800,940025
17/03/13,0,65300,1.87,65000,65700,64500,733138
17/03/14,1,67100,2.76,66700,67400,66600,1602346
17/03/15,2,67800,1.04,67300,67900,66800,891284
17/03/16,3,68100,0.44,68400,68500,67000,916464
17/03/17,4,68900,1.17,67900,69700,67700,1175426
17/03/20,0,67200,-2.47,68500,68600,66700,1130043
17/03/21,1,66900,-0.45,67900,67900,66500,1356321
17/03/22,2,69200,3.44,67300,69600,67300,1353787
17/03/23,3,72000,4.05,70200,72200,70100,2098932
17/03/24,4,72200,0.28,73000,73900,71600,1365959
17/03/27,0,71300,-1.25,72600,72600,70400,868109
17/03/28,1,70700,-0.84,72000,72100,69800,932883
17/03/29,2,70100,-0.85,70400,71000,69200,1062889
17/03/30,3,68100,-2.85,70100,70200,66500,2225859
17/03/31,4,67900,-0.29,68300,68700,66900,1201094
17/04/03,0,68700,1.18,68400,69900,68300,964628
17/04/04,1,68300,-0.58,69200,69200,68000,583153
17/04/05,2,67200,-1.61,68300,69000,66500,1116475
17/04/06,3,70600,5.06,66900,70700,66300,1571616
17/04/07,4,70900,0.42,71200,72200,69800,1754356
17/04/10,0,67900,-4.23,70700,70900,67900,1306155
17/04/11,1,69500,2.36,68100,69800,68100,1032197
17/04/12,2,69100,-0.58,70000,70100,68900,555051
17/04/13,3,69500,0.58,69300,70300,69200,550004
17/04/14,4,68300,-1.73,69000,69000,67800,492819
17/04/17,0,69600,1.90,68700,70200,68700,558900
17/04/18,1,70000,0.57,70000,70300,68900,544965
17/04/19,2,70700,1.00,70700,71500,70100,947412
17/04/20,3,71100,0.57,71300,71400,70400,718589
17/04/21,4,71000,-0.14,71100,71300,70400,581937
17/04/24,0,71700,0.99,71400,72200,71300,551940
17/04/25,1,72200,0.70,72000,72200,71500,545785
17/04/26,2,72700,0.69,72800,72900,72300,640000
17/04/27,3,72300,-0.55,72700,73400,72000,608575
17/04/28,4,69100,-4.43,72000,72100,68700,2295287
17/05/02,1,70400,1.88,69600,71000,69200,1301950
17/05/04,3,71700,1.85,71800,72400,71200,799566
17/05/08,0,77000,7.39,72900,77000,72900,2624129
17/05/10,2,76300,-0.91,77100,78800,75900,1904728
17/05/11,3,79800,4.59,77000,79800,76900,1876649
17/05/12,4,81200,1.75,80200,81300,79300,1589519
17/05/15,0,81000,-0.25,81800,81800,79200,1261164
17/05/16,1,79000,-2.47,81400,82000,78600,1357416
17/05/17,2,80000,1.27,79500,80900,79400,857014
17/05/18,3,79100,-1.13,78800,79700,78500,716864
17/05/19,4,81400,2.91,79600,81400,79400,1094715
17/05/22,0,81600,0.25,82200,82300,81100,585488
17/05/23,1,81100,-0.61,82200,82200,81000,573284
17/05/24,2,82300,1.48,81200,82400,80900,538991
17/05/25,3,82300,0.00,82800,82800,81700,513491
17/05/26,4,81900,-0.49,82300,82400,81300,665382
17/05/29,0,83500,1.95,81700,84300,81700,823722
17/05/30,1,83500,0.00,83700,84100,82300,525707
17/05/31,2,82500,-1.20,83500,83600,82100,714803
17/06/01,3,81300,-1.45,82700,82900,81300,628909
17/06/02,4,86600,6.52,82100,86900,82100,1869364
17/06/05,0,87300,0.81,87700,88900,86900,998730
17/06/07,2,85300,-2.29,86700,87100,84900,1346470
17/06/08,3,86800,1.76,85800,87800,85000,1330511
17/06/09,4,88300,1.73,87500,88800,87300,896973
17/06/12,0,85600,-3.06,86800,87000,85200,1341050
17/06/13,1,85800,0.23,85000,86100,83800,1213895
17/06/14,2,85900,0.12,86400,88000,85400,987899
17/06/15,3,87300,1.63,85900,87700,85300,877550
17/06/16,4,86100,-1.37,87200,87500,85800,737508
17/06/19,0,86200,0.12,86100,86900,84800,662054
17/06/20,1,86000,-0.23,87300,87500,85700,628514
17/06/21,2,85900,-0.12,86000,86300,84100,722785
17/06/22,3,81900,-4.66,85300,86100,81300,2179462
17/06/23,4,84100,2.69,82500,84100,81800,1151493
17/06/26,0,85100,1.19,84600,85500,83600,734655
17/06/27,1,82300,-3.29,84300,84800,82200,1431967
17/06/28,2,79300,-3.65,81900,82000,78500,1989102
17/06/29,3,79700,0.50,80300,81200,79500,1018774
17/06/30,4,80200,0.63,78500,80700,78100,999093
17/07/03,0,80900,0.87,80400,82300,80300,928999
17/07/04,1,79900,-1.24,80500,80800,79600,566386
17/07/05,2,79900,0.00,79900,81300,79400,648725
17/07/06,3,77100,-3.50,80500,80600,76600,1965678
17/07/07,4,73900,-4.15,76400,76400,73800,2330893
17/07/10,0,70800,-4.19,72700,72800,70700,3056226
17/07/11,1,71500,0.99,71300,72000,70000,1546488
17/07/12,2,70800,-0.98,72000,73000,70800,1208011
17/07/13,3,71200,0.56,71300,72500,71000,1363044
17/07/14,4,69500,-2.39,71900,72200,69000,1764528
17/07/17,0,70100,0.86,69900,70400,69700,741053
17/07/18,1,70000,-0.14,70300,70700,69600,660135
17/07/19,2,70500,0.71,70200,71400,70200,1017542
17/07/20,3,69400,-1.56,70900,71200,69200,956192
17/07/21,4,68200,-1.73,69800,70100,68200,1015026
17/07/24,0,67500,-1.03,68200,68400,66700,1417600
17/07/25,1,67500,0.00,67500,68200,67300,838858
17/07/26,2,67900,0.59,67900,68700,67300,1066820
17/07/27,3,66500,-2.06,68200,68300,66300,1371488
17/07/28,4,66700,0.30,66800,67800,66300,1282188
17/07/31,0,67100,0.60,67000,67600,66500,659263
17/08/01,1,68300,1.79,68000,69600,67800,1485811
17/08/02,2,68400,0.15,69200,69500,67300,838130
17/08/03,3,68400,0.00,68900,69200,68100,838838
17/08/04,4,71800,4.97,69000,72100,68800,1976833
17/08/07,0,71600,-0.28,72300,72700,71500,947809
17/08/08,1,71600,0.00,72100,72200,70300,713434
17/08/09,2,71400,-0.28,70700,71500,70500,690037
17/08/10,3,73700,3.22,71400,74100,71400,1796419
17/08/11,4,73400,-0.41,72600,74700,71600,1581856
17/08/14,0,73700,0.41,74200,74700,73000,798565
17/08/16,2,74000,0.41,74000,74500,73100,769023
17/08/17,3,73600,-0.54,74000,74200,73000,662603
17/08/18,4,73000,-0.82,72600,73300,72000,751321
17/08/21,0,75800,3.84,72800,75900,72800,1159623
17/08/22,1,75700,-0.13,76000,76400,75300,697166
17/08/23,2,77500,2.38,76200,78500,76100,1309345
17/08/24,3,77400,-0.13,77800,78000,76600,811372
17/08/25,4,77700,0.39,77800,77900,76800,442385
17/08/28,0,76300,-1.80,77500,77600,75900,553675
17/08/29,1,74400,-2.49,75500,75500,73400,1540731
17/08/30,2,82300,10.62,75500,82400,75200,3932544
17/08/31,3,81500,-0.97,82700,82800,80200,1889427
17/09/01,4,83600,2.58,82900,84300,81000,1944745
17/09/04,0,82700,-1.08,81700,84100,81600,1508080
17/09/05,1,86500,4.59,83300,87000,83300,2612281
17/09/06,2,85300,-1.39,87000,87400,85300,1564911
17/09/07,3,85300,0.00,85900,87100,85000,1268664
17/09/08,4,82500,-3.28,85700,85800,82200,1944947
17/09/11,0,83100,0.73,83300,83600,81500,1501501
17/09/12,1,83000,-0.12,83800,83900,82400,937921
17/09/13,2,87400,5.30,83800,88500,83700,2808612
17/09/14,3,87900,0.57,87700,88300,86600,1709823
17/09/15,4,89500,1.82,87400,91500,87300,2655625
17/09/18,0,91000,1.68,90800,92300,89800,1506118
17/09/19,1,89000,-2.20,91000,91000,88400,1473897
17/09/20,2,86600,-2.70,89300,89300,86500,1666502
17/09/21,3,86400,-0.23,86600,88400,84700,1397736
17/09/22,4,87400,1.16,86500,88800,85500,1254640
17/09/25,0,84300,-3.55,86800,88000,83800,1536892
17/09/26,1,81800,-2.97,83500,83700,80700,1607876
17/09/27,2,81200,-0.73,82000,83400,81000,973194
17/09/28,3,80100,-1.35,81300,81400,78900,1379732
17/09/29,4,82400,2.87,80400,82500,80200,909359
17/10/10,1,80800,-1.94,79700,81500,78900,2417240
17/10/11,2,87400,8.17,82100,88000,81800,3091409
17/10/12,3,87900,0.57,87600,91700,87500,2679580
17/10/13,4,88500,0.68,89300,90500,88000,1148910
17/10/16,0,89300,0.90,89400,91700,88800,1370439
17/10/17,1,89800,0.56,88800,90900,87700,1201400
17/10/18,2,90400,0.67,90500,91700,89700,1235889
17/10/19,3,96500,6.75,91500,97500,90600,4384919
17/10/20,4,95300,-1.24,96500,96800,94300,1516859
17/10/23,0,97200,1.99,95600,98500,94800,1696409
17/10/24,1,93400,-3.91,96900,98200,93400,1526327
17/10/25,2,93900,0.54,94600,95900,92900,1127777
17/10/26,3,92700,-1.28,94200,94900,92500,1028083
17/10/27,4,92800,0.11,93500,95500,92100,1312328
17/10/30,0,94800,2.16,93500,95700,92600,1146628
17/10/31,1,91000,-4.01,95300,96100,90800,2091668
17/11/01,2,92300,1.43,91100,93400,90600,1413470
17/11/02,3,91600,-0.76,92500,94200,90500,1238258
17/11/03,4,92000,0.44,91800,93000,91000,865372
17/11/06,0,93200,1.30,91700,94500,91700,1470396
17/11/07,1,91300,-2.04,92900,93500,91000,1081425
17/11/08,2,92400,1.20,91000,92500,90700,740499
17/11/09,3,96000,3.90,92800,97000,92700,2106195
17/11/10,4,94400,-1.67,96000,96400,93900,1074369
17/11/13,0,93000,-1.48,94400,95200,92400,877548
17/11/14,1,91500,-1.61,92500,93000,90300,1235545
17/11/15,2,91300,-0.22,92100,92200,90600,850027
17/11/16,3,92200,0.99,91300,92900,90100,884980
17/11/17,4,92600,0.43,93100,93800,92200,750975
17/11/20,0,92200,-0.43,93000,93700,92200,617288
17/11/21,1,92900,0.76,92300,93000,90900,705381
17/11/22,2,95900,3.23,92500,96800,92500,1671226
17/11/23,3,94100,-1.88,96000,96700,94100,745586
17/11/24,4,93400,-0.74,93600,94400,93000,404062
17/11/27,0,92200,-1.28,93500,94400,92100,663809
17/11/28,1,91800,-0.43,92500,93300,91200,608339
17/11/29,2,91400,-0.44,92500,92800,90600,679015
17/11/30,3,90000,-1.53,91300,92000,89500,898094
17/12/01,4,93500,3.89,90600,93900,90500,840847
17/12/04,0,94400,0.96,93600,94400,92500,551331
17/12/05,1,94300,-0.11,93900,94800,93200,458094
17/12/06,2,93600,-0.74,94100,96500,93600,862910
17/12/07,3,96200,2.78,94500,96500,94000,1287867
17/12/08,4,94500,-1.77,96000,97200,94200,794868
17/12/11,0,96700,2.33,95900,96800,94800,786713
17/12/12,1,98000,1.34,96000,98700,96000,1318613
17/12/13,2,97900,-0.10,98000,98300,96900,723184
17/12/14,3,101500,3.68,97900,104000,97900,2495201
17/12/15,4,105500,3.94,103000,106000,102500,1496469
17/12/18,0,104000,-1.42,106500,106500,103000,716415
17/12/19,1,103500,-0.48,104500,106000,102500,825856
17/12/20,2,103000,-0.48,104000,104500,101500,587992
17/12/21,3,99300,-3.59,102500,103000,98400,1115976
17/12/22,4,100000,0.70,100500,101500,99400,591818
17/12/26,1,99200,-0.80,101500,102500,99200,934572
17/12/27,2,107000,7.86,101500,107000,101000,1187463
17/12/28,3,106000,-0.93,107000,109500,105000,822274
18/01/02,1,109500,3.30,106500,111000,105500,948226
18/01/03,2,109500,0.00,109500,110500,107500,627983
18/01/04,3,106000,-3.20,110500,111000,105000,977691
18/01/05,4,111000,4.72,106000,111500,106000,883832
18/01/08,0,105000,-5.41,113500,114000,103500,2480029
18/01/09,1,109000,3.81,105000,110000,105000,1387659
18/01/10,2,109000,0.00,109000,111500,107500,909012
18/01/11,3,110500,1.38,110000,111000,108500,791790
18/01/12,4,109500,-0.90,110500,111500,107000,823474
18/01/15,0,107000,-2.28,109500,110000,106000,695438
18/01/16,1,108000,0.93,106500,108500,105000,555065
18/01/17,2,110500,2.31,108500,113000,108000,815085
18/01/18,3,107500,-2.71,112000,112000,107500,503773
18/01/19,4,107500,0.00,107000,109500,106500,533503
18/01/22,0,109000,1.40,108500,109000,106500,469543
18/01/23,1,109500,0.46,107500,110000,103500,1166939
18/01/24,2,102500,-6.39,107500,108500,102000,1406328
18/01/25,3,103500,0.98,102500,104500,101000,899675
18/01/26,4,103000,-0.48,104500,105500,102500,777285
18/01/29,0,102000,-0.97,103000,104000,101000,1031365
18/01/30,1,101000,-0.98,101500,103000,100500,735284
18/01/31,2,102500,1.49,100500,103000,100000,804156
18/02/01,3,103500,0.98,103000,104000,101000,860002
18/02/02,4,101000,-2.42,103000,103500,99900,975164
18/02/05,0,97700,-3.27,99400,99600,97200,745562
18/02/06,1,96100,-1.64,94900,96700,93400,1094871
18/02/07,2,96500,0.42,98000,100500,96000,1082264
18/02/08,3,99300,2.90,97200,99700,97100,813467
18/02/09,4,96300,-3.02,96500,98200,96200,645790
18/02/12,0,96700,0.42,97300,98300,96400,390757
18/02/13,1,99200,2.59,97400,101000,96500,782907
18/02/14,2,97200,-2.02,100000,101000,96900,570366
18/02/19,0,102500,5.45,99400,103000,98900,893618
18/02/20,1,104000,1.46,102500,104500,101500,632252
18/02/21,2,101000,-2.88,103500,104000,100000,895703
18/02/22,3,99800,-1.19,101500,103000,99200,572286
18/02/23,4,102000,2.20,100000,102000,99000,502137
18/02/26,0,102000,0.00,103000,103000,100500,480011
18/02/27,1,100500,-1.47,103000,103500,100500,386397
18/02/28,2,99900,-0.60,100000,102500,99900,508365
18/03/02,4,101000,1.10,99400,101500,98000,499607
18/03/05,0,103500,2.48,101500,104500,101500,866063
18/03/06,1,106000,2.42,105000,106000,102500,813711
18/03/07,2,107000,0.94,106500,109000,105000,1125599
18/03/08,3,107000,0.00,108500,109000,105500,911403
18/03/09,4,109000,1.87,109000,110500,108000,830465
18/03/12,0,109500,0.46,110500,111000,108500,573289
18/03/13,1,113500,3.65,110500,114000,109500,1151725
18/03/14,2,113000,-0.44,112500,114000,111000,754011
18/03/15,3,111000,-1.77,113500,113500,109000,753489
18/03/16,4,110500,-0.45,111000,111500,109000,639540
18/03/19,0,111000,0.45,110500,112500,110000,302806
18/03/20,1,110000,-0.90,110000,111000,109000,488409
18/03/21,2,112500,2.27,109500,112500,109500,575722
18/03/22,3,111500,-0.89,112500,114500,111000,608489
18/03/23,4,106500,-4.48,108500,110000,106000,696815
18/03/26,0,109000,2.35,106500,110500,106500,730771
18/03/27,1,111500,2.29,111500,113000,111000,904837
18/03/28,2,109000,-2.24,111000,111000,108500,590380
18/03/29,3,109000,0.00,109500,110000,107500,561254
18/03/30,4,109500,0.46,110500,111000,109500,433535
18/04/02,0,110500,0.91,110000,112500,110000,340315
18/04/03,1,110500,0.00,109500,112000,109000,377188
18/04/04,2,104500,-5.43,110500,111000,104500,909945
18/04/05,3,105000,0.48,106000,107500,104500,644490
18/04/06,4,111000,5.71,105500,111500,105000,1519548
18/04/09,0,109500,-1.35,111500,112500,108500,727354
18/04/10,1,107000,-2.28,109000,109000,105500,958899
18/04/11,2,107000,0.00,107500,108000,105500,533827
18/04/12,3,106500,-0.47,106500,108000,105500,861133
18/04/13,4,106500,0.00,108000,108500,106000,517401
18/04/16,0,104500,-1.88,106500,107000,104000,519056
18/04/17,1,105000,0.48,105000,107000,104000,473722
18/04/18,2,104000,-0.95,106500,107000,104000,561642
18/04/19,3,106000,1.92,105000,107000,104500,726517
18/04/20,4,109000,2.83,105500,111000,105500,1238083
18/04/23,0,104500,-4.13,110500,111000,103500,1135766
18/04/24,1,102000,-2.39,105000,105500,101000,868864
18/04/25,2,100000,-1.96,101500,101500,99100,932572
18/04/26,3,101000,1.00,101000,103500,99900,835327
18/04/27,4,101500,0.50,103500,104500,101000,721921
18/04/30,0,102000,0.49,102500,103500,102000,575630
18/05/02,2,101500,-0.49,102500,103000,100000,767053
18/05/03,3,103000,1.48,102000,103000,101000,625844
18/05/04,4,99000,-3.88,103000,103000,98700,972728
18/05/08,1,94900,-4.14,100000,101000,94700,1398768
18/05/09,2,95300,0.42,95100,95800,93500,863912
18/05/10,3,95200,-0.10,95000,97500,94700,751327
18/05/11,4,97700,2.63,95600,98600,95600,758454
18/05/14,0,97500,-0.20,99500,100500,97200,829383
18/05/15,1,96600,-0.92,97100,97500,95200,814411
18/05/16,2,96900,0.31,96300,97500,96100,430070
18/05/17,3,98000,1.14,97200,98900,97000,602962
18/05/18,4,98000,0.00,98100,98700,97000,473681
18/05/21,0,98700,0.71,98000,98800,96900,556964
18/05/23,2,98700,0.00,98200,99300,98100,615723
18/05/24,3,98000,-0.71,98800,100500,97300,652598
18/05/25,4,96700,-1.33,97900,98700,96600,523804
18/05/28,0,95500,-1.24,96500,97600,95300,519213
18/05/29,1,96100,0.63,96200,96700,95500,403665
18/05/30,2,96100,0.00,96200,98300,95800,733711
18/05/31,3,92600,-3.64,97600,97600,92000,1461934
18/06/01,4,88200,-4.75,92500,92500,87800,2401034
18/06/04,0,89000,0.91,88600,89700,88300,795419
18/06/05,1,90400,1.57,89400,90800,89200,736301
18/06/07,3,90600,0.22,91000,91800,89600,706966
18/06/08,4,89900,-0.77,90300,91300,89700,488599
18/06/11,0,89000,-1.00,90100,90300,88600,705279
18/06/12,1,90000,1.12,89200,91400,89200,602030
18/06/14,3,93600,4.00,91400,94100,91000,1444370
18/06/15,4,90900,-2.88,94500,94500,90800,990542
18/06/18,0,89200,-1.87,91000,92400,88500,767776
18/06/19,1,85200,-4.48,88200,89900,85100,1012856
18/06/20,2,86200,1.17,85100,87400,85000,645081
18/06/21,3,82000,-4.87,86300,87200,82000,1395643
18/06/22,4,82300,0.37,81300,83100,81100,751430
18/06/25,0,85000,3.28,82300,85000,81800,636705
18/06/26,1,83900,-1.29,84300,84700,82500,537279
18/06/27,2,83700,-0.24,84000,85300,83300,507804
18/06/28,3,80900,-3.35,82900,83300,80800,715235
18/06/29,4,83000,2.60,81200,83100,80800,621098
18/07/02,0,79700,-3.98,83100,83100,79500,682443
18/07/03,1,79900,0.25,80200,80900,79100,530738
18/07/04,2,77700,-2.75,79500,80300,77400,587475
18/07/05,3,77800,0.13,77000,78800,76000,706939
18/07/06,4,75700,-2.70,77100,78300,73500,1722781
18/07/09,0,77700,2.64,75100,78100,75100,799335
18/07/10,1,78200,0.64,77700,79300,77400,712585
18/07/11,2,76600,-2.05,78400,78400,75800,759985
18/07/12,3,75200,-1.83,76400,76400,75100,946355
18/07/13,4,77600,3.19,75900,77800,75900,935008
18/07/16,0,76400,-1.55,77600,78200,76400,553500
18/07/17,1,78800,3.14,76100,79700,75200,1323914
18/07/18,2,80700,2.41,78600,82200,78600,1191864
18/07/19,3,82300,1.98,81000,83100,80000,1164716
18/07/20,4,81000,-1.58,82100,83100,81000,829497
18/07/23,0,78400,-3.21,80900,81200,78100,739344
18/07/24,1,81000,3.32,78200,81700,76800,991504
18/07/25,2,80800,-0.25,80500,82400,79800,772980
18/07/26,3,81800,1.24,81400,82200,80300,725896
18/07/27,4,76000,-7.09,80300,80400,75800,2544391
18/07/30,0,75200,-1.05,76300,76400,74800,997710
18/07/31,1,74800,-0.53,75400,75600,74800,725430
18/08/01,2,75300,0.67,75500,76200,75000,761449
18/08/02,3,75100,-0.27,75100,76100,74800,616998
18/08/03,4,75200,0.13,75400,75700,74400,582491
18/08/06,0,74400,-1.06,75400,75900,74200,685629
18/08/07,1,75100,0.94,75000,75500,74100,723231
18/08/08,2,75900,1.07,75400,77300,75400,1286104
18/08/09,3,80400,5.93,76400,80500,76000,2132947
18/08/10,4,79000,-1.74,80000,80700,78700,961866
18/08/13,0,76300,-3.42,78200,78400,75800,840750
18/08/14,1,73600,-3.54,76100,76200,70900,2397515
18/08/16,3,73300,-0.41,72500,73900,71300,920959
18/08/17,4,72400,-1.23,74100,74100,72400,849229
18/08/20,0,72200,-0.28,72800,73500,71900,670001
18/08/21,1,73400,1.66,72300,73500,70800,1404794
18/08/22,2,73200,-0.27,73800,75600,73200,1110406
18/08/23,3,74600,1.91,73600,74600,72700,879090
18/08/24,4,74700,0.13,74100,75200,73400,815946
18/08/27,0,74300,-0.54,74400,75200,73700,863531
18/08/28,1,73700,-0.81,75100,75800,73600,903687
18/08/29,2,77200,4.75,74200,77500,73600,1417794
18/08/30,3,76400,-1.04,77300,77400,75800,1006172
18/08/31,4,76800,0.52,75800,77100,75300,762868
18/09/03,0,76700,-0.13,76800,78800,76600,924434
18/09/04,1,78100,1.83,77200,79200,77100,922362
18/09/05,2,76200,-2.43,77800,78500,76100,873220
18/09/06,3,74400,-2.36,75900,76200,74000,1144654
18/09/07,4,74300,-0.13,74200,75100,73400,670262
18/09/10,0,73100,-1.62,74200,74300,73000,858482
18/09/11,1,72800,-0.41,73000,74300,72500,712081
18/09/12,2,72100,-0.96,73200,73500,71900,852910
18/09/13,3,71500,-0.83,72400,72800,71100,971252
18/09/14,4,72100,0.84,72100,72800,71700,809166
18/09/17,0,71900,-0.28,72400,73200,71800,521629
18/09/18,1,69000,-4.03,71200,71500,68400,2606048
18/09/19,2,68200,-1.16,69400,69400,67900,1494446
18/09/20,3,69000,1.17,68300,70000,68200,1194328
18/09/21,4,69500,0.72,69600,70100,69100,760994
18/09/27,3,69600,0.14,69100,70100,68500,897762
18/09/28,4,71000,2.01,70000,71900,69900,1255496
18/10/01,0,71100,0.14,71000,71500,70200,558633
18/10/02,1,69900,-1.69,70700,71300,69900,600630
18/10/04,3,69000,-1.29,69700,70200,68400,681480
18/10/05,4,70500,2.17,68600,71200,68000,952571
18/10/08,0,67800,-3.83,69600,69700,67800,922338
18/10/10,2,65200,-3.83,67200,67300,65200,1103556
18/10/11,3,62300,-4.45,62400,63900,61600,1441637
18/10/12,4,64400,3.37,62100,65100,62100,1114941
18/10/15,0,64300,-0.16,64400,65500,63800,434965
18/10/16,1,63500,-1.24,64300,65000,63400,508133
18/10/17,2,64600,1.73,64500,65800,64000,676861
18/10/18,3,64900,0.46,64700,66000,64400,499578
18/10/19,4,65700,1.23,64400,66000,63200,581306
18/10/22,0,65700,0.00,64600,66300,64600,354570
18/10/23,1,63600,-3.20,65200,65300,63100,597221
18/10/24,2,64500,1.42,64200,64700,63500,543722
18/10/25,3,62700,-2.79,62700,63400,61700,661062
18/10/26,4,61100,-2.55,63100,63900,60500,920580
18/10/29,0,59400,-2.78,60900,61900,59100,683052
18/10/30,1,61200,3.03,58800,61700,58800,811009
18/10/31,2,63300,3.43,61500,63800,61000,819823
18/11/01,3,66000,4.27,63700,66500,63400,1056023
18/11/02,4,67200,1.82,66600,67700,66200,792881
18/11/05,0,67600,0.60,67000,68000,66200,503725
18/11/06,1,68000,0.59,67600,68800,67100,497920
18/11/07,2,67300,-1.03,68400,69200,66600,738870
18/11/08,3,69900,3.86,68800,70700,68300,1080894
18/11/09,4,71400,2.15,70000,72300,69700,1129981
18/11/12,0,71200,-0.28,71000,72200,70000,631830
18/11/13,1,70200,-1.40,70200,71400,68800,680494
18/11/14,2,69500,-1.00,69600,71000,68700,527813
18/11/15,3,70300,1.15,69600,70400,68900,459559
18/11/16,4,71800,2.13,70900,72200,70300,690404
18/11/19,0,71600,-0.28,72200,73100,71200,637905
18/11/20,1,70500,-1.54,70800,71000,69600,563066
18/11/21,2,69700,-1.13,69900,70300,69200,483426
18/11/22,3,69200,-0.72,70500,70600,68200,561708
18/11/23,4,69400,0.29,69500,70100,68900,290959
18/11/26,0,71200,2.59,69500,71600,69400,658708
18/11/27,1,71800,0.84,71700,72300,71500,478157
18/11/28,2,72400,0.84,72100,72700,71800,479308
18/11/29,3,73800,1.93,73500,74600,73400,923966
18/11/30,4,72500,-1.76,73800,74400,72000,768135
18/12/03,0,74400,2.62,74000,74500,73000,671484
18/12/04,1,73200,-1.61,74200,74700,73100,514998
18/12/05,2,71700,-2.05,72100,72600,71200,499091
18/12/06,3,68600,-4.32,71300,71300,68000,1054851
18/12/07,4,66900,-2.48,69400,69900,66700,1100511
18/12/10,0,65300,-2.39,66300,67400,64800,806527
18/12/11,1,66700,2.14,65600,67100,65500,626998
18/12/12,2,67900,1.80,66600,68200,65600,681318
18/12/13,3,68200,0.44,68000,68800,67100,816888
18/12/14,4,67700,-0.73,68300,68500,66300,517004
18/12/17,0,69100,2.07,67700,69200,66900,442744
18/12/18,1,66900,-3.18,68200,68800,66800,627414
18/12/19,2,65300,-2.39,66900,67500,65100,885616
18/12/20,3,62600,-4.13,64500,64500,61800,1670644
18/12/21,4,62400,-0.32,62000,62900,61800,829833
18/12/24,0,61800,-0.96,62000,62400,61200,513348
18/12/26,2,61300,-0.81,61000,61900,60600,453037
18/12/27,3,61900,0.98,62500,63300,61700,562848
18/12/28,4,62300,0.65,62300,63500,62100,464747
19/01/02,2,62800,0.80,63300,64200,62700,568844
19/01/03,3,62900,0.16,63100,64100,62100,604561
19/01/04,4,62200,-1.11,63000,63400,61100,602100
19/01/07,0,64200,3.22,63100,64700,62700,660173
19/01/08,1,61900,-3.58,63700,63700,61200,1338626
19/01/09,2,63200,2.10,61700,63700,61600,950285
19/01/10,3,65600,3.80,63100,66000,62700,1065551
19/01/11,4,66000,0.61,65700,66500,65200,601380
19/01/14,0,65900,-0.15,66000,66400,65000,401456
19/01/15,1,65800,-0.15,65600,66500,65300,560337
19/01/16,2,66500,1.06,66000,67600,66000,565004
19/01/17,3,66100,-0.60,66800,67600,66000,467844
19/01/18,4,67000,1.36,66800,67300,66300,488762
19/01/21,0,66400,-0.90,67700,68100,65800,614764
19/01/22,1,64500,-2.86,66400,66900,64100,997141
19/01/23,2,65200,1.09,64400,65700,64300,587708
19/01/24,3,65200,0.00,65100,65800,64800,620651
19/01/25,4,69500,6.60,65200,69800,65200,1749374
19/01/28,0,67700,-2.59,69600,70200,67600,809802
19/01/29,1,67400,-0.44,67400,67400,66200,845170
19/01/30,2,67600,0.30,68000,68500,66800,825346
19/01/31,3,66600,-1.48,68100,68400,66200,903199
19/02/01,4,65400,-1.80,66300,66300,65200,1039069
19/02/07,3,65900,0.76,65900,66400,65300,663706
19/02/08,4,64800,-1.67,65500,65700,64700,690327
19/02/11,0,69300,6.94,65000,69600,64900,1987125
19/02/12,1,71900,3.75,70300,72900,70300,2499697
19/02/13,2,72100,0.28,72700,73900,71900,1310740
19/02/14,3,72300,0.28,70500,73000,70500,799937
19/02/15,4,72000,-0.41,72700,73000,71400,598744
19/02/18,0,72000,0.00,73200,73400,71100,585460
19/02/19,1,72300,0.42,72000,73000,71000,520978
19/02/20,2,72700,0.55,72400,73200,72300,503913
19/02/21,3,73000,0.41,72800,73500,72100,678067
19/02/22,4,73200,0.27,72900,73300,72100,534335
19/02/25,0,71300,-2.60,73500,73600,70500,1097013
19/02/26,1,70500,-1.12,71300,71700,70400,509895
19/02/27,2,72200,2.41,70500,72500,70000,782090
19/02/28,3,70500,-2.35,72500,72500,70400,882603
19/03/04,0,71200,0.99,70800,71800,70800,474980
19/03/05,1,71300,0.14,70900,72000,70300,417224
19/03/06,2,74400,4.35,72300,74600,72300,1630920
19/03/07,3,75100,0.94,75200,76700,74200,1846111
19/03/08,4,73700,-1.86,75000,76100,73300,734055
19/03/11,0,75300,2.17,74000,75900,73000,796316
19/03/12,1,74400,-1.20,75700,76100,74200,642759
19/03/13,2,76300,2.55,74500,76300,74300,671827
19/03/14,3,77500,1.57,76600,78100,75800,1256548
19/03/15,4,77200,-0.39,77600,78200,77000,922796
19/03/18,0,78200,1.30,78000,78800,77400,585035
19/03/19,1,76100,-2.69,78100,78600,75300,874127
19/03/20,2,77400,1.71,76500,77500,76000,623145
19/03/21,3,74100,-4.26,77400,77400,73800,1570980
19/03/22,4,76100,2.70,74100,76200,72800,1456647
19/03/25,0,73000,-4.07,74900,75100,73000,806732
19/03/26,1,73300,0.41,73800,75100,73000,778354
19/03/27,2,73900,0.82,74000,74900,73800,511443
19/03/28,3,72200,-2.30,73600,74300,71800,838816
19/03/29,4,75100,4.02,72500,75100,72500,1064758
19/04/01,0,76800,2.26,75500,76800,75100,626814
19/04/02,1,75900,-1.17,77000,78100,75500,691913
19/04/03,2,76500,0.79,76000,77700,76000,887694
19/04/04,3,75600,-1.18,77100,77100,75000,794535
19/04/05,4,75800,0.26,75600,77500,74500,1051488
19/04/08,0,76400,0.79,76500,77300,75500,763891
19/04/09,1,77600,1.57,77200,77900,76400,1049976
19/04/10,2,77200,-0.52,77500,78400,76800,863213
19/04/11,3,77400,0.26,78000,78000,76800,603065
19/04/12,4,76000,-1.81,77600,77800,75800,806869
19/04/15,0,76600,0.79,76600,77100,76000,630842
19/04/16,1,77900,1.70,76400,78000,76300,767127
19/04/17,2,75900,-2.57,77900,78000,75700,996833
19/04/18,3,74000,-2.50,75900,76500,73800,935012
19/04/19,4,73900,-0.14,74600,74900,73600,451650
19/04/22,0,73500,-0.54,74400,74500,73100,422266
19/04/23,1,74200,0.95,73000,74300,73000,456648
19/04/24,2,73700,-0.67,75400,75400,73500,611885
19/04/25,3,77000,4.48,74200,77000,74100,1382565
19/04/26,4,74800,-2.86,76200,76800,74500,666597
19/04/29,0,75900,1.47,75100,75900,74700,413655
19/04/30,1,75800,-0.13,75900,76200,74700,476352
19/05/02,3,76800,1.32,75300,76900,75300,574899
19/05/03,4,76600,-0.26,76500,77200,75900,409579
19/05/07,1,77000,0.52,75200,77400,75100,685250
19/05/08,2,76300,-0.91,76300,77100,75900,469011
19/05/09,3,73300,-3.93,76100,76500,73600,882026
19/05/10,4,72400,-1.23,73300,74100,71700,889534
19/05/13,0,70400,-2.76,72400,72500,70200,863415
19/05/14,1,71500,1.56,69800,72200,69700,675293
19/05/15,2,72500,1.40,71500,72800,71400,481239
19/05/16,3,71000,-2.07,72500,73300,70300,797872
19/05/17,4,70500,-0.70,71600,72700,70600,455147
19/05/21,1,73100,3.69,70000,74000,70000,570131
19/05/23,3,75300,3.01,74300,75700,73600,1020203
19/05/24,4,76300,1.33,75300,76900,75300,996814
19/05/27,0,76600,0.39,76000,77100,75500,534540
19/05/28,1,77500,1.17,76800,77800,76600,849444
19/05/29,2,77000,-0.65,77300,77600,76000,566640
19/05/30,3,78400,1.82,77500,78400,77100,595073
19/05/31,4,78600,0.26,78400,79000,76900,964303
19/06/03,0,81000,3.05,78300,81000,77700,1199365
19/06/04,1,78600,-2.96,81100,81200,78600,746768
19/06/05,2,77600,-1.27,79400,79800,77300,686357
19/06/07,4,78300,0.90,78000,79300,77900,586903
19/06/10,0,77900,-0.51,79100,79200,76500,788511
19/06/11,1,82600,6.03,79100,82600,78600,1765695
19/06/12,2,82000,-0.73,82600,83400,81400,621262
19/06/13,3,81900,-0.12,82500,82500,80500,616931
19/06/14,4,80700,-1.47,81500,81700,79800,697659
19/06/17,0,80700,0.00,80500,82600,80400,511634
19/06/18,1,81300,0.74,81100,81600,80700,336762
19/06/19,2,80800,-0.62,82000,82200,80000,600944
19/06/20,3,80500,-0.37,80700,81500,80000,426167
19/06/21,4,80400,-0.12,80500,81100,79800,479526
19/06/24,0,81300,1.12,81000,81300,80300,340793
19/06/25,1,80300,-1.23,81200,81300,79600,399565
19/06/26,2,79300,-1.25,79600,79900,78100,599410
19/06/27,3,79700,0.50,79500,80400,79100,494293
19/06/28,4,79300,-0.50,79600,80500,78900,517996
19/07/01,0,76700,-3.28,78400,78400,76300,1219190
19/07/02,1,77400,0.91,76900,77500,76500,559142
19/07/03,2,76300,-1.42,77500,77800,76300,436849
19/07/04,3,76600,0.39,76700,77200,75700,264621
19/07/05,4,72600,-5.22,76600,77200,72500,1835388
19/07/08,0,71500,-1.52,71900,72100,70000,1088645
19/07/09,1,70600,-1.26,71500,72000,70300,588749
19/07/10,2,70600,0.00,70500,71700,70500,733489
19/07/11,3,70600,0.00,70800,71400,69900,756217
19/07/12,4,70800,0.28,70800,71100,70400,390397
19/07/15,0,70300,-0.71,70700,70800,69800,441059
19/07/16,1,70000,-0.43,70300,70800,69500,568181
19/07/17,2,71100,1.57,70300,71500,70200,630890
19/07/18,3,69100,-2.81,70800,71000,68700,1023088
19/07/19,4,70600,2.17,69700,70900,69300,582803
19/07/22,0,70700,0.14,70600,71300,70300,398652
19/07/23,1,70800,0.14,70800,71200,70600,362832
19/07/24,2,70000,-1.13,70600,71000,69900,317197
19/07/25,3,69700,-0.43,69800,70400,69300,458863
19/07/26,4,68600,-1.58,69000,69600,68100,614213
19/07/29,0,68600,0.00,68300,69700,68000,377474
19/07/30,1,67500,-1.60,68400,68700,67400,505505
19/07/31,2,65300,-3.26,67100,67500,64600,1247381
19/08/01,3,64100,-1.84,64100,65300,64000,676243
19/08/02,4,63600,-0.78,63100,64900,62800,816748
19/08/05,0,61600,-3.14,62800,63300,61600,806856
19/08/06,1,60200,-2.27,59300,62200,59200,1042821
19/08/07,2,59600,-1.00,60300,61100,59100,837509
19/08/08,3,59600,0.00,60300,60500,59600,864002
19/08/09,4,60300,1.17,60500,61500,60100,641409
19/08/12,0,60500,0.33,60600,60900,60100,350227
19/08/13,1,59800,-1.16,60000,60500,59600,405225
19/08/14,2,60100,0.50,60500,60800,59800,513745
19/08/16,4,59900,-0.33,59700,60000,58500,466335
19/08/19,0,60300,0.67,60300,60800,60100,306761
19/08/20,1,60800,0.83,60400,60900,60200,339259
19/08/21,2,60700,-0.16,60600,60900,60100,369160
19/08/22,3,60600,-0.16,60700,61500,60600,465946
19/08/23,4,60700,0.17,60600,61000,60000,300527
19/08/26,0,59500,-1.98,59800,60000,59500,385090
19/08/27,1,59200,-0.50,60000,60500,59100,611051
19/08/28,2,60300,1.86,59500,60500,59500,319818
19/08/29,3,59800,-0.83,60500,60500,59500,245916
19/08/30,4,61300,2.51,60300,61800,60000,624060
19/09/02,0,61400,0.16,61100,61500,60700,253018
19/09/03,1,61700,0.49,61400,62000,60900,450012
19/09/04,2,62100,0.65,61300,62100,60700,385424
19/09/05,3,62300,0.32,62300,62600,61800,691827
19/09/06,4,62000,-0.48,62700,62800,61900,299704
19/09/09,0,61300,-1.13,61800,62000,61200,468845
19/09/10,1,64900,5.87,61300,65500,61300,1293106
19/09/11,2,64500,-0.62,65000,65600,63700,1005230
19/09/16,0,66200,2.64,65700,66500,65000,935319
19/09/17,1,65600,-0.91,65400,65800,65000,495985
19/09/18,2,66100,0.76,65800,66900,65400,454311
19/09/19,3,65200,-1.36,66600,66700,64800,582024
19/09/20,4,65900,1.07,65200,65900,64800,499133
19/09/23,0,65100,-1.21,65800,65800,65000,348446
19/09/24,1,66800,2.61,64800,67200,64800,676438
19/09/25,2,66200,-0.90,66400,66900,65800,330788
19/09/26,3,67100,1.36,66600,68100,66500,579805
19/09/27,4,66700,-0.60,67300,67300,66200,293599
19/09/30,0,67400,1.05,66300,67600,66000,364683
19/10/01,1,66500,-1.34,67200,67300,66200,488507
19/10/02,2,66300,-0.30,66500,66900,66000,394430
19/10/04,4,66400,0.15,66100,66900,65800,352541
19/10/07,0,69400,4.52,66400,69700,66400,955986
19/10/08,1,68300,-1.59,69600,69600,67900,894099
19/10/10,3,68300,0.00,67900,69000,67800,808616
19/10/11,4,68800,0.73,69100,69500,68700,374565
19/10/14,0,68900,0.15,69600,70100,68800,360306
19/10/15,1,69500,0.87,68900,69600,68800,442758
19/10/16,2,70300,1.15,70000,70300,69700,392730
19/10/17,3,68800,-2.13,70300,70300,68300,541697
19/10/18,4,68800,0.00,68600,69500,68400,293636
19/10/21,0,69100,0.44,69300,69400,68700,208431
19/10/22,1,69400,0.43,69100,69700,69100,283529
19/10/23,2,68600,-1.15,69200,69400,68400,290288
19/10/24,3,69000,0.58,68800,69200,68000,327266
19/10/25,4,68200,-1.16,68600,69100,67600,415169
19/10/28,0,68800,0.88,68700,69200,68400,204867
19/10/29,1,69000,0.29,69400,69600,68800,307860
19/10/30,2,68500,-0.72,69300,69600,68200,332728
19/10/31,3,66900,-2.34,68800,69600,66600,1094750
19/11/01,4,67200,0.45,66800,67400,66100,404075
19/11/04,0,67100,-0.15,67700,67800,67100,450676
19/11/05,1,68300,1.79,67200,68400,67200,549499
19/11/06,2,68700,0.59,68500,69000,68200,417686
19/11/07,3,69100,0.58,68600,69400,68200,427382
19/11/08,4,69400,0.43,69300,69800,68800,353530
19/11/11,0,69300,-0.14,69400,69600,68600,278287
19/11/12,1,69000,-0.43,69400,69900,68600,311635
19/11/13,2,68800,-0.29,69000,69000,67900,366473
19/11/14,3,69000,0.29,68200,69200,68200,305427
19/11/15,4,70500,2.17,69000,70700,69000,728818
19/11/18,0,71500,1.42,70700,72200,70400,609015
19/11/19,1,71900,0.56,71200,72500,70900,538536
19/11/20,2,70900,-1.39,71500,71800,70300,479826
19/11/21,3,70400,-0.71,70700,71300,69700,475086
19/11/22,4,70100,-0.43,70200,70600,69500,267673
19/11/25,0,71400,1.85,70500,71400,70200,380355
19/11/26,1,70900,-0.70,71400,71900,70900,697121
19/11/27,2,71500,0.85,71500,72000,71000,292977
19/11/28,3,71000,-0.70,71400,71600,70200,259491
19/11/29,4,69900,-1.55,71200,71200,69700,350465
19/12/02,0,70300,0.57,70000,70400,69800,237237
19/12/03,1,70500,0.28,69800,70500,69400,217447
19/12/04,2,70000,-0.71,69600,70100,69400,294889
19/12/05,3,70000,0.00,70200,70600,69300,295956
19/12/06,4,70200,0.29,69700,70200,69500,272392
19/12/09,0,69100,-1.57,70400,70500,68700,436982
19/12/10,1,71200,3.04,69300,71200,69200,575566
19/12/11,2,71200,0.00,71400,71500,70400,339949
19/12/12,3,71700,0.70,71200,72100,71000,979009
19/12/13,4,72200,0.70,72500,72800,72100,405472
19/12/16,0,72000,-0.28,72200,72400,71700,271523
19/12/17,1,72400,0.56,72200,73100,72100,455261
19/12/18,2,72500,0.14,72400,72900,71700,399504
19/12/19,3,72500,0.00,72200,72600,71800,302037
19/12/20,4,72500,0.00,72700,72700,71600,403031
19/12/23,0,72500,0.00,72600,72600,71900,257344
19/12/24,1,71900,-0.83,72500,72700,71900,220741
19/12/26,3,71300,-0.83,72000,72200,71200,372424
19/12/27,4,71800,0.70,71300,72100,71100,498244
19/12/30,0,72100,0.42,71800,72200,71600,283273
20/01/02,3,71000,-1.53,71800,72100,71000,284758
20/01/03,4,71100,0.14,71400,71900,70800,369493
20/01/06,0,69900,-1.69,70300,70500,69600,337026
20/01/07,1,70300,0.57,69800,70600,69800,265311
20/01/08,2,67500,-3.98,70300,70300,67000,937438
20/01/09,3,66600,-1.33,68100,68300,66100,1565867
20/01/10,4,66800,0.30,67000,67500,66400,797710
20/01/13,0,66600,-0.30,66900,67000,66200,600906
20/01/14,1,68300,2.55,67200,69400,67100,1081428
20/01/15,2,69600,1.90,68800,70000,68600,698052
20/01/16,3,69900,0.43,69800,70000,68900,440562
20/01/17,4,69200,-1.00,69800,70200,68900,464204
20/01/20,0,71200,2.89,69600,71700,69400,894609
20/01/21,1,70100,-1.54,71400,71600,70100,379059
20/01/22,2,70400,0.43,69800,70500,68600,546215
20/01/23,3,69000,-1.99,69600,69700,68600,604024
20/01/28,1,67100,-2.75,66600,67500,66600,729302
20/01/29,2,67200,0.15,67100,68000,66900,585990
20/01/30,3,67200,0.00,67000,67800,66900,549972
20/01/31,4,65900,-1.93,67200,67600,65800,697360
20/02/03,0,64900,-1.52,65400,65600,64100,797729
20/02/04,1,65100,0.31,64400,65400,64400,716163
20/02/05,2,65200,0.15,65600,65700,64800,657342
20/02/06,3,66800,2.45,65600,67000,65500,635295
20/02/07,4,67300,0.75,66700,67400,66500,519466
20/02/10,0,67000,-0.45,67000,67000,66100,364246
20/02/11,1,67200,0.30,67500,67600,66800,462160
20/02/12,2,67900,1.04,67000,68300,67000,487071
20/02/13,3,67100,-1.18,68200,68400,67000,699540
20/02/14,4,67000,-0.15,67200,67600,66700,354348
20/02/17,0,67000,0.00,66900,67300,66000,560384
20/02/18,1,68900,2.84,67900,70000,67700,1338368
20/02/19,2,68800,-0.15,69300,69400,68000,636116
20/02/20,3,67200,-2.33,68700,69000,66700,677402
20/02/21,4,66100,-1.64,66000,67000,65800,531902
20/02/24,0,63300,-4.24,64800,65000,63100,874557
20/02/25,1,63000,-0.47,62200,63500,62100,956415
20/02/26,2,63300,0.48,62100,63700,61500,607215
20/02/27,3,62400,-1.42,63000,63600,62000,524379
20/02/28,4,60400,-3.21,61400,61700,60000,932828
20/03/02,0,60100,-0.50,60300,61200,59600,711979
20/03/03,1,60200,0.17,61500,61700,60000,587763
20/03/04,2,60600,0.66,60100,61200,60100,520867
20/03/05,3,61500,1.49,61300,61900,60800,573595
20/03/06,4,60300,-1.95,60900,61100,60200,542438
20/03/09,0,57800,-4.15,59000,59300,57500,1001568
20/03/10,1,60000,3.81,58800,61400,58400,1500440
20/03/11,2,59000,-1.67,60000,61000,58100,938290
20/03/12,3,55500,-5.93,58900,58900,55000,1649095
20/03/13,4,52500,-5.41,51100,54500,50600,1968749
20/03/16,0,50400,-4.00,53100,54200,50400,948845
20/03/17,1,49450,-1.88,48000,52000,48000,1004008
20/03/18,2,48000,-2.93,50200,50800,47700,886739
20/03/19,3,43650,-9.06,48900,49600,43650,1601945
20/03/20,4,45100,3.32,44600,45700,43550,1539670
20/03/23,0,41850,-7.21,42350,42850,41600,1186795
20/03/24,1,44400,6.09,42700,44450,42200,1316623
20/03/25,2,48500,9.23,48400,48850,46800,1506779
20/03/26,3,49000,1.03,49450,51300,48600,1377158
20/03/27,4,49400,0.82,51300,51500,48000,1110394
20/03/30,0,48500,-1.82,48400,49200,47100,937027
20/03/31,1,48200,-0.62,49100,49500,47600,1106424
20/04/01,2,48100,-0.21,48250,50800,47850,1298461
20/04/02,3,49300,2.49,49100,50000,48500,1071663
20/04/03,4,49850,1.12,50100,51200,49200,963015
20/04/06,0,51100,2.51,50400,51100,49900,868309
20/04/07,1,54500,6.65,52500,55600,50900,2123508
20/04/08,2,53300,-2.20,54800,54800,53300,1593974
20/04/09,3,54200,1.69,54200,54300,53300,926771
20/04/10,4,53800,-0.74,54100,54100,53300,687486
20/04/13,0,53200,-1.12,53800,54100,52800,626957
20/04/14,1,53600,0.75,53600,53900,53000,922591
20/04/16,3,53500,-0.19,53100,53600,52500,788724
20/04/17,4,54500,1.87,54300,55900,53900,1414373
20/04/20,0,53800,-1.28,54700,54800,53500,809110
20/04/21,1,52600,-2.23,53400,53500,51700,1029388
20/04/22,2,52400,-0.38,52000,52400,51300,727548
20/04/23,3,53300,1.72,52700,53500,52500,702412
20/04/24,4,52600,-1.31,52800,53200,52300,529035
20/04/27,0,53400,1.52,52800,53800,52700,561740
20/04/28,1,53600,0.37,53800,54500,53100,712240
20/04/29,2,54900,2.43,53900,55100,53600,1017067
20/05/04,0,55200,0.55,54000,55800,53400,1119161
20/05/06,2,55500,0.54,56300,56400,55200,805783
20/05/07,3,54700,-1.44,55100,55100,54100,754248
20/05/08,4,55200,0.91,55000,55500,54900,632501
20/05/11,0,54500,-1.27,55400,55700,54300,536547
20/05/12,1,54500,0.00,54600,55400,54000,707739
20/05/13,2,55000,0.92,53800,55000,53600,577061
20/05/14,3,54200,-1.45,54500,54900,53900,593689
20/05/15,4,54400,0.37,54200,54500,53400,504474
20/05/18,0,56400,3.68,54800,56400,54400,1005066
20/05/19,1,58200,3.19,57800,58600,57200,1138915
20/05/20,2,58000,-0.34,57700,58000,57100,552137
20/05/21,3,57200,-1.38,58000,58300,57000,709139
20/05/22,4,56300,-1.57,57200,57300,55900,518452
20/05/25,0,56100,-0.36,56600,56600,55400,478311
20/05/26,1,57100,1.78,56300,57800,56200,674912
20/05/27,2,59500,4.20,57500,60000,57400,1707086
20/05/28,3,58500,-1.68,59700,59800,57400,1094166
20/05/29,4,59300,1.37,57900,59300,57500,900113
20/06/01,0,59200,-0.17,59000,59500,58500,550906
20/06/02,1,60000,1.35,59200,61000,59200,846026
20/06/03,2,62100,3.50,60500,62400,60500,1433963
20/06/04,3,62200,0.16,62800,63100,61200,934862
20/06/05,4,63000,1.29,62200,63000,61700,860924
20/06/08,0,64000,1.59,64500,64500,63000,975466
20/06/09,1,66600,4.06,64800,67100,64500,1897513
20/06/10,2,70100,5.26,67400,70400,66600,2744224
20/06/11,3,69000,-1.57,69500,70800,67500,1942350
20/06/12,4,67800,-1.74,65300,68900,65200,1689624
20/06/15,0,62900,-7.23,67000,67100,62800,1545344
20/06/16,1,65200,3.66,65100,66100,64400,1220699
20/06/17,2,68200,4.60,64700,68300,64600,1576915
20/06/18,3,67800,-0.59,68000,69200,66900,946224
20/06/19,4,68800,1.47,68500,68800,65900,861053
20/06/22,0,67500,-1.89,67900,68500,67300,632910
20/06/23,1,66600,-1.33,68100,68100,65000,849668
20/06/24,2,67000,0.60,66400,68000,66200,622511
20/06/25,3,64700,-3.43,65600,66000,64600,798688
20/06/26,4,64700,0.00,65500,65500,64500,528872
20/06/29,0,63500,-1.85,63800,64000,62500,756841
20/06/30,1,63200,-0.47,64000,64500,63200,648411
20/07/01,2,64400,1.90,64000,65400,63600,564319
20/07/02,3,64600,0.31,64500,65200,64000,451291
20/07/03,4,65000,0.62,65000,65400,64100,494161
20/07/06,0,68100,4.77,65500,68800,65000,1461414
20/07/07,1,65500,-3.82,69400,69500,64600,1720050
20/07/08,2,66400,1.37,66200,67900,65600,1111546
20/07/09,3,67700,1.96,67500,68400,67100,984866
20/07/10,4,68200,0.74,68100,68600,66500,781290
20/07/13,0,68500,0.44,69200,69400,68200,569857
20/07/14,1,70800,3.36,68700,71200,68600,1780194
20/07/15,2,74900,5.79,71700,75000,71600,2504840
20/07/16,3,74500,-0.53,75100,76000,73000,1184023
20/07/17,4,75700,1.61,75100,76700,74200,1266762
20/07/20,0,76000,0.40,75600,76200,74500,901831
20/07/21,1,74900,-1.45,76200,76300,74600,912127
20/07/22,2,75000,0.13,75000,76300,74500,801570
20/07/23,3,74100,-1.20,74800,74800,73100,759138
20/07/24,4,74100,0.00,73400,75200,73000,698830
20/07/27,0,73600,-0.67,73700,75300,73300,568984
20/07/28,1,72500,-1.49,74000,74200,72100,975596
20/07/29,2,72000,-0.69,72500,73400,71700,804210
20/07/30,3,72100,0.14,72700,73500,71800,735701
20/07/31,4,70700,-1.94,72200,72500,70600,851076
20/08/03,0,74000,4.67,71300,74500,71000,1183563
20/08/04,1,77900,5.27,74900,78100,74000,1738014
20/08/05,2,78300,0.51,78900,78900,76500,1197933
20/08/06,3,77200,-1.40,78300,78900,76900,899941
20/08/07,4,77200,0.00,77800,78300,76300,759800
20/08/10,0,85700,11.01,77100,86200,76500,3706582
20/08/11,1,83000,-3.15,86300,86300,83000,1684857
20/08/12,2,87300,5.18,82900,88900,81300,2704977
20/08/13,3,87000,-0.34,87700,90300,85000,1950559
20/08/14,4,88700,1.95,87400,90000,85900,1669303
20/08/18,1,84000,-5.30,88300,89200,82500,1462971
20/08/19,2,85000,1.19,84000,88000,83600,1316003
20/08/20,3,84900,-0.12,84700,87300,84000,1424255
20/08/21,4,90300,6.36,86800,91000,86700,2978055
20/08/24,0,90600,0.33,90000,91600,89100,1265081
20/08/25,1,90300,-0.33,90500,92400,89600,1161120
20/08/26,2,87900,-2.66,90200,90200,86800,1571474
20/08/27,3,86200,-1.93,87700,88700,85500,1330067
20/08/28,4,85900,-0.35,87100,87900,85200,954228
20/08/31,0,84200,-1.98,86100,87300,84300,1388783
20/09/01,1,87700,4.16,85100,87900,84700,1133236
20/09/02,2,86500,-1.37,89300,89700,85300,1170481
20/09/03,3,85700,-0.92,86500,87300,85600,764553
20/09/04,4,84000,-1.98,83000,84600,83000,974597
20/09/07,0,83800,-0.24,83700,85300,82900,629528
20/09/08,1,85800,2.39,84300,87200,83100,1367597
20/09/09,2,90200,5.13,87200,92000,84600,3555936
20/09/10,3,93200,3.33,91100,95000,90500,2880767
20/09/11,4,92400,-0.86,93200,93900,89700,1507008
20/09/14,0,92100,-0.32,93500,94900,91300,1226790
20/09/15,1,91800,-0.33,92000,93100,90700,952767
20/09/16,2,90600,-1.31,91200,93300,90300,815205
20/09/17,3,90600,0.00,91000,91200,88900,870174
20/09/18,4,89900,-0.77,90700,90900,88700,931059
20/09/21,0,90900,1.11,90100,92500,89400,1050515
20/09/22,1,88900,-2.20,90400,91400,88000,1054942
20/09/23,2,91200,2.59,89500,91500,88000,1121711
20/09/24,3,89500,-1.86,89600,91500,89500,1150871
20/09/25,4,92900,3.80,91000,93700,90200,1625943
20/09/28,0,91700,-1.29,93800,94500,91500,905918
20/09/29,1,91700,0.00,92700,93400,91500,808542
20/10/05,0,92100,0.44,91000,93500,90900,1007727
20/10/06,1,94400,2.50,93500,98500,93200,2733167
20/10/07,2,96100,1.80,94400,96300,92800,1263545
20/10/08,3,93300,-2.91,97000,98900,92700,2181852
20/10/12,0,91900,-1.50,93600,93800,91000,1139080
20/10/13,1,91700,-0.22,92500,93800,91300,1015570
20/10/14,2,91400,-0.33,92700,92800,90600,847948
20/10/15,3,91400,0.00,91500,92400,91100,678538
20/10/16,4,89900,-1.64,91600,92200,89200,749853
20/10/19,0,89100,-0.89,90500,90600,88700,487840
20/10/20,1,90700,1.80,87600,90700,87600,498432
20/10/21,2,90400,-0.33,91400,91400,89800,502901
20/10/22,3,88400,-2.21,90300,90300,87500,598631
20/10/23,4,89600,1.36,89000,89700,88600,453141
20/10/26,0,89100,-0.56,89400,89800,88600,397433
20/10/27,1,89400,0.34,88800,90600,88600,523862
20/10/28,2,90000,0.67,88900,90200,88800,375683
20/10/29,3,87200,-3.11,88900,89200,86800,786668
20/10/30,4,84000,-3.67,87300,87400,83400,981485
20/11/02,0,85500,1.79,85300,86300,84400,510392
20/11/03,1,86300,0.94,85800,87100,85700,409909
20/11/04,2,86100,-0.23,88100,88100,86000,602908
20/11/05,3,86500,0.46,86600,87100,85900,754241
20/11/06,4,87100,0.69,86700,87200,86100,707090
20/11/09,0,87300,0.23,87900,88300,87100,586050
20/11/10,1,85900,-1.60,87800,87800,85500,898189
20/11/11,2,86800,1.05,86000,87200,85800,960361
20/11/12,3,86100,-0.81,87100,87200,85700,781666
20/11/13,4,85600,-0.58,85900,86400,85200,592333
20/11/16,0,86500,1.05,86500,87500,86300,807027
20/11/17,1,85000,-1.73,86600,87100,84800,1066813
20/11/18,2,88800,4.47,85400,89500,85100,2116015
20/11/19,3,89100,0.34,90300,90700,88500,1219430
20/11/20,4,88700,-0.45,89700,90200,87800,588066
20/11/23,0,89200,0.56,89100,89900,87700,746317
20/11/24,1,88600,-0.67,89400,89500,88000,871390
20/11/25,2,87500,-1.24,89100,89500,86600,1022025
20/11/26,3,87000,-0.57,87500,88300,86300,741023
20/11/27,4,87800,0.92,87000,88000,86800,750504
20/11/30,0,85500,-2.62,87800,87900,85500,1428395
20/12/01,1,86000,0.58,86100,86500,85500,693134
20/12/02,2,85900,-0.12,86300,86300,85500,818536
20/12/03,3,90300,5.12,86800,90000,86600,2391369
20/12/04,4,90500,0.22,90000,91500,89100,1763876
20/12/07,0,89200,-1.44,92000,92200,89000,1278901
20/12/08,1,95000,6.50,91000,96500,90900,4702429
20/12/09,2,96200,1.26,96800,98000,95000,2114941
20/12/10,3,95400,-0.83,95100,95800,93800,1691356
20/12/11,4,95800,0.42,96100,97100,94900,1013826
20/12/14,0,95000,-0.84,95400,95700,94000,1013069
20/12/15,1,93400,-1.68,94500,94900,93000,1094196
20/12/16,2,97300,4.18,94200,97500,94200,1785477
20/12/17,3,96900,-0.41,97000,97800,96000,1038351
20/12/18,4,95800,-1.14,97300,97400,95700,835663
20/12/21,0,94900,-0.94,95800,95900,93600,946927
20/12/22,1,92200,-2.85,94600,94700,91800,943385
20/12/23,2,119500,29.61,92700,119500,91100,16565841
20/12/24,3,112000,-6.28,125000,128500,110500,11918248
20/12/28,0,124500,11.16,114500,136500,113000,21982050
20/12/29,1,131500,5.62,127500,134500,125000,7476122
20/12/30,2,135000,2.66,128000,136000,128000,1533422
21/01/04,0,142000,5.19,136500,144000,136500,1868234
21/01/05,1,140000,-1.41,139000,139000,137000,1602818
21/01/06,2,137500,-1.79,148500,150500,137000,5283488
21/01/07,3,150000,9.09,139500,155000,137000,9782722
21/01/08,4,147500,-1.67,145000,151000,140500,9472733
21/01/11,0,142000,-3.73,148500,152000,138000,6584433
21/01/12,1,138500,-2.46,140500,147500,135000,4585235
21/01/13,2,140000,1.08,141000,143500,137000,2589622
21/01/14,3,147000,5.00,138500,150500,138500,5618859
21/01/15,4,140000,-4.76,145500,146000,139500,3051738
21/01/18,0,139000,-0.71,141500,145000,138500,2469549
21/01/19,1,148000,6.47,140000,149500,139000,4114713
21/01/20,2,167000,12.84,148500,165500,146500,10340439
21/01/21,3,185000,10.78,168500,192500,163500,16304954
21/01/22,4,177500,-4.05,183000,193000,178000,7015098
21/01/25,0,178000,0.28,177500,181000,174500,2710809
21/01/26,1,170000,-4.49,179000,181500,169000,3706727
21/01/27,2,167000,-1.76,170000,175500,166500,3244402
21/01/28,3,164500,-1.50,163500,167000,161500,2465978
21/01/29,4,153000,-6.99,166500,166500,150500,5396272
21/02/01,0,158000,3.27,153500,159000,150000,3617362
21/02/02,1,158000,0.00,160000,164000,156000,2620315
21/02/03,2,165000,4.43,160500,166000,159000,3179393
21/02/04,3,157500,-4.55,163000,163000,156000,2660265
21/02/05,4,158000,0.32,159000,160500,154500,1914947
21/02/08,0,157000,-0.63,158000,163500,157000,1895740
21/02/09,1,161000,2.55,158500,168000,157000,3866170
21/02/10,2,167500,4.04,163500,168500,161000,3256875
21/02/15,0,165000,-1.49,170500,171000,165000,2113807
21/02/16,1,172500,4.55,167000,174000,166000,3199701
21/02/17,2,176000,2.03,172000,177000,169000,2965260
21/02/18,3,171000,-2.84,175000,176500,168500,2499314
21/02/19,4,168000,-1.75,170500,172500,164000,2236161
21/02/22,0,166000,-1.19,172500,174500,164500,2511075
21/02/23,1,157500,-5.12,161000,162000,157000,2897046
21/02/24,2,150000,-4.76,157500,159000,149000,3061646
21/02/25,3,154000,2.67,153500,154500,151000,1755139
21/02/26,4,146500,-4.87,148000,150500,146000,2453529
21/03/02,1,149000,1.71,150500,152500,147000,1552321
21/03/03,2,150500,1.01,149000,152000,148000,1033609
21/03/04,3,146000,-2.99,148000,148500,145000,1342531
21/03/05,4,148500,1.71,142500,149500,142000,1479199
21/03/08,0,143000,-3.70,149500,150000,142000,1165677
21/03/09,1,144500,1.05,143500,146000,142000,1530784
21/03/10,2,142500,-1.38,148500,149000,142000,1143711
21/03/11,3,147500,3.51,143500,149000,143500,1651447
21/03/12,4,152500,3.39,149500,154500,149500,1567260
21/03/15,0,151500,-0.66,152500,153500,150500,819248
21/03/16,1,158000,4.29,153500,159500,153000,1996472
21/03/17,2,158000,0.00,158000,161000,155000,1543163
21/03/18,3,155500,-1.58,160500,161000,155500,1400789
21/03/19,4,153000,-1.61,151500,154000,151500,1195480
21/03/22,0,155000,1.31,154000,157000,152500,962272
21/03/23,1,145500,-6.13,155000,155500,145500,2053555
21/03/24,2,146500,0.69,143500,147000,143500,1127948
21/03/25,3,148000,1.02,146000,150500,145000,1138392
21/03/26,4,143000,-3.38,147000,147000,140500,1993831
21/03/29,0,140500,-1.75,143000,143500,140000,1212152
21/03/30,1,152000,8.19,144000,153000,143500,3244882
21/03/31,2,150000,-1.32,154000,156000,149500,2039038
21/04/01,3,159000,6.00,154500,160500,150500,3574578
21/04/02,4,158500,-0.31,159500,160000,155000,1761019
21/04/05,0,154500,-2.52,163000,165000,153000,3827492
21/04/06,1,160000,3.56,158000,162500,156500,3084796
21/04/07,2,158500,-0.94,160000,163500,158000,2655588
21/04/08,3,156500,-1.26,160000,160500,156000,1735278
21/04/09,4,158500,1.28,157500,162500,157000,1764047
21/04/12,0,156500,-1.26,159000,161000,156000,1005281
21/04/13,1,157500,0.64,156500,158500,155000,1114768
21/04/14,2,161500,2.54,163500,165000,159000,2454760
21/04/15,3,172000,6.50,162000,172000,161000,5009228
21/04/16,4,168500,-2.03,173000,173500,166500,2328661
21/04/19,0,171000,1.48,170500,174500,169000,2281804
21/04/20,1,172000,0.58,170500,172000,168500,1209405
21/04/21,2,166000,-3.49,170000,170000,165500,2042543
21/04/22,3,163500,-1.51,167500,168500,163000,1321558
21/04/23,4,163500,0.00,161500,166500,160000,1125379
21/04/26,0,169500,3.67,165000,170000,163500,1892283
21/04/27,1,167000,-1.47,170000,170500,166500,1027920
21/04/28,2,164000,-1.80,167500,168500,163000,1095517
21/04/29,3,162000,-1.22,165000,165500,160000,1192074
21/04/30,4,157500,-2.78,164000,165500,157000,1601686
21/05/03,0,155000,-1.59,156500,158500,153000,1410927
21/05/04,1,154500,-0.32,155000,156500,152500,1063073
21/05/06,3,151500,-1.94,154000,154500,149500,1825692
21/05/07,4,153000,0.99,152500,155000,152000,949811
21/05/10,0,153500,0.33,154500,155000,153000,1183390
21/05/11,1,149000,-2.93,151500,152500,148500,1632384
21/05/12,2,147000,-1.34,148500,150000,145000,1308616
21/05/13,3,148000,0.68,144500,150000,144000,1541542
21/05/14,4,148500,0.34,149000,150000,146500,634322
21/05/17,0,147500,-0.67,151000,151000,146000,553776
21/05/18,1,150000,1.69,148000,150500,147000,551940
21/05/20,3,149500,-0.33,150000,151500,148000,589695
21/05/21,4,149500,0.00,151500,152000,149500,686324
21/05/24,0,149500,0.00,149500,150500,147500,537981
21/05/25,1,153500,2.68,151500,154000,150500,894261
21/05/26,2,152000,-0.98,153500,155000,151000,698912
21/05/27,3,149500,-1.64,152000,153500,148000,1163137
21/05/28,4,151500,1.34,150500,153000,149500,612753
21/05/31,0,152000,0.33,153000,154500,151000,530955
21/06/01,1,151500,-0.33,151500,153000,150000,656695
21/06/02,2,151500,0.00,152000,153000,151000,448035
21/06/03,3,154500,1.98,152000,156000,152000,1156086
21/06/04,4,153500,-0.65,153500,154500,152000,558204
21/06/07,0,155000,0.98,155000,158000,154000,988186
21/06/08,1,152500,-1.61,155000,156000,152500,633240
21/06/09,2,150500,-1.31,153000,153500,150500,561497
21/06/10,3,150000,-0.33,151000,152000,149000,954307
21/06/11,4,151500,1.00,151000,153000,150500,413298
21/06/14,0,157500,3.96,152000,158500,151500,1741300
21/06/15,1,158500,0.63,159000,160500,156500,1021245
21/06/16,2,157500,-0.63,157500,159000,156500,674520
21/06/17,3,154500,-1.90,156000,156500,153000,1115514
21/06/18,4,157000,1.62,155000,158000,154500,978143
21/06/21,0,160500,2.23,155000,163500,154500,1975315
21/06/22,1,159000,-0.93,163000,164500,159000,1111298
21/06/23,2,157500,-0.94,159500,162000,155500,1185360
21/06/24,3,164000,4.13,158500,164500,156500,2156462
21/06/25,4,163500,-0.30,165500,167000,162000,1132098
21/06/28,0,163500,0.00,165000,166000,160500,946236
21/06/29,1,161000,-1.53,164500,165000,160000,903807
21/06/30,2,163500,1.55,162500,166000,162000,1118470
21/07/01,3,162000,-0.92,164000,164500,160500,779316
21/07/02,4,163500,0.93,163500,166500,163000,873575
21/07/05,0,167000,2.14,164500,167000,163500,1045443
21/07/06,1,170000,1.80,168500,172000,166500,1902339
21/07/07,2,165000,-2.94,171000,171000,163500,2371947
21/07/08,3,160000,-3.03,165500,165500,160000,1861927
21/07/09,4,159000,-0.63,158000,161500,157000,1408620
21/07/12,0,158500,-0.31,160500,161000,158000,781657
21/07/13,1,163500,3.15,158000,163500,157500,1105815
21/07/14,2,161000,-1.53,162000,162000,159000,689838
21/07/15,3,161000,0.00,161000,162000,159500,648066
21/07/16,4,160500,-0.31,159500,161500,159500,523298
21/07/19,0,157500,-1.87,159000,159000,157000,598680
21/07/20,1,162500,3.17,156500,163500,156000,1343210
21/07/21,2,163000,0.31,163000,164500,161500,829143
21/07/22,3,164000,0.61,163500,164500,162000,806953
21/07/23,4,166500,1.52,164500,167500,164000,1191816
21/07/26,0,163000,-2.10,167500,168000,163000,849316
21/07/27,1,163000,0.00,164500,164500,162000,428806
21/07/28,2,164000,0.61,162500,165500,161000,676883
21/07/29,3,166500,1.52,165500,167000,164000,770794
21/07/30,4,157500,-5.41,165000,165500,157500,2178044
21/08/02,0,156500,-0.63,157500,158500,155000,809541
21/08/03,1,156500,0.00,157000,158000,155500,716492
21/08/04,2,160000,2.24,158000,160500,157000,691765
21/08/05,3,158000,-1.25,159500,160000,158000,560669
21/08/06,4,157000,-0.63,158500,159000,156500,413308
21/08/09,0,161000,2.55,157500,162000,157000,1152308
21/08/10,1,157500,-2.17,162000,162000,157000,859174
21/08/11,2,156000,-0.95,157500,158500,155500,536980
21/08/12,3,153000,-1.92,156000,157500,153000,981866
21/08/13,4,150500,-1.63,153500,154000,148000,916837
21/08/17,1,151000,0.33,150500,153500,150000,779899
21/08/18,2,153500,1.66,150500,154000,150000,652995
21/08/19,3,148000,-3.58,151500,153000,148000,737444
21/08/20,4,146500,-1.01,148500,150500,146000,802093
21/08/23,0,140500,-4.10,145500,146000,138000,1780072
21/08/24,1,142000,1.07,141000,144500,138500,1375732
21/08/25,2,142000,0.00,142500,144500,139500,806947
21/08/26,3,141500,-0.35,142000,145000,140500,806681
21/08/27,4,140500,-0.71,141000,141000,139000,593281
21/08/30,0,139500,-0.71,141500,142000,139000,740133
21/08/31,1,142000,1.79,139500,142000,138000,1035617
21/09/01,2,141000,-0.70,143000,143000,140000,758432
21/09/02,3,139500,-1.06,140500,141000,139000,667898
21/09/03,4,153500,10.04,142000,154500,140500,4043334
21/09/06,0,148000,-3.58,151000,151500,146500,1611682
21/09/07,1,147500,-0.34,149000,150500,147500,757429
21/09/08,2,144000,-2.37,146500,147000,143000,1296091
21/09/09,3,141500,-1.74,144000,145500,141500,955728
21/09/10,4,146500,3.53,143000,151000,143000,1851877
21/09/13,0,143000,-2.39,144000,144500,141500,808784
21/09/14,1,142500,-0.35,143500,145000,142500,573492
21/09/15,2,142000,-0.35,143500,143500,140500,763228
21/09/16,3,141000,-0.70,142500,143500,140000,639525
21/09/17,4,139500,-1.06,140500,141000,139000,799115
21/09/23,3,140500,0.72,138500,141000,136500,1090853
21/09/24,4,139500,-0.71,142000,142500,139000,865310
21/09/27,0,138500,-0.72,139000,139500,138000,526452
21/09/28,1,132500,-4.33,138000,138500,132500,1667863
21/09/29,2,129500,-2.26,129000,131000,128000,1435656
21/09/30,3,127500,-1.54,128500,129000,125000,1505941
21/10/01,4,125500,-1.57,125500,127500,124500,1099392
21/10/05,1,123500,-1.59,123000,125500,121000,1158497
21/10/06,2,120000,-2.83,125500,126000,119000,1599552
21/10/07,3,124000,3.33,121000,125000,120000,907601
21/10/08,4,120000,-3.23,125000,125500,119000,1407749
21/10/12,1,124000,3.33,121000,125500,119000,1793542
21/10/13,2,122000,-1.61,122500,123000,119500,943291
21/10/14,3,123500,1.23,123500,125500,122500,950533
21/10/15,4,126500,2.43,125000,127000,125000,743492
21/10/18,0,123500,-2.37,127500,127500,123500,716291
21/10/19,1,126500,2.43,124500,127000,123500,600501
21/10/20,2,125000,-1.19,126500,127500,125000,579159
21/10/21,3,125500,0.40,126000,127500,125000,571147
21/10/22,4,125000,-0.40,125000,126000,123000,360096
21/10/25,0,124500,-0.40,123500,126000,122500,554539
21/10/26,1,125500,0.80,125000,126000,124500,706443
21/10/27,2,122000,-2.79,125500,126000,121500,912547
21/10/28,3,122000,0.00,122000,124000,121000,842870
21/10/29,4,120500,-1.23,124000,129000,119500,2301006
21/11/01,0,120500,0.00,121000,122000,119500,761704
21/11/02,1,123000,2.07,121000,124500,120500,915388
21/11/03,2,122000,-0.81,123500,124000,121000,503633
21/11/04,3,122500,0.41,124000,126000,122000,769589
21/11/05,4,123000,0.41,123500,124500,121500,470484
21/11/08,0,122500,-0.41,123000,123500,120500,478858
21/11/09,1,123000,0.41,123000,125000,122000,497844
21/11/10,2,119500,-2.85,122000,123000,119000,707984
21/11/11,3,117500,-1.67,119000,119500,115500,1137785
21/11/12,4,122000,3.83,118000,122000,118000,734937
21/11/15,0,124500,2.05,122500,125000,122500,521720
21/11/16,1,124000,-0.40,124500,125500,123000,565313
21/11/17,2,123000,-0.81,124500,125000,122000,524897
21/11/18,3,122500,-0.41,123500,124000,122000,480336
21/11/19,4,133500,8.98,128000,137500,127500,4928339
21/11/22,0,134000,0.37,133500,136000,131500,1670033
21/11/23,1,128000,-4.48,132500,133000,127000,1329955
21/11/24,2,128500,0.39,127000,130000,126000,988988
21/11/25,3,125500,-2.33,128500,129000,125000,675145
21/11/26,4,122000,-2.79,125500,126500,121500,872482
21/11/29,0,119500,-2.05,118000,122000,118000,933062
21/11/30,1,115500,-3.35,120500,122000,115000,1809765
21/12/01,2,120000,3.90,116500,120000,115500,851165
21/12/02,3,122000,1.67,118000,122000,118000,725845
21/12/03,4,122000,0.00,122000,123000,119000,780951
21/12/06,0,124000,1.64,121500,125000,120500,819472
21/12/07,1,125500,1.21,124000,126000,121500,720765
21/12/08,2,123500,-1.59,127500,128000,122500,1043122
21/12/09,3,123000,-0.40,122500,125000,122000,1151051
21/12/10,4,126000,2.44,122000,126000,121500,671405
21/12/13,0,134000,6.35,129500,135500,129000,2612253
21/12/14,1,128500,-4.10,132500,133500,128000,1506380
21/12/15,2,129500,0.78,128500,130500,127000,855372
21/12/16,3,130000,0.39,131500,132500,129000,705254
21/12/17,4,129500,-0.38,128000,131500,127500,944383
21/12/20,0,125500,-3.09,128500,129000,125500,864094
21/12/21,1,130500,3.98,127000,131000,126500,993693
21/12/22,2,129500,-0.77,132000,132500,129000,703187
21/12/23,3,137000,5.79,130500,139000,128500,2564334
21/12/24,4,136500,-0.36,137000,138000,134000,1170212
21/12/27,0,138000,1.10,136500,140000,135500,958151
21/12/28,1,138000,0.00,139000,139500,137000,1186045
21/12/29,2,140500,1.81,138500,141500,138000,1104635
21/12/30,3,138000,-1.78,140000,140500,138000,703821
