date,weekdate,NAVER_end,NAVER_dpp,NAVER_start,NAVER_high,NAVER_low,NAVER_abount
17/01/02,0,777000,0.26,778000,787000,775000,30777
17/01/03,1,767000,-1.29,777000,777000,767000,51766
17/01/04,2,810000,5.61,775000,810000,771000,120359
17/01/05,3,791000,-2.35,810000,810000,791000,68724
17/01/06,4,799000,1.01,791000,801000,786000,50269
17/01/09,0,779000,-2.50,791000,799000,777000,76688
17/01/10,1,792000,1.67,787000,793000,779000,47372
17/01/11,2,796000,0.51,786000,802000,786000,48742
17/01/12,3,802000,0.75,799000,815000,796000,56389
17/01/13,4,790000,-1.50,802000,805000,787000,68231
17/01/16,0,794000,0.51,792000,801000,774000,55042
17/01/17,1,795000,0.13,787000,797000,782000,50942
17/01/18,2,788000,-0.88,800000,800000,787000,55176
17/01/19,3,801000,1.65,787000,806000,787000,67811
17/01/20,4,785000,-2.00,797000,798000,785000,73435
17/01/23,0,771000,-1.78,778000,779000,763000,90668
17/01/24,1,761000,-1.30,771000,771000,760000,106880
17/01/25,2,763000,0.26,763000,768000,760000,119005
17/01/26,3,753000,-1.31,751000,763000,736000,274419
17/01/31,1,758000,0.66,750000,767000,743000,127610
17/02/01,2,771000,1.72,761000,774000,760000,92541
17/02/02,3,772000,0.13,776000,780000,770000,121050
17/02/03,4,774000,0.26,770000,776000,767000,142414
17/02/06,0,779000,0.65,781000,781000,772000,127029
17/02/07,1,800000,2.70,778000,802000,775000,135111
17/02/08,2,795000,-0.63,799000,799000,791000,77643
17/02/09,3,787000,-1.01,788000,796000,783000,102023
17/02/10,4,795000,1.02,795000,795000,787000,67489
17/02/13,0,795000,0.00,800000,803000,788000,59380
17/02/14,1,770000,-3.14,785000,790000,766000,119907
17/02/15,2,773000,0.39,769000,777000,768000,66435
17/02/16,3,777000,0.52,770000,777000,769000,73821
17/02/17,4,780000,0.39,773000,785000,772000,104341
17/02/20,0,781000,0.13,773000,784000,772000,75042
17/02/21,1,790000,1.15,778000,793000,776000,115574
17/02/22,2,797000,0.89,788000,800000,786000,107372
17/02/23,3,808000,1.38,805000,815000,804000,96955
17/02/24,4,803000,-0.62,803000,807000,793000,77173
17/02/27,0,796000,-0.87,800000,807000,792000,33895
17/02/28,1,776000,-2.51,794000,800000,776000,97398
17/03/02,3,815000,5.03,799000,819000,790000,150962
17/03/03,4,809000,-0.74,816000,839000,794000,98302
17/03/06,0,800000,-1.11,810000,817000,795000,57995
17/03/07,1,799000,-0.13,800000,806000,794000,48316
17/03/08,2,800000,0.13,798000,807000,791000,56378
17/03/09,3,789000,-1.38,801000,806000,789000,75785
17/03/10,4,800000,1.39,789000,802000,783000,48907
17/03/13,0,826000,3.25,800000,833000,799000,83464
17/03/14,1,815000,-1.33,827000,833000,811000,94487
17/03/15,2,820000,0.61,817000,826000,810000,40787
17/03/16,3,819000,-0.12,834000,835000,817000,53315
17/03/17,4,827000,0.98,825000,833000,819000,59069
17/03/20,0,818000,-1.09,830000,830000,810000,59293
17/03/21,1,871000,6.48,828000,872000,825000,150195
17/03/22,2,849000,-2.53,870000,871000,846000,79212
17/03/23,3,864000,1.77,860000,872000,851000,80062
17/03/24,4,872000,0.93,864000,880000,864000,55786
17/03/27,0,885000,1.49,865000,892000,865000,60459
17/03/28,1,853000,-3.62,885000,886000,851000,82475
17/03/29,2,864000,1.29,859000,865000,854000,58716
17/03/30,3,861000,-0.35,865000,874000,856000,57075
17/03/31,4,855000,-0.70,861000,870000,854000,50026
17/04/03,0,873000,2.11,855000,878000,843000,54884
17/04/04,1,850000,-2.63,868000,869000,846000,59594
17/04/05,2,843000,-0.82,857000,859000,835000,99674
17/04/06,3,840000,-0.36,838000,840000,826000,72103
17/04/07,4,828000,-1.43,837000,842000,825000,57671
17/04/10,0,818000,-1.21,823000,828000,811000,71406
17/04/11,1,770000,-5.87,810000,811000,767000,263066
17/04/12,2,768000,-0.26,773000,777000,757000,205449
17/04/13,3,802000,4.43,773000,803000,770000,173040
17/04/14,4,787000,-1.87,798000,811000,786000,59789
17/04/17,0,785000,-0.25,780000,793000,773000,55583
17/04/18,1,778000,-0.89,791000,791000,777000,54222
17/04/19,2,777000,-0.13,778000,785000,777000,82834
17/04/20,3,796000,2.45,785000,800000,781000,98297
17/04/21,4,813000,2.14,801000,813000,796000,85913
17/04/24,0,810000,-0.37,811000,813000,805000,86866
17/04/25,1,815000,0.62,815000,815000,803000,151351
17/04/26,2,807000,-0.98,815000,816000,804000,161105
17/04/27,3,791000,-1.98,796000,800000,785000,169134
17/04/28,4,800000,1.14,791000,803000,791000,112573
17/05/02,1,801000,0.13,800000,807000,790000,108742
17/05/04,3,823000,2.75,806000,823000,803000,88182
17/05/08,0,845000,2.67,823000,845000,815000,133891
17/05/10,2,824000,-2.49,859000,878000,823000,141076
17/05/11,3,866000,5.10,841000,866000,837000,174898
17/05/12,4,848000,-2.08,864000,865000,842000,76597
17/05/15,0,839000,-1.06,853000,854000,834000,47526
17/05/16,1,839000,0.00,839000,850000,830000,54957
17/05/17,2,832000,-0.83,835000,838000,829000,73344
17/05/18,3,824000,-0.96,829000,832000,817000,58999
17/05/19,4,832000,0.97,822000,833000,822000,125157
17/05/22,0,847000,1.80,848000,848000,834000,70139
17/05/23,1,842000,-0.59,846000,850000,838000,74596
17/05/24,2,852000,1.19,850000,855000,842000,91609
17/05/25,3,852000,0.00,855000,858000,848000,66807
17/05/26,4,855000,0.35,860000,863000,854000,61658
17/05/29,0,856000,0.12,860000,864000,852000,45405
17/05/30,1,852000,-0.47,856000,859000,845000,67161
17/05/31,2,845000,-0.82,849000,864000,843000,95528
17/06/01,3,842000,-0.36,850000,860000,842000,55107
17/06/02,4,864000,2.61,843000,864000,843000,68640
17/06/05,0,876000,1.39,854000,887000,854000,104348
17/06/07,2,876000,0.00,876000,888000,871000,84108
17/06/08,3,890000,1.60,885000,893000,877000,105056
17/06/09,4,960000,7.87,895000,975000,894000,183462
17/06/12,0,895000,-6.77,926000,933000,895000,198383
17/06/13,1,895000,0.00,895000,919000,891000,112622
17/06/14,2,883000,-1.34,898000,914000,875000,133198
17/06/15,3,885000,0.23,880000,896000,879000,76874
17/06/16,4,892000,0.79,889000,892000,873000,96765
17/06/19,0,878000,-1.57,887000,898000,876000,63532
17/06/20,1,866000,-1.37,892000,893000,864000,83933
17/06/21,2,880000,1.62,857000,881000,832000,97753
17/06/22,3,880000,0.00,878000,888000,871000,59325
17/06/23,4,887000,0.80,884000,896000,875000,61621
17/06/26,0,888000,0.11,891000,903000,881000,58948
17/06/27,1,869000,-2.14,890000,902000,866000,686346
17/06/28,2,861000,-0.92,858000,865000,851000,101311
17/06/29,3,853000,-0.93,864000,868000,851000,72186
17/06/30,4,838000,-1.76,845000,850000,835000,111979
17/07/03,0,844000,0.72,844000,850000,833000,64145
17/07/04,1,840000,-0.47,840000,847000,837000,44926
17/07/05,2,835000,-0.60,837000,840000,831000,65120
17/07/06,3,825000,-1.20,834000,835000,818000,108236
17/07/07,4,838000,1.58,825000,841000,822000,93149
17/07/10,0,813000,-2.98,829000,834000,813000,94323
17/07/11,1,830000,2.09,813000,835000,813000,82714
17/07/12,2,821000,-1.08,831000,839000,815000,70912
17/07/13,3,830000,1.10,817000,837000,817000,91884
17/07/14,4,839000,1.08,829000,839000,826000,98662
17/07/17,0,839000,0.00,840000,844000,835000,84952
17/07/18,1,830000,-1.07,841000,844000,826000,63292
17/07/19,2,835000,0.60,831000,842000,830000,69438
17/07/20,3,835000,0.00,833000,842000,827000,63638
17/07/21,4,839000,0.48,832000,840000,832000,60799
17/07/24,0,833000,-0.72,837000,838000,821000,68561
17/07/25,1,837000,0.48,834000,838000,824000,65990
17/07/26,2,825000,-1.43,840000,841000,819000,82343
17/07/27,3,825000,0.00,820000,829000,819000,70479
17/07/28,4,799000,-3.15,821000,824000,799000,125875
17/07/31,0,803000,0.50,799000,808000,786000,87685
17/08/01,1,796000,-0.87,794000,802000,790000,82928
17/08/02,2,795000,-0.13,792000,800000,791000,83691
17/08/03,3,778000,-2.14,794000,798000,775000,134930
17/08/04,4,776000,-0.26,779000,785000,776000,67353
17/08/07,0,796000,2.58,777000,803000,768000,148923
17/08/08,1,810000,1.76,801000,816000,800000,104049
17/08/09,2,798000,-1.48,798000,807000,797000,51973
17/08/10,3,794000,-0.50,794000,802000,791000,73502
17/08/11,4,795000,0.13,781000,798000,780000,53942
17/08/14,0,779000,-2.01,807000,807000,776000,79397
17/08/16,2,787000,1.03,780000,790000,779000,69817
17/08/17,3,777000,-1.27,781000,786000,776000,73408
17/08/18,4,784000,0.90,773000,785000,773000,52621
17/08/21,0,781000,-0.38,784000,785000,775000,40484
17/08/22,1,767000,-1.79,781000,781000,763000,229898
17/08/23,2,773000,0.78,772000,781000,770000,97015
17/08/24,3,771000,-0.26,770000,774000,766000,116996
17/08/25,4,780000,1.17,771000,787000,771000,82607
17/08/28,0,783000,0.38,781000,793000,779000,109037
17/08/29,1,778000,-0.64,779000,780000,767000,105691
17/08/30,2,774000,-0.51,778000,783000,771000,112999
17/08/31,3,755000,-2.45,769000,770000,751000,198250
17/09/01,4,746000,-1.19,757000,761000,745000,146540
17/09/04,0,726000,-2.68,724000,734000,724000,140477
17/09/05,1,736000,1.38,728000,742000,727000,97577
17/09/06,2,737000,0.14,729000,739000,725000,80239
17/09/07,3,730000,-0.95,736000,737000,730000,68175
17/09/08,4,727000,-0.41,725000,733000,724000,70880
17/09/11,0,720000,-0.96,727000,727000,717000,75517
17/09/12,1,735000,2.08,723000,742000,718000,83031
17/09/13,2,729000,-0.82,733000,735000,725000,74276
17/09/14,3,765000,4.94,730000,769000,729000,226589
17/09/15,4,760000,-0.65,764000,764000,752000,99262
17/09/18,0,781000,2.76,762000,786000,761000,122896
17/09/19,1,770000,-1.41,775000,777000,764000,73974
17/09/20,2,783000,1.69,774000,787000,767000,86367
17/09/21,3,763000,-2.55,777000,781000,760000,67757
17/09/22,4,764000,0.13,765000,775000,755000,64961
17/09/25,0,754000,-1.31,760000,763000,749000,73864
17/09/26,1,753000,-0.13,746000,755000,736000,75843
17/09/27,2,734000,-2.52,750000,752000,734000,92054
17/09/28,3,733000,-0.14,730000,745000,730000,108761
17/09/29,4,745000,1.64,733000,749000,733000,52799
17/10/10,1,756000,1.48,747000,770000,744000,164559
17/10/11,2,751000,-0.66,751000,755000,746000,59229
17/10/12,3,768000,2.26,751000,772000,751000,114527
17/10/13,4,762000,-0.78,768000,768000,758000,73043
17/10/16,0,762000,0.00,764000,767000,759000,65306
17/10/17,1,768000,0.79,767000,772000,764000,92894
17/10/18,2,815000,6.12,768000,817000,768000,219631
17/10/19,3,811000,-0.49,818000,826000,805000,179233
17/10/20,4,801000,-1.23,818000,823000,792000,103091
17/10/23,0,799000,-0.25,806000,812000,793000,64870
17/10/24,1,801000,0.25,797000,810000,795000,55457
17/10/25,2,804000,0.37,800000,811000,795000,93258
17/10/26,3,840000,4.48,844000,854000,830000,342341
17/10/27,4,879000,4.64,860000,879000,860000,236645
17/10/30,0,876000,-0.34,887000,899000,870000,105718
17/10/31,1,894000,2.05,875000,896000,868000,131019
17/11/01,2,860000,-3.80,870000,879000,853000,232078
17/11/02,3,856000,-0.47,860000,873000,855000,70554
17/11/03,4,863000,0.82,852000,868000,850000,62974
17/11/06,0,861000,-0.23,860000,874000,855000,64415
17/11/07,1,860000,-0.12,872000,872000,850000,84428
17/11/08,2,849000,-1.28,854000,856000,842000,102691
17/11/09,3,825000,-2.83,843000,844000,824000,176602
17/11/10,4,814000,-1.33,822000,830000,807000,157249
17/11/13,0,819000,0.61,811000,824000,807000,94173
17/11/14,1,805000,-1.71,822000,822000,802000,118432
17/11/15,2,805000,0.00,805000,808000,792000,91183
17/11/16,3,802000,-0.37,805000,808000,798000,86510
17/11/17,4,805000,0.37,807000,822000,802000,145275
17/11/20,0,801000,-0.50,808000,809000,796000,85893
17/11/21,1,808000,0.87,802000,810000,798000,79682
17/11/22,2,801000,-0.87,814000,815000,798000,95432
17/11/23,3,801000,0.00,805000,807000,794000,67619
17/11/24,4,810000,1.12,800000,812000,797000,68255
17/11/27,0,795000,-1.85,808000,809000,788000,117386
17/11/28,1,807000,1.51,799000,811000,796000,95372
17/11/29,2,812000,0.62,805000,814000,802000,91818
17/11/30,3,800000,-1.48,811000,811000,800000,157332
17/12/01,4,831000,3.88,809000,833000,801000,153285
17/12/04,0,839000,0.96,837000,848000,828000,136027
17/12/05,1,833000,-0.72,840000,843000,831000,64004
17/12/06,2,826000,-0.84,833000,834000,824000,69199
17/12/07,3,837000,1.33,834000,848000,829000,155000
17/12/08,4,830000,-0.84,835000,838000,821000,58893
17/12/11,0,826000,-0.48,830000,835000,820000,57600
17/12/12,1,828000,0.24,822000,845000,822000,73019
17/12/13,2,841000,1.57,829000,842000,824000,71600
17/12/14,3,835000,-0.71,842000,849000,835000,143097
17/12/15,4,844000,1.08,841000,844000,837000,91136
17/12/18,0,860000,1.90,844000,865000,840000,118097
17/12/19,1,855000,-0.58,863000,870000,850000,79667
17/12/20,2,849000,-0.70,859000,868000,849000,68341
17/12/21,3,842000,-0.82,849000,853000,834000,82697
17/12/22,4,862000,2.38,850000,864000,843000,87458
17/12/26,1,874000,1.39,865000,880000,859000,103805
17/12/27,2,877000,0.34,872000,878000,866000,57356
17/12/28,3,870000,-0.80,880000,881000,860000,65370
18/01/02,1,885000,1.72,871000,885000,870000,93587
18/01/03,2,871000,-1.58,876000,884000,864000,84790
18/01/04,3,893000,2.53,879000,897000,873000,130112
18/01/05,4,908000,1.68,893000,918000,880000,136811
18/01/08,0,950000,4.63,915000,953000,908000,196338
18/01/09,1,944000,-0.63,944000,952000,933000,78027
18/01/10,2,928000,-1.69,943000,975000,927000,120097
18/01/11,3,917000,-1.19,928000,934000,909000,93854
18/01/12,4,909000,-0.87,920000,930000,901000,89414
18/01/15,0,921000,1.32,917000,925000,911000,59200
18/01/16,1,903000,-1.95,919000,924000,893000,95302
18/01/17,2,888000,-1.66,903000,906000,888000,107026
18/01/18,3,903000,1.69,893000,906000,893000,90308
18/01/19,4,881000,-2.44,905000,907000,880000,100565
18/01/22,0,893000,1.36,884000,893000,882000,75543
18/01/23,1,889000,-0.45,899000,899000,884000,80475
18/01/24,2,878000,-1.24,889000,889000,870000,118121
18/01/25,3,913000,3.99,878000,922000,867000,169190
18/01/26,4,927000,1.53,913000,929000,910000,111369
18/01/29,0,932000,0.54,923000,948000,922000,102916
18/01/30,1,931000,-0.11,928000,950000,923000,102118
18/01/31,2,910000,-2.26,933000,945000,910000,125184
18/02/01,3,923000,1.43,910000,932000,909000,80607
18/02/02,4,905000,-1.95,930000,932000,902000,82151
18/02/05,0,879000,-2.87,905000,905000,877000,96967
18/02/06,1,851000,-3.19,864000,878000,838000,154539
18/02/07,2,843000,-0.94,870000,872000,840000,95763
18/02/08,3,843000,0.00,860000,860000,842000,102950
18/02/09,4,808000,-4.15,817000,830000,806000,158070
18/02/12,0,800000,-0.99,817000,817000,798000,190743
18/02/13,1,805000,0.63,813000,822000,803000,137025
18/02/14,2,811000,0.75,812000,819000,808000,74164
18/02/19,0,820000,1.11,830000,830000,815000,83337
18/02/20,1,807000,-1.59,818000,818000,804000,67201
18/02/21,2,833000,3.22,810000,836000,809000,141568
18/02/22,3,827000,-0.72,831000,837000,819000,72242
18/02/23,4,829000,0.24,831000,842000,820000,70864
18/02/26,0,810000,-2.29,834000,834000,808000,127128
18/02/27,1,804000,-0.74,810000,813000,801000,142978
18/02/28,2,803000,-0.12,808000,818000,802000,390265
18/03/02,4,786000,-2.12,794000,800000,772000,217305
18/03/05,0,779000,-0.89,786000,790000,779000,79122
18/03/06,1,796000,2.18,786000,800000,782000,78012
18/03/07,2,795000,-0.13,804000,805000,791000,72110
18/03/08,3,799000,0.50,798000,799000,791000,79218
18/03/09,4,802000,0.38,803000,814000,797000,85805
18/03/12,0,806000,0.50,808000,815000,804000,69011
18/03/13,1,820000,1.74,806000,826000,803000,121223
18/03/14,2,809000,-1.34,813000,814000,801000,75328
18/03/15,3,820000,1.36,813000,824000,807000,68305
18/03/16,4,801000,-2.32,816000,817000,797000,143598
18/03/19,0,785000,-2.00,801000,802000,782000,120014
18/03/20,1,795000,1.27,777000,796000,774000,88391
18/03/21,2,794000,-0.13,795000,798000,792000,84913
18/03/22,3,803000,1.13,799000,805000,798000,67346
18/03/23,4,783000,-2.49,788000,792000,780000,97868
18/03/26,0,789000,0.77,778000,790000,777000,55239
18/03/27,1,789000,0.00,800000,800000,786000,56632
18/03/28,2,784000,-0.63,787000,793000,777000,52460
18/03/29,3,786000,0.26,784000,790000,778000,67560
18/03/30,4,792000,0.76,794000,799000,786000,57761
18/04/02,0,785000,-0.88,783000,792000,782000,79620
18/04/03,1,785000,0.00,798000,799000,780000,68203
18/04/04,2,754000,-3.95,782000,786000,747000,165929
18/04/05,3,779000,3.32,764000,779000,762000,94462
18/04/06,4,770000,-1.16,776000,782000,766000,76814
18/04/09,0,774000,0.52,769000,773000,764000,58079
18/04/10,1,775000,0.13,771000,783000,769000,79128
18/04/11,2,771000,-0.52,772000,781000,769000,61650
18/04/12,3,757000,-1.82,769000,771000,755000,111805
18/04/13,4,764000,0.92,758000,766000,753000,68271
18/04/16,0,751000,-1.70,765000,765000,750000,78420
18/04/17,1,748000,-0.40,754000,758000,745000,88425
18/04/18,2,752000,0.53,751000,758000,750000,83269
18/04/19,3,738000,-1.86,742000,748000,734000,124519
18/04/20,4,728000,-1.36,738000,745000,726000,95897
18/04/23,0,735000,0.96,727000,738000,727000,62432
18/04/24,1,725000,-1.36,735000,735000,722000,99598
18/04/25,2,743000,2.48,726000,751000,724000,123783
18/04/26,3,725000,-2.42,732000,746000,725000,214225
18/04/27,4,716000,-1.24,725000,727000,712000,209837
18/04/30,0,716000,0.00,721000,721000,712000,79731
18/05/02,2,738000,3.07,726000,739000,724000,101865
18/05/03,3,727000,-1.49,739000,745000,726000,63328
18/05/04,4,717000,-1.38,725000,735000,717000,102357
18/05/08,1,731000,1.95,727000,738000,721000,97455
18/05/09,2,727000,-0.55,730000,740000,723000,95131
18/05/10,3,720000,-0.96,730000,735000,718000,83361
18/05/11,4,717000,-0.42,721000,729000,714000,109545
18/05/14,0,717000,0.00,720000,722000,714000,57749
18/05/15,1,711000,-0.84,714000,718000,711000,79945
18/05/16,2,700000,-1.55,712000,715000,698000,124013
18/05/17,3,697000,-0.43,700000,703000,697000,92363
18/05/18,4,688000,-1.29,697000,700000,684000,113041
18/05/21,0,682000,-0.87,686000,690000,676000,101118
18/05/23,2,684000,0.29,680000,688000,677000,86056
18/05/24,3,680000,-0.58,682000,685000,678000,44487
18/05/25,4,685000,0.74,685000,694000,682000,75755
18/05/28,0,680000,-0.73,685000,687000,679000,54086
18/05/29,1,668000,-1.76,679000,680000,667000,93537
18/05/30,2,652000,-2.40,667000,670000,648000,133965
18/05/31,3,669000,2.61,660000,671000,654000,210193
18/06/01,4,680000,1.64,674000,686000,672000,91461
18/06/04,0,673000,-1.03,681000,687000,671000,81871
18/06/05,1,674000,0.15,678000,680000,664000,67152
18/06/07,3,680000,0.89,675000,682000,674000,78181
18/06/08,4,701000,3.09,680000,708000,680000,188291
18/06/11,0,711000,1.43,701000,712000,695000,137850
18/06/12,1,717000,0.84,712000,719000,704000,124267
18/06/14,3,707000,-1.39,719000,725000,705000,158911
18/06/15,4,690000,-2.40,705000,706000,687000,140302
18/06/18,0,694000,0.58,690000,695000,686000,105859
18/06/19,1,688000,-0.86,690000,694000,688000,110322
18/06/20,2,689000,0.15,689000,692000,687000,106479
18/06/21,3,699000,1.45,685000,703000,684000,117882
18/06/22,4,723000,3.43,690000,724000,690000,160314
18/06/25,0,748000,3.46,728000,750000,727000,255266
18/06/26,1,735000,-1.74,742000,746000,730000,107528
18/06/27,2,739000,0.54,747000,748000,739000,87276
18/06/28,3,747000,1.08,738000,751000,726000,136537
18/06/29,4,763000,2.14,750000,764000,748000,155915
18/07/02,0,751000,-1.57,765000,765000,745000,107918
18/07/03,1,747000,-0.53,759000,763000,743000,86305
18/07/04,2,768000,2.81,769000,779000,760000,179939
18/07/05,3,765000,-0.39,756000,769000,756000,57319
18/07/06,4,749000,-2.09,755000,758000,746000,81867
18/07/09,0,755000,0.80,749000,779000,748000,94376
18/07/10,1,760000,0.66,757000,768000,756000,75129
18/07/11,2,769000,1.18,763000,771000,757000,86885
18/07/12,3,782000,1.69,775000,782000,764000,95967
18/07/13,4,771000,-1.41,780000,782000,765000,75970
18/07/16,0,771000,0.00,771000,773000,767000,57725
18/07/17,1,759000,-1.56,769000,769000,755000,52977
18/07/18,2,764000,0.66,762000,771000,759000,31762
18/07/19,3,765000,0.13,772000,780000,763000,50422
18/07/20,4,770000,0.65,765000,772000,755000,50449
18/07/23,0,774000,0.52,771000,777000,765000,81430
18/07/24,1,745000,-3.75,775000,776000,742000,84503
18/07/25,2,746000,0.13,759000,759000,742000,94581
18/07/26,3,751000,0.67,752000,761000,716000,224252
18/07/27,4,751000,0.00,735000,751000,733000,113819
18/07/30,0,730000,-2.80,747000,748000,726000,108666
18/07/31,1,716000,-1.92,726000,728000,712000,123684
18/08/01,2,728000,1.68,718000,728000,715000,102959
18/08/02,3,728000,0.00,728000,738000,721000,80977
18/08/03,4,731000,0.41,723000,731000,721000,106877
18/08/06,0,735000,0.55,733000,748000,731000,60607
18/08/07,1,744000,1.22,742000,754000,736000,64837
18/08/08,2,750000,0.81,742000,756000,742000,62482
18/08/09,3,779000,3.87,753000,779000,745000,133034
18/08/10,4,771000,-1.03,777000,782000,770000,69084
18/08/13,0,755000,-2.08,767000,767000,750000,83668
18/08/14,1,757000,0.26,760000,767000,754000,61603
18/08/16,3,750000,-0.92,750000,763000,745000,114099
18/08/17,4,755000,0.67,754000,768000,748000,38780
18/08/20,0,755000,0.00,764000,766000,753000,38936
18/08/21,1,747000,-1.06,754000,761000,747000,48321
18/08/22,2,747000,0.00,747000,748000,741000,47935
18/08/23,3,772000,3.35,755000,773000,752000,99084
18/08/24,4,758000,-1.81,771000,779000,755000,54260
18/08/27,0,769000,1.45,763000,775000,760000,44748
18/08/28,1,756000,-1.69,772000,772000,753000,46667
18/08/29,2,748000,-1.06,756000,760000,748000,54950
18/08/30,3,746000,-0.27,748000,757000,745000,47795
18/08/31,4,752000,0.80,747000,756000,746000,57953
18/09/03,0,754000,0.27,753000,755000,747000,31207
18/09/04,1,755000,0.13,757000,757000,749000,37456
18/09/05,2,736000,-2.52,753000,753000,727000,118285
18/09/06,3,730000,-0.82,736000,740000,727000,70491
18/09/07,4,732000,0.27,732000,735000,722000,64573
18/09/10,0,725000,-0.96,720000,732000,720000,71966
18/09/11,1,726000,0.14,723000,731000,722000,58594
18/09/12,2,730000,0.55,730000,734000,726000,58216
18/09/13,3,723000,-0.96,735000,735000,723000,102811
18/09/14,4,730000,0.97,726000,733000,724000,73168
18/09/17,0,728000,-0.27,725000,731000,723000,53951
18/09/18,1,725000,-0.41,720000,729000,720000,55452
18/09/19,2,731000,0.83,726000,734000,725000,55286
18/09/20,3,731000,0.00,722000,734000,722000,57439
18/09/21,4,725000,-0.82,741000,743000,723000,75131
18/09/27,3,713000,-1.66,715000,730000,712000,78015
18/09/28,4,716000,0.42,717000,719000,713000,97465
18/10/01,0,713000,-0.42,718000,722000,711000,42217
18/10/02,1,689000,-3.37,715000,715000,686000,148984
18/10/04,3,695000,0.87,700000,702000,685000,70697
18/10/05,4,704000,1.29,682000,716000,682000,85596
18/10/08,0,704000,0.00,704000,704000,704000,0
18/10/10,2,704000,0.00,704000,704000,704000,0
18/10/11,3,704000,0.00,704000,704000,704000,0
18/10/12,4,142000,0.71,138000,142000,132500,654013
18/10/15,0,136000,-4.23,138500,139000,135000,642772
18/10/16,1,133500,-1.84,137500,138500,130000,575704
18/10/17,2,130000,-2.62,132500,134500,129500,5304519
18/10/18,3,125000,-3.85,128000,128000,123500,880738
18/10/19,4,127500,2.00,124500,127500,124000,1114452
18/10/22,0,129000,1.18,127500,130000,125500,324730
18/10/23,1,125500,-2.71,129000,130000,123500,822259
18/10/24,2,127000,1.20,127500,129000,124500,679196
18/10/25,3,119000,-6.30,120500,121000,114000,1529110
18/10/26,4,113000,-5.04,119000,119000,110000,1544405
18/10/29,0,109500,-3.10,112500,113500,109000,649910
18/10/30,1,110500,0.91,108000,112000,104000,939865
18/10/31,2,114500,3.62,110500,115000,108500,1016429
18/11/01,3,111500,-2.62,113500,116500,110500,805655
18/11/02,4,116500,4.48,111500,118500,111500,1320415
18/11/05,0,113500,-2.58,115000,115500,111500,442640
18/11/06,1,117000,3.08,114000,117500,113500,453810
18/11/07,2,115500,-1.28,117500,119000,113500,385827
18/11/08,3,116500,0.87,118000,120000,115500,404191
18/11/09,4,115000,-1.29,115000,118000,115000,295733
18/11/12,0,115000,0.00,114500,116500,114500,260849
18/11/13,1,116000,0.87,115500,117500,114000,435937
18/11/14,2,115500,-0.43,115500,116500,114000,335405
18/11/15,3,112500,-2.60,116000,116500,111500,576671
18/11/16,4,112500,0.00,113500,114500,111500,872059
18/11/19,0,111500,-0.89,113000,114000,110500,697289
18/11/20,1,108000,-3.14,110000,112000,107000,693868
18/11/21,2,106500,-1.39,105500,107000,104500,525328
18/11/22,3,109500,2.82,107000,111500,107000,504744
18/11/23,4,114000,4.11,110000,115500,109500,691736
18/11/26,0,124000,8.77,115000,124500,114500,805023
18/11/27,1,125000,0.81,124000,129500,122500,637199
18/11/28,2,129000,3.20,128500,130500,126500,645902
18/11/29,3,130500,1.16,133000,134000,129000,559552
18/11/30,4,126500,-3.07,131000,131000,126000,801837
18/12/03,0,126000,-0.40,130500,130500,125000,486166
18/12/04,1,123500,-1.98,127500,127500,122500,512742
18/12/05,2,125000,1.21,124500,127000,123000,308805
18/12/06,3,120000,-4.00,123000,124000,119500,445309
18/12/07,4,121000,0.83,121500,123500,119500,565663
18/12/10,0,119000,-1.65,119000,121500,117500,376421
18/12/11,1,123000,3.36,120000,123500,117500,506349
18/12/12,2,124500,1.22,124000,126000,122500,490812
18/12/13,3,124000,-0.40,125500,125500,123000,972556
18/12/14,4,123500,-0.40,123500,124000,121500,259268
18/12/17,0,122000,-1.21,124000,124000,120500,294847
18/12/18,1,122000,0.00,120500,124000,120000,342972
18/12/19,2,127500,4.51,123000,128500,122500,385472
18/12/20,3,127000,-0.39,125500,128000,123500,364624
18/12/21,4,121500,-4.33,127000,127000,121000,507653
18/12/24,0,123000,1.23,122000,124500,121000,278884
18/12/26,2,119000,-3.25,121000,122000,117500,275517
18/12/27,3,122500,2.94,120500,123000,118500,371637
18/12/28,4,122000,-0.41,122500,123000,120500,322665
19/01/02,2,118000,-3.28,121000,122000,117000,356120
19/01/03,3,122000,3.39,120000,125000,119000,525020
19/01/04,4,125500,2.87,123500,126000,122500,520785
19/01/07,0,131500,4.78,128000,132500,127000,502619
19/01/08,1,130000,-1.14,132000,134000,129000,376127
19/01/09,2,133000,2.31,131000,134500,129500,381372
19/01/10,3,131000,-1.50,132000,134500,130000,293112
19/01/11,4,131000,0.00,133000,134500,130500,322925
19/01/14,0,127000,-3.05,130000,130500,125000,525411
19/01/15,1,132500,4.33,127500,132500,127500,335999
19/01/16,2,132500,0.00,132500,135000,131000,272719
19/01/17,3,136000,2.64,131500,138000,131500,407099
19/01/18,4,137500,1.10,137000,138500,136500,328761
19/01/21,0,131000,-4.73,138000,138000,131000,457161
19/01/22,1,130000,-0.76,128500,130500,126500,502285
19/01/23,2,132500,1.92,130000,134500,130000,259375
19/01/24,3,129500,-2.26,131000,132500,127500,562335
19/01/25,4,130000,0.39,127500,131000,127000,281650
19/01/28,0,132000,1.54,129500,132500,129500,283360
19/01/29,1,136000,3.03,130000,136500,130000,411369
19/01/30,2,136000,0.00,139000,139500,133000,462280
19/01/31,3,136000,0.00,138000,143500,136000,1054276
19/02/01,4,133500,-1.84,138000,140000,133000,530284
19/02/07,3,129000,-3.37,132000,134000,128500,737938
19/02/08,4,126000,-2.33,126500,129000,124500,704393
19/02/11,0,125500,-0.40,127000,128500,125000,801465
19/02/12,1,123500,-1.59,123500,124000,121500,1160217
19/02/13,2,125000,1.21,123500,126500,123500,373571
19/02/14,3,127500,2.00,125000,130500,125000,700427
19/02/15,4,127500,0.00,128500,131000,127500,420100
19/02/18,0,127000,-0.39,129500,131000,125500,533191
19/02/19,1,126500,-0.39,127000,128000,125500,218351
19/02/20,2,127000,0.40,126500,128000,125500,231753
19/02/21,3,129000,1.57,126500,130000,126500,347083
19/02/22,4,127000,-1.55,129500,129500,125000,301395
19/02/25,0,126000,-0.79,127000,128500,125500,338113
19/02/26,1,131500,4.37,126500,134000,126000,591643
19/02/27,2,129500,-1.52,132000,134000,129000,322664
19/02/28,3,133000,2.70,130500,136000,130000,584183
19/03/04,0,138000,3.76,135000,139500,134000,743644
19/03/05,1,135500,-1.81,140000,140000,135000,387063
19/03/06,2,137500,1.48,136500,139000,134500,403724
19/03/07,3,138500,0.73,139500,139500,136500,254573
19/03/08,4,133000,-3.97,135500,136000,131500,304114
19/03/11,0,133500,0.38,131500,133500,131000,151479
19/03/12,1,130500,-2.25,135000,135500,129500,367651
19/03/13,2,130500,0.00,129500,132000,128000,268047
19/03/14,3,131000,0.38,132500,133500,129000,554454
19/03/15,4,130500,-0.38,131000,132000,129500,907507
19/03/18,0,132000,1.15,131500,133500,131000,248810
19/03/19,1,130500,-1.14,132000,132500,130000,200830
19/03/20,2,128500,-1.53,130000,131000,126500,371499
19/03/21,3,128000,-0.39,128500,131000,127000,399492
19/03/22,4,127000,-0.78,127000,129500,126000,379311
19/03/25,0,126000,-0.79,126000,128000,125000,279179
19/03/26,1,126500,0.40,125500,127000,125000,452377
19/03/27,2,123000,-2.77,126000,126000,122000,429156
19/03/28,3,122000,-0.81,122500,123000,120500,449545
19/03/29,4,124000,1.64,121500,124500,121500,421477
19/04/01,0,124000,0.00,124000,125500,123500,367014
19/04/02,1,124500,0.40,124500,125500,123500,471744
19/04/03,2,122000,-2.01,123000,123500,121000,958364
19/04/04,3,122500,0.41,122500,123500,121500,361821
19/04/05,4,123000,0.41,122500,123500,122000,365838
19/04/08,0,121500,-1.22,122500,123000,121000,393376
19/04/09,1,121500,0.00,121500,122500,121000,423498
19/04/10,2,122000,0.41,121500,122500,121000,459206
19/04/11,3,121500,-0.41,121500,123000,121000,615217
19/04/12,4,119500,-1.65,121500,122000,119500,953216
19/04/15,0,119500,0.00,119000,120000,118000,596131
19/04/16,1,119500,0.00,119500,120500,119000,973625
19/04/17,2,119500,0.00,120000,120000,119000,639441
19/04/18,3,118000,-1.26,119000,120000,117000,776721
19/04/19,4,118000,0.00,119000,119000,117500,247009
19/04/22,0,118000,0.00,118000,119500,117500,531346
19/04/23,1,120500,2.12,119000,121000,119000,815629
19/04/24,2,121000,0.41,122000,122500,119500,906235
19/04/25,3,120500,-0.41,122000,122000,120000,720472
19/04/26,4,118000,-2.07,120000,120500,117500,544042
19/04/29,0,120000,1.69,118500,120000,117000,429353
19/04/30,1,119500,-0.42,119000,120000,117500,569162
19/05/02,3,122000,2.09,119000,124000,118500,691901
19/05/03,4,124000,1.64,122000,124500,121500,705503
19/05/07,1,124000,0.00,122000,125500,121500,696627
19/05/08,2,123500,-0.40,122000,124000,122000,317483
19/05/09,3,119000,-3.64,122500,124000,119000,799208
19/05/10,4,122500,2.94,120500,123000,120000,474352
19/05/13,0,122500,0.00,121500,124000,121500,343827
19/05/14,1,122000,-0.41,121000,123500,119500,532037
19/05/15,2,120000,-1.64,121500,123000,120000,460936
19/05/16,3,119000,-0.83,120500,121000,118000,484468
19/05/17,4,121000,1.68,120000,123500,118500,439545
19/05/20,0,118500,-2.07,121500,121500,118000,449916
19/05/21,1,113000,-4.64,117500,119500,113500,567069
19/05/23,3,113000,0.00,112500,114000,110000,545497
19/05/24,4,113500,0.44,113000,115000,112500,408081
19/05/27,0,110500,-2.64,112500,113000,109500,369902
19/05/28,1,108500,-1.81,109500,112500,108500,1490526
19/05/29,2,109500,0.92,109000,111000,108500,515196
19/05/30,3,112000,2.28,110000,114000,109500,378379
19/05/31,4,111500,-0.45,111500,112500,110000,310649
19/06/03,0,115000,3.14,113000,115000,112000,391824
19/06/04,1,111000,-3.48,114000,114500,110500,531826
19/06/05,2,110500,-0.45,112000,112500,109500,471689
19/06/07,4,111000,0.45,110000,112000,110000,386800
19/06/10,0,114000,2.70,111500,114500,111000,464590
19/06/11,1,113000,-0.88,114000,114500,112500,423258
19/06/12,2,114000,0.88,112000,114500,112000,354664
19/06/13,3,113000,-0.88,114500,115500,112000,551067
19/06/14,4,111500,-1.33,112000,113000,110500,553083
19/06/17,0,110500,-0.90,111500,111500,110000,475346
19/06/18,1,109000,-1.36,109500,110000,106500,791946
19/06/19,2,110000,0.92,110000,110000,107000,483689
19/06/20,3,111500,1.36,110000,112000,109000,282163
19/06/21,4,113000,1.35,112500,115000,111500,555965
19/06/24,0,113500,0.44,113000,113500,112000,254210
19/06/25,1,114500,0.88,114000,116000,113000,473961
19/06/26,2,115500,0.87,114500,116500,114000,300077
19/06/27,3,115000,-0.43,115500,116000,113000,375582
19/06/28,4,114000,-0.87,114500,115500,112500,267404
19/07/01,0,114500,0.44,114500,115500,114000,306736
19/07/02,1,115000,0.44,114000,115500,112000,273980
19/07/03,2,117500,2.17,116000,118500,115000,408701
19/07/04,3,118000,0.43,116000,119500,116000,355658
19/07/05,4,121000,2.54,118500,121500,118500,409700
19/07/08,0,118500,-2.07,120500,121000,118000,306897
19/07/09,1,115500,-2.53,118000,120000,115000,460058
19/07/10,2,115500,0.00,116500,119000,115500,267438
19/07/11,3,117000,1.30,115500,118000,115500,293389
19/07/12,4,117000,0.00,117000,118500,116500,160685
19/07/15,0,118000,0.85,118000,120000,116500,263893
19/07/16,1,120000,1.69,119000,120500,117500,391260
19/07/17,2,119000,-0.83,120000,120000,118000,205316
19/07/18,3,120500,1.26,118500,122000,118500,267715
19/07/19,4,122500,1.66,121000,123000,121000,445122
19/07/22,0,121000,-1.22,122000,122500,120500,346897
19/07/23,1,122500,1.24,122500,123000,122000,358255
19/07/24,2,123500,0.82,122500,124500,122500,606769
19/07/25,3,134000,8.50,125500,134500,125000,1635774
19/07/26,4,141000,5.22,137500,142000,136500,1440686
19/07/29,0,138500,-1.77,139500,141000,137000,583629
19/07/30,1,138500,0.00,140000,140500,136500,364674
19/07/31,2,138000,-0.36,139000,139500,136000,361525
19/08/01,3,140500,1.81,139500,141500,138500,460049
19/08/02,4,142000,1.07,139000,142500,138500,484009
19/08/05,0,138000,-2.82,141000,142000,135500,733982
19/08/06,1,138500,0.36,134000,140000,132000,610095
19/08/07,2,137500,-0.72,139000,139500,136000,336416
19/08/08,3,140000,1.82,139500,142000,136500,496443
19/08/09,4,142500,1.79,142000,145000,140500,368133
19/08/12,0,140500,-1.40,142500,144500,140500,217292
19/08/13,1,142500,1.42,139000,144500,138500,352863
19/08/14,2,139000,-2.46,142500,143000,138500,433070
19/08/16,4,139500,0.36,138500,140500,137500,351686
19/08/19,0,139000,-0.36,139000,141000,138000,487500
19/08/20,1,145500,4.68,139000,145500,139000,556246
19/08/21,2,147500,1.37,144500,148500,142500,514109
19/08/22,3,148000,0.34,148000,150500,147500,499537
19/08/23,4,148500,0.34,149000,149000,145500,491690
19/08/26,0,143500,-3.37,145500,147000,143000,423695
19/08/27,1,146500,2.09,144000,147500,141500,904199
19/08/28,2,146500,0.00,146500,147500,144500,309159
19/08/29,3,145000,-1.02,146500,146500,143500,408164
19/08/30,4,146500,1.03,146000,149000,144500,424498
19/09/02,0,150000,2.39,156000,156000,147500,371788
19/09/03,1,150500,0.33,151500,151500,149000,308863
19/09/04,2,151000,0.33,149500,151000,149000,351494
19/09/05,3,147000,-2.65,150000,151000,145000,548033
19/09/06,4,149500,1.70,146000,150000,145500,223250
19/09/09,0,153000,2.34,149500,154000,148500,464232
19/09/10,1,150500,-1.63,153000,153000,150000,297053
19/09/11,2,153500,1.99,150500,154000,150000,738431
19/09/16,0,154500,0.65,154500,156500,153500,449618
19/09/17,1,155000,0.32,153000,155500,153000,304106
19/09/18,2,159000,2.58,156000,159500,155500,465208
19/09/19,3,157500,-0.94,157000,158000,156000,377446
19/09/20,4,157000,-0.32,156000,158000,156000,390181
19/09/23,0,157000,0.00,157500,158000,155500,204570
19/09/24,1,158000,0.64,157000,158500,155500,195994
19/09/25,2,158000,0.00,155500,159000,155500,274586
19/09/26,3,158000,0.00,157500,159000,156500,313084
19/09/27,4,156000,-1.27,158500,158500,154500,241249
19/09/30,0,157000,0.64,155000,157500,154500,313910
19/10/01,1,160000,1.91,157500,160000,157000,260668
19/10/02,2,157000,-1.88,159000,160000,156500,203708
19/10/04,4,150500,-4.14,155500,159000,148500,602642
19/10/07,0,153000,1.66,150500,153500,150000,387749
19/10/08,1,153500,0.33,154500,154500,151500,250805
19/10/10,3,153500,0.00,151500,155500,150500,404228
19/10/11,4,156000,1.63,156500,157000,153500,216730
19/10/14,0,156000,0.00,156000,156500,153500,246407
19/10/15,1,151500,-2.88,156500,156500,150500,297569
19/10/16,2,154500,1.98,151500,155000,151000,280882
19/10/17,3,153000,-0.97,155000,156500,152000,280276
19/10/18,4,150500,-1.63,151500,153500,150000,245740
19/10/21,0,152000,1.00,151500,153500,149000,245735
19/10/22,1,154000,1.32,150500,154500,150500,360102
19/10/23,2,152500,-0.97,152000,153500,151500,226744
19/10/24,3,153000,0.33,151500,153000,150500,224666
19/10/25,4,152500,-0.33,151000,153500,151000,162510
19/10/28,0,157000,2.95,152500,158000,152500,335238
19/10/29,1,153000,-2.55,157500,158000,152000,321007
19/10/30,2,154500,0.98,152000,154500,151500,290658
19/10/31,3,164000,6.15,159000,167000,157500,1409619
19/11/01,4,167000,1.83,166000,168500,164000,720358
19/11/04,0,164500,-1.50,165500,167000,162000,455199
19/11/05,1,161500,-1.82,164000,164500,159500,662116
19/11/06,2,161500,0.00,161500,164000,160500,332755
19/11/07,3,165500,2.48,162000,166500,161000,390866
19/11/08,4,163500,-1.21,165000,165000,162000,306968
19/11/11,0,163000,-0.31,163500,165000,162500,231149
19/11/12,1,162000,-0.61,164000,164000,160000,236652
19/11/13,2,158000,-2.47,158500,159000,156000,500221
19/11/14,3,180000,13.92,170000,180000,169500,2042648
19/11/15,4,173500,-3.61,177000,179000,173000,886846
19/11/18,0,178500,2.88,177500,181500,172500,876975
19/11/19,1,170500,-4.48,174500,176000,169500,1055749
19/11/20,2,169500,-0.59,170500,174000,168000,602206
19/11/21,3,170000,0.29,169000,172500,168000,543754
19/11/22,4,167500,-1.47,169500,171000,165500,481529
19/11/25,0,174000,3.88,168000,174500,167000,490795
19/11/26,1,173000,-0.57,173500,175500,171500,774461
19/11/27,2,172500,-0.29,175000,175500,172000,299949
19/11/28,3,173000,0.29,172500,174500,170000,252885
19/11/29,4,172000,-0.58,173000,173500,168500,349615
19/12/02,0,171500,-0.29,172500,175000,170000,275601
19/12/03,1,172000,0.29,170500,173500,168500,245675
19/12/04,2,174500,1.45,172000,175500,171000,228851
19/12/05,3,170500,-2.29,173000,174000,170000,271499
19/12/06,4,174000,2.05,172000,174500,170500,208849
19/12/09,0,175000,0.57,174000,175500,173000,271990
19/12/10,1,174500,-0.29,174500,175500,173000,215711
19/12/11,2,174000,-0.29,175000,175500,173500,200711
19/12/12,3,175500,0.86,174500,176500,173000,609714
19/12/13,4,175500,0.00,177500,177500,173000,317833
19/12/16,0,179500,2.28,175000,180000,174000,335819
19/12/17,1,180500,0.56,180000,181000,178000,370752
19/12/18,2,178500,-1.11,180000,180000,175000,310567
19/12/19,3,179000,0.28,175000,179500,175000,296857
19/12/20,4,183500,2.51,180000,187000,179500,560761
19/12/23,0,184000,0.27,185000,185500,182000,250256
19/12/24,1,182000,-1.09,184000,184000,179000,193440
19/12/26,3,180500,-0.82,181500,183000,179000,173426
19/12/27,4,183500,1.66,182000,185000,179000,323473
19/12/30,0,186500,1.63,183500,190000,183500,376541
20/01/02,3,182500,-2.14,187500,188000,182000,300640
20/01/03,4,181500,-0.55,185000,186000,180500,454492
20/01/06,0,180500,-0.55,180000,182000,178000,287970
20/01/07,1,187000,3.60,182500,187000,181500,328624
20/01/08,2,183000,-2.14,182000,183500,179000,820867
20/01/09,3,186000,1.64,183500,186500,183500,531355
20/01/10,4,188000,1.08,185000,188000,184000,398739
20/01/13,0,188000,0.00,187500,188500,186000,337749
20/01/14,1,190500,1.33,188000,194500,188000,501286
20/01/15,2,191500,0.52,189500,192000,188500,323778
20/01/16,3,191500,0.00,190000,192500,189000,245107
20/01/17,4,191000,-0.26,190500,192500,189500,286019
20/01/20,0,187500,-1.83,190000,190500,187000,454733
20/01/21,1,182000,-2.93,187500,189500,181000,547678
20/01/22,2,186000,2.20,185000,190000,184500,429852
20/01/23,3,183000,-1.61,185000,185500,181500,375929
20/01/28,1,178500,-2.46,182000,184500,178000,476253
20/01/29,2,180000,0.84,183000,183500,180000,434897
20/01/30,3,180000,0.00,179500,183000,175000,772160
20/01/31,4,179500,-0.28,180000,180500,177500,537062
20/02/03,0,177500,-1.11,178000,180500,176000,485913
20/02/04,1,180500,1.69,177500,181500,175000,563463
20/02/05,2,181500,0.55,181000,183500,178500,653809
20/02/06,3,181500,0.00,182500,183500,180500,659850
20/02/07,4,185000,1.93,181500,188500,181000,728633
20/02/10,0,183500,-0.81,182500,184000,180500,433051
20/02/11,1,184500,0.54,183500,185000,183000,400386
20/02/12,2,185000,0.27,183000,185000,181500,351892
20/02/13,3,184500,-0.27,184000,185000,183000,555923
20/02/14,4,186500,1.08,184000,187500,184000,659429
20/02/17,0,188500,1.07,184500,189000,184500,312407
20/02/18,1,186500,-1.06,186500,188500,185500,345642
20/02/19,2,189500,1.61,188000,191000,185000,560743
20/02/20,3,190000,0.26,189500,191500,187500,427402
20/02/21,4,189500,-0.26,187500,191000,187000,434019
20/02/24,0,184000,-2.90,185500,187500,183500,567036
20/02/25,1,190500,3.53,184000,191000,183500,704859
20/02/26,2,187000,-1.84,189500,190000,186500,494066
20/02/27,3,182000,-2.67,185000,187000,179000,535696
20/02/28,4,174000,-4.40,179000,180000,172000,830654
20/03/02,0,175000,0.57,175000,177000,172500,659376
20/03/03,1,175000,0.00,179000,180000,174000,544379
20/03/04,2,178500,2.00,174500,179500,173000,450252
20/03/05,3,181000,1.40,180500,181000,178500,483840
20/03/06,4,179500,-0.83,179500,181000,177500,293897
20/03/09,0,168000,-6.41,174500,174500,167500,668089
20/03/10,1,172000,2.38,168000,176000,165000,666532
20/03/11,2,170000,-1.16,172000,174000,167500,483822
20/03/12,3,166500,-2.06,170000,170000,161000,980814
20/03/13,4,166000,-0.30,151000,168000,149500,1242510
20/03/16,0,155000,-6.63,166000,166500,155000,812823
20/03/17,1,151000,-2.58,147500,155500,147000,979243
20/03/18,2,146000,-3.31,152500,156000,146000,666723
20/03/19,3,144000,-1.37,150000,151500,135000,1154230
20/03/20,4,154000,6.94,147500,156500,146000,997895
20/03/23,0,143000,-7.14,141500,149500,140000,1033851
20/03/24,1,156000,9.09,151500,157000,148000,960786
20/03/25,2,156000,0.00,160500,163000,152000,1039579
20/03/26,3,152500,-2.24,156000,158000,149500,988725
20/03/27,4,164000,7.54,161500,164500,158500,1217815
20/03/30,0,162500,-0.91,160000,165000,159000,630830
20/03/31,1,170000,4.62,163500,171000,163500,858165
20/04/01,2,163000,-4.12,166500,171000,163000,720283
20/04/02,3,173500,6.44,166500,175000,164500,1086863
20/04/03,4,172000,-0.86,170000,172500,168000,663454
20/04/06,0,173000,0.58,173500,176000,170500,655547
20/04/07,1,169500,-2.02,174000,174500,167500,873091
20/04/08,2,166500,-1.77,169000,169500,166500,588577
20/04/09,3,167500,0.60,168500,169000,165000,682921
20/04/10,4,166500,-0.60,166000,167000,164000,483720
20/04/13,0,166000,-0.30,164500,168000,162500,413768
20/04/14,1,168500,1.51,168000,170000,166500,520725
20/04/16,3,170500,1.19,168000,172500,167500,841066
20/04/17,4,179000,4.99,175500,180000,173500,900031
20/04/20,0,180000,0.56,181000,182000,179000,663723
20/04/21,1,178500,-0.83,180500,181500,173500,759150
20/04/22,2,182000,1.96,175000,182500,173000,611589
20/04/23,3,190000,4.40,190000,196000,186500,1521478
20/04/24,4,192500,1.32,189000,197500,189000,928695
20/04/27,0,197500,2.60,193000,200000,192500,927347
20/04/28,1,198000,0.25,197500,198000,194500,433549
20/04/29,2,197500,-0.25,199500,200000,196500,676743
20/05/04,0,199000,0.76,198500,203000,193500,1104027
20/05/06,2,212000,6.53,201500,212500,200500,992225
20/05/07,3,215500,1.65,211500,220000,210500,984024
20/05/08,4,214000,-0.70,216000,218500,212000,732394
20/05/11,0,214500,0.23,214500,221000,214000,599328
20/05/12,1,219500,2.33,218000,226500,215000,1056584
20/05/13,2,218500,-0.46,217500,222500,213500,1014692
20/05/14,3,219000,0.23,214500,222000,214500,866427
20/05/15,4,213000,-2.74,219000,219500,209500,1050469
20/05/18,0,215000,0.94,215000,218000,211500,638906
20/05/19,1,213500,-0.70,215000,216500,210500,917603
20/05/20,2,222000,3.98,215500,225500,215000,977544
20/05/21,3,225000,1.35,227500,233500,222500,1004395
20/05/22,4,230500,2.44,227000,232500,222500,1108281
20/05/25,0,241000,4.56,234500,241000,234000,1015069
20/05/26,1,239000,-0.83,244000,246000,230000,1568016
20/05/27,2,228500,-4.39,231000,234500,226500,1351505
20/05/28,3,240500,5.25,226000,241000,222000,1625154
20/05/29,4,226000,-6.03,240000,243000,226000,3114298
20/06/01,0,237000,4.87,233500,237000,230000,1140644
20/06/02,1,234000,-1.27,235000,236000,232000,689584
20/06/03,2,225500,-3.63,235000,235500,225000,1476614
20/06/04,3,232500,3.10,228000,235000,227000,1052789
20/06/05,4,231000,-0.65,229000,231000,225000,1061922
20/06/08,0,240500,4.11,234500,242000,231000,1624752
20/06/09,1,237500,-1.25,240000,243000,235500,934440
20/06/10,2,244000,2.74,241000,247500,240000,1431071
20/06/11,3,240500,-1.43,244000,249000,239000,1423978
20/06/12,4,242000,0.62,229000,242500,228500,1318334
20/06/15,0,231500,-4.34,240000,244500,230500,1311773
20/06/16,1,243500,5.18,239000,243500,236000,1155474
20/06/17,2,251000,3.08,244000,252000,243500,1357900
20/06/18,3,247500,-1.39,251500,254000,247000,744330
20/06/19,4,249500,0.81,250000,250000,244000,919945
20/06/22,0,270000,8.22,249500,271500,247500,1841479
20/06/23,1,276000,2.22,272000,289000,270500,2104075
20/06/24,2,279000,1.09,273500,279500,270500,995065
20/06/25,3,269500,-3.41,273500,276500,269500,1196267
20/06/26,4,269000,-0.19,274500,275000,263000,937593
20/06/29,0,264000,-1.86,265000,270500,261000,814814
20/06/30,1,267000,1.14,268000,270500,263000,862860
20/07/01,2,269000,0.75,270000,275000,266000,655711
20/07/02,3,277000,2.97,274000,277000,271000,1015829
20/07/03,4,277500,0.18,276500,280500,274500,971940
20/07/06,0,281500,1.44,278000,287500,278000,1211636
20/07/07,1,279500,-0.71,285000,289500,279000,1365047
20/07/08,2,282500,1.07,280000,284500,274000,1353345
20/07/09,3,287500,1.77,286500,296500,284500,2006662
20/07/10,4,299000,4.00,291500,308500,290000,2120904
20/07/13,0,297000,-0.67,303500,303500,288000,1254800
20/07/14,1,287000,-3.37,290000,291000,285000,1360849
20/07/15,2,286500,-0.17,290500,293000,280500,1276196
20/07/16,3,273000,-4.71,283000,285000,272000,1338814
20/07/17,4,276000,1.10,270000,279500,266000,926932
20/07/20,0,263000,-4.71,276500,278000,260500,1556415
20/07/21,1,270000,2.66,273000,273500,269000,1179638
20/07/22,2,270000,0.00,264000,272500,261500,905784
20/07/23,3,284000,5.19,272000,284000,271000,1396607
20/07/24,4,281000,-1.06,281000,290500,278500,1233584
20/07/27,0,284500,1.25,281000,287500,276500,691075
20/07/28,1,288000,1.23,289500,292000,284000,978238
20/07/29,2,292000,1.39,286000,292000,283000,964066
20/07/30,3,294000,0.68,296000,297500,291000,1150474
20/07/31,4,301000,2.38,299000,303000,296500,1567503
20/08/03,0,314500,4.49,301500,314500,299000,1341104
20/08/04,1,311000,-1.11,317500,322000,307500,1330818
20/08/05,2,313500,0.80,312000,314500,306500,809939
20/08/06,3,322000,2.71,313000,322000,310500,1032045
20/08/07,4,314000,-2.48,324500,325500,312000,1063254
20/08/10,0,313500,-0.16,308500,314500,303500,968592
20/08/11,1,311500,-0.64,311000,314500,307500,665863
20/08/12,2,305000,-2.09,308000,311000,303500,856711
20/08/13,3,307000,0.66,310000,311500,304000,1406370
20/08/14,4,305000,-0.65,305000,308500,303000,608156
20/08/18,1,307500,0.82,307500,317500,305000,1494966
20/08/19,2,315000,2.44,311500,316000,305500,941038
20/08/20,3,305500,-3.02,315000,319000,302500,1186809
20/08/21,4,312500,2.29,311500,314500,308000,781961
20/08/24,0,320000,2.40,313000,320000,310000,783392
20/08/25,1,325000,1.56,323000,325000,317000,897649
20/08/26,2,334000,2.77,321500,338500,321000,1155853
20/08/27,3,337000,0.90,337000,347000,336500,1232239
20/08/28,4,333000,-1.19,337000,338500,329500,969408
20/08/31,0,322500,-3.15,336500,340000,322000,1528978
20/09/01,1,324500,0.62,322500,329500,322000,691864
20/09/02,2,332500,2.47,332500,335500,327000,808064
20/09/03,3,339000,1.95,333500,339500,329500,776547
20/09/04,4,328500,-3.10,322500,335000,322000,1174337
20/09/07,0,314500,-4.26,325500,325500,313500,1308247
20/09/08,1,311000,-1.11,316000,318000,305500,989171
20/09/09,2,304500,-2.09,303000,307000,300000,925825
20/09/10,3,307500,0.99,309000,311000,305000,834946
20/09/11,4,306000,-0.49,302500,307000,301000,517023
20/09/14,0,303000,-0.98,307500,308000,300000,608816
20/09/15,1,312000,2.97,304000,314000,303000,797985
20/09/16,2,307000,-1.60,311500,312000,306000,696219
20/09/17,3,300500,-2.12,302500,304000,299000,823516
20/09/18,4,298000,-0.83,299500,302000,296000,750488
20/09/21,0,292000,-2.01,297000,301500,292000,656024
20/09/22,1,284500,-2.57,290500,295000,282000,864846
20/09/23,2,296500,4.22,290000,298000,285500,984136
20/09/24,3,294000,-0.84,291500,295500,287000,848971
20/09/25,4,295000,0.34,296000,297500,289500,648182
20/09/28,0,298500,1.19,297000,302000,296000,724465
20/09/29,1,296500,-0.67,303000,303000,294000,765489
20/10/05,0,298500,0.67,297500,299000,289500,906516
20/10/06,1,305000,2.18,299500,307500,296500,868540
20/10/07,2,305000,0.00,302000,305000,299500,534644
20/10/08,3,301000,-1.31,307500,307500,300000,756735
20/10/12,0,292000,-2.99,303000,303000,291500,914860
20/10/13,1,295000,1.03,292000,298000,292000,636487
20/10/14,2,298500,1.19,295000,301000,293000,759464
20/10/15,3,292500,-2.01,300500,300500,291000,624097
20/10/16,4,293500,0.34,292500,297500,291500,446832
20/10/19,0,286000,-2.56,293500,296500,286000,434420
20/10/20,1,290000,1.40,286500,291000,281000,535870
20/10/21,2,297500,2.59,292500,301000,291000,640501
20/10/22,3,293000,-1.51,295000,296000,292000,416425
20/10/23,4,286500,-2.22,295500,295500,286000,451654
20/10/26,0,281500,-1.75,286500,289000,281500,349163
20/10/27,1,283500,0.71,281500,288500,280500,2071432
20/10/28,2,298500,5.29,282000,298500,281500,698195
20/10/29,3,298500,0.00,297000,301000,294500,785050
20/10/30,4,290000,-2.85,299000,300000,290000,939833
20/11/02,0,285500,-1.55,292000,293000,285500,503831
20/11/03,1,283000,-0.88,284000,287000,280000,1066923
20/11/04,2,298500,5.48,282500,300500,282000,1623712
20/11/05,3,299000,0.17,295000,302000,291500,1082388
20/11/06,4,301000,0.67,303000,307000,299000,968971
20/11/09,0,298000,-1.00,304000,304500,298000,678531
20/11/10,1,283000,-5.03,287000,288000,282000,1728995
20/11/11,2,280000,-1.06,281000,283000,277500,1183499
20/11/12,3,279000,-0.36,283000,285500,279000,1016673
20/11/13,4,281000,0.72,277500,282000,277500,710865
20/11/16,0,278000,-1.07,282500,283000,277500,887878
20/11/17,1,275000,-1.08,277500,278000,273500,816320
20/11/18,2,281000,2.18,274500,283500,274000,912899
20/11/19,3,280500,-0.18,282500,284000,279500,520114
20/11/20,4,281000,0.18,281500,283500,278500,439077
20/11/23,0,281500,0.18,282000,282500,278500,565213
20/11/24,1,282500,0.36,281500,287000,280000,809745
20/11/25,2,278500,-1.42,287000,287000,278500,909937
20/11/26,3,285500,2.51,280000,285500,280000,797094
20/11/27,4,284500,-0.35,287000,287500,283000,417510
20/11/30,0,277500,-2.46,286000,286500,277500,1176272
20/12/01,1,285500,2.88,282000,286000,280000,709278
20/12/02,2,283500,-0.70,287000,287000,282000,601596
20/12/03,3,287000,1.23,285000,287000,283500,740985
20/12/04,4,294000,2.44,287500,295500,284500,1174932
20/12/07,0,289500,-1.53,300000,300500,288000,821860
20/12/08,1,285000,-1.55,291500,291500,285000,566981
20/12/09,2,288000,1.05,285500,289000,285000,533304
20/12/10,3,286000,-0.69,288000,290000,284500,959427
20/12/11,4,290000,1.40,288000,291500,287500,503588
20/12/14,0,286000,-1.38,292500,294000,286000,555272
20/12/15,1,283000,-1.05,286500,287500,282500,491995
20/12/16,2,285500,0.88,286500,287000,283000,381896
20/12/17,3,285000,-0.18,286000,287000,282000,522344
20/12/18,4,282500,-0.88,284000,285500,282000,487305
20/12/21,0,284000,0.53,284000,285500,280000,473545
20/12/22,1,284000,0.00,285000,293500,284000,750095
20/12/23,2,284000,0.00,288500,289000,283000,508019
20/12/24,3,282000,-0.70,284500,284500,280000,453095
20/12/28,0,281000,-0.35,282000,282500,280000,537848
20/12/29,1,283000,0.71,281500,285000,280500,506090
20/12/30,2,292500,3.36,285000,293000,284000,1190327
21/01/04,0,293000,0.17,291500,294000,285500,947178
21/01/05,1,292500,-0.17,291500,292000,286500,912657
21/01/06,2,290000,-0.85,292500,300500,289500,1375856
21/01/07,3,289500,-0.17,288500,292000,286500,1155734
21/01/08,4,312000,7.77,293500,312000,290000,3175396
21/01/11,0,309000,-0.96,320000,323500,301000,2765169
21/01/12,1,304000,-1.62,305000,308500,292500,1573299
21/01/13,2,314000,3.29,306000,317500,304000,1894304
21/01/14,3,318000,1.27,318500,326000,314000,1548585
21/01/15,4,306000,-3.77,320500,323000,305500,1106810
21/01/18,0,300500,-1.80,304500,308500,300000,864969
21/01/19,1,308000,2.50,303500,310500,299500,880238
21/01/20,2,308000,0.00,313500,313500,302000,885472
21/01/21,3,322500,4.71,316500,326000,316000,1941446
21/01/22,4,343500,6.51,332000,350000,326000,3303950
21/01/25,0,349000,1.60,349000,353000,340000,1593848
21/01/26,1,342000,-2.01,350500,351000,338000,1247284
21/01/27,2,341500,-0.15,347000,352000,339500,1149246
21/01/28,3,355000,3.95,336000,366000,335000,2285696
21/01/29,4,343000,-3.38,362000,362000,340500,1607894
21/02/01,0,348000,1.46,346500,352500,341500,988630
21/02/02,1,362500,4.17,358000,373000,353000,1951062
21/02/03,2,370500,2.21,366500,371000,361000,1197680
21/02/04,3,358000,-3.37,368000,368500,356000,1160116
21/02/05,4,362500,1.26,363500,371500,356500,982325
21/02/08,0,357500,-1.38,361500,364500,357000,712484
21/02/09,1,358500,0.28,359500,362000,355000,667655
21/02/10,2,366500,2.23,365000,368500,359000,1147417
21/02/15,0,385500,5.18,383500,388000,378000,1172475
21/02/16,1,394000,2.20,391500,405000,390000,1567108
21/02/17,2,392000,-0.51,396500,396500,386000,1161595
21/02/18,3,388000,-1.02,391500,400000,386500,1020222
21/02/19,4,398000,2.58,387000,398500,385500,1047043
21/02/22,0,386500,-2.89,400000,405500,384500,1289395
21/02/23,1,390500,1.03,379000,394500,378500,1017577
21/02/24,2,374000,-4.23,389500,391500,374000,1078485
21/02/25,3,383000,2.41,380500,384500,374500,757476
21/02/26,4,375000,-2.09,372000,378500,368500,1170208
21/03/02,1,377500,0.67,389000,390000,375500,1240322
21/03/03,2,399500,5.83,379000,399500,377500,1287551
21/03/04,3,391500,-2.00,392000,401000,389000,1585134
21/03/05,4,377500,-3.58,386000,386500,371000,1594386
21/03/08,0,368500,-2.38,382000,386000,366500,1031748
21/03/09,1,361500,-1.90,366500,371500,350000,1313900
21/03/10,2,372000,2.90,373000,378000,368000,946917
21/03/11,3,373500,0.40,372500,377500,366000,1024741
21/03/12,4,380500,1.87,396000,396000,378500,969276
21/03/15,0,383000,0.66,382000,385500,377500,609496
21/03/16,1,385500,0.65,384500,389500,384000,574082
21/03/17,2,383500,-0.52,388000,391500,380500,1200355
21/03/18,3,403500,5.22,388500,410000,386500,1818409
21/03/19,4,402000,-0.37,397000,407500,395000,1258199
21/03/22,0,396500,-1.37,402500,405500,393000,911358
21/03/23,1,386000,-2.65,397000,399000,384000,1167110
21/03/24,2,387000,0.26,380000,387000,376000,763754
21/03/25,3,380000,-1.81,381500,384000,378000,672585
21/03/26,4,383000,0.79,380000,383000,377000,691786
21/03/29,0,372000,-2.87,383500,384000,372000,878014
21/03/30,1,376500,1.21,373500,381000,373500,623997
21/03/31,2,377000,0.13,379500,383000,377000,568103
21/04/01,3,378500,0.40,375500,379000,372000,547402
21/04/02,4,379500,0.26,381500,382500,378000,476668
21/04/05,0,377000,-0.66,379500,380000,374500,421508
21/04/06,1,388500,3.05,378500,391000,378000,997518
21/04/07,2,384500,-1.03,390500,391000,381500,578490
21/04/08,3,381500,-0.78,384500,387000,380000,626575
21/04/09,4,383500,0.52,382000,385000,381500,469100
21/04/12,0,385500,0.52,384500,393000,383000,680329
21/04/13,1,388500,0.78,384000,389000,382000,586643
21/04/14,2,391500,0.77,391500,398000,390000,757969
21/04/15,3,391000,-0.13,391500,398500,386500,889538
21/04/16,4,391500,0.13,394500,395000,391000,423962
21/04/19,0,390000,-0.38,391500,393500,388500,449064
21/04/20,1,391000,0.26,389000,391500,387500,417892
21/04/21,2,380500,-2.69,389000,389000,380500,835828
21/04/22,3,380500,0.00,382000,384500,380000,394350
21/04/23,4,378000,-0.66,377500,379500,374000,505140
21/04/26,0,377500,-0.13,376500,379000,374500,484369
21/04/27,1,380000,0.66,378000,381500,376000,392509
21/04/28,2,373500,-1.71,381500,382000,373000,485971
21/04/29,3,366500,-1.87,373500,377500,366000,743106
21/04/30,4,359500,-1.91,366000,366000,353500,1028215
21/05/03,0,363000,0.97,366000,370500,360500,507361
21/05/04,1,364500,0.41,366000,367000,360500,398383
21/05/06,3,361500,-0.82,360500,364500,359500,632873
21/05/07,4,361000,-0.14,360500,364000,360000,446152
21/05/10,0,362000,0.28,362500,364000,360000,572111
21/05/11,1,349000,-3.59,356500,358000,347500,2373361
21/05/12,2,343000,-1.72,349500,350500,340500,1120816
21/05/13,3,337500,-1.60,337500,341500,334500,992326
21/05/14,4,342500,1.48,338000,344500,337500,460390
21/05/17,0,344000,0.44,345500,349000,341000,453316
21/05/18,1,349500,1.60,347000,349500,345000,445015
21/05/20,3,351000,0.43,351500,355000,348500,561151
21/05/21,4,360000,2.56,355000,360000,353500,618431
21/05/24,0,355500,-1.25,356500,358500,353000,361765
21/05/25,1,358000,0.70,355500,358000,352500,433413
21/05/26,2,363000,1.40,359500,366500,359500,543316
21/05/27,3,358000,-1.38,363000,363500,353500,963669
21/05/28,4,358000,0.00,361500,361500,355500,439112
21/05/31,0,362500,1.26,359500,364000,357000,397118
21/06/01,1,367000,1.24,362500,368500,362500,404110
21/06/02,2,363000,-1.09,367000,369000,362000,397044
21/06/03,3,362000,-0.28,362500,365000,361000,292257
21/06/04,4,357000,-1.38,360500,360500,355000,433146
21/06/07,0,362500,1.54,358500,364000,357000,393697
21/06/08,1,362500,0.00,361500,365500,361500,370929
21/06/09,2,358500,-1.10,360500,363500,358500,361808
21/06/10,3,373500,4.18,365000,377000,361500,1502316
21/06/11,4,372500,-0.27,378000,378500,367500,658403
21/06/14,0,387000,3.89,377500,388000,375500,1208589
21/06/15,1,387000,0.00,387000,389000,381500,625594
21/06/16,2,391000,1.03,384500,395000,383000,836281
21/06/17,3,389500,-0.38,389500,394500,385000,670522
21/06/18,4,398000,2.18,391500,400500,391000,1268656
21/06/21,0,397000,-0.25,398000,402000,392000,809114
21/06/22,1,391000,-1.51,400000,400500,391000,702840
21/06/23,2,423500,8.31,393000,427000,392500,2721355
21/06/24,3,419500,-0.94,430000,436000,413000,2143286
21/06/25,4,410000,-2.26,420000,420000,405000,1382051
21/06/28,0,408000,-0.49,406000,413000,403000,623480
21/06/29,1,411500,0.86,409500,411500,406000,572319
21/06/30,2,417500,1.46,415000,425000,409000,955297
21/07/01,3,413000,-1.08,418000,423500,410500,592869
21/07/02,4,414000,0.24,412500,418500,407000,517934
21/07/05,0,410000,-0.97,415500,418000,408500,492899
21/07/06,1,409500,-0.12,411500,412500,408000,342771
21/07/07,2,417500,1.95,411000,419000,410500,663260
21/07/08,3,422000,1.08,419000,431500,418500,1142267
21/07/09,4,415500,-1.54,420000,424000,408000,1090218
21/07/12,0,418500,0.72,418500,421500,413000,475697
21/07/13,1,441000,5.38,421000,442000,419000,1498546
21/07/14,2,444000,0.68,436000,444500,436000,931990
21/07/15,3,449000,1.13,446500,452500,439500,950460
21/07/16,4,447000,-0.45,448000,461000,443000,1246425
21/07/19,0,443000,-0.89,443000,449500,438500,704307
21/07/20,1,439000,-0.90,438500,441500,431000,789090
21/07/21,2,428000,-2.51,443000,446000,428000,885519
21/07/22,3,440000,2.80,433000,445000,429000,1035882
21/07/23,4,452000,2.73,443500,454500,441000,1094026
21/07/26,0,452000,0.00,460000,465000,447500,855277
21/07/27,1,452000,0.00,457500,463000,452000,757638
21/07/28,2,442000,-2.21,446000,447000,440000,913055
21/07/29,3,439500,-0.57,444000,445000,438500,556532
21/07/30,4,433500,-1.37,438000,440500,433000,628812
21/08/02,0,433500,0.00,429000,437000,428500,551937
21/08/03,1,428000,-1.27,439000,439000,422000,830841
21/08/04,2,433000,1.17,425000,434500,423000,545873
21/08/05,3,442500,2.19,442000,451500,438500,744924
21/08/06,4,444500,0.45,443000,447500,440500,416829
21/08/09,0,447500,0.67,438000,449000,435000,528032
21/08/10,1,446500,-0.22,446000,453500,442500,461940
21/08/11,2,445000,-0.34,445000,449000,442000,446275
21/08/12,3,440500,-1.01,448000,448500,438000,671083
21/08/13,4,436500,-0.91,445000,446000,433000,515855
21/08/17,1,428500,-1.83,435500,437500,420000,763564
21/08/18,2,429000,0.12,429500,433500,421500,496576
21/08/19,3,424500,-1.05,431000,434000,424500,504352
21/08/20,4,422500,-0.47,425000,432000,421000,587940
21/08/23,0,429500,1.66,428000,436000,423500,515679
21/08/24,1,437500,1.86,435000,439000,431500,546884
21/08/25,2,430500,-1.60,434000,439000,427000,677224
21/08/26,3,423500,-1.63,427500,430500,420000,645901
21/08/27,4,420000,-0.83,422000,423500,416500,567004
21/08/30,0,428000,1.90,425500,429000,423000,399336
21/08/31,1,439000,2.57,430000,439500,427000,768823
21/09/01,2,445000,1.37,442000,448500,436500,655075
21/09/02,3,442500,-0.56,445500,448500,439500,431529
21/09/03,4,452500,2.26,442500,452500,441000,646199
21/09/06,0,454000,0.33,452500,454500,445500,368743
21/09/07,1,444500,-2.09,450500,453000,444000,356293
21/09/08,2,409500,-7.87,437500,439000,408000,2470864
21/09/09,3,399000,-2.56,400500,406000,396000,1972500
21/09/10,4,410000,2.76,398000,416500,398000,1326870
21/09/13,0,408000,-0.49,405000,414000,402500,771749
21/09/14,1,402500,-1.35,403500,406500,393500,1636660
21/09/15,2,400500,-0.50,403000,409500,400000,730616
21/09/16,3,402000,0.37,405000,410000,401000,614987
21/09/17,4,403000,0.25,404500,405000,397500,558566
21/09/23,3,400000,-0.74,400500,401500,397500,615295
21/09/24,4,405500,1.38,398500,406000,398000,574341
21/09/27,0,403000,-0.62,406000,407500,401000,455667
21/09/28,1,392500,-2.61,399500,400000,391000,857556
21/09/29,2,387000,-1.40,380500,390000,380000,664216
21/09/30,3,388000,0.26,383000,390000,381000,611128
21/10/01,4,382000,-1.55,388500,389500,381500,402239
21/10/05,1,370500,-3.01,378500,380000,370000,828794
21/10/06,2,373000,0.67,373000,383500,371500,826716
21/10/07,3,393500,5.50,380500,394000,378000,832068
21/10/08,4,388500,-1.27,397500,397500,388000,542514
21/10/12,1,372000,-4.25,384500,387000,372000,817135
21/10/13,2,382000,2.69,372500,383000,372000,612239
21/10/14,3,395000,3.40,387500,396000,385500,689827
21/10/15,4,393500,-0.38,400000,400000,392000,444506
21/10/18,0,396500,0.76,395000,399500,389000,448726
21/10/19,1,407500,2.77,400000,408000,398500,560257
21/10/20,2,407500,0.00,411500,417000,407000,591636
21/10/21,3,410500,0.74,407500,412000,404000,482389
21/10/22,4,407500,-0.73,411500,411500,402500,395564
21/10/25,0,402500,-1.23,408500,413000,401500,461889
21/10/26,1,412500,2.48,402500,413500,402500,471083
21/10/27,2,414500,0.48,415000,419000,411500,497113
21/10/28,3,413000,-0.36,419000,419500,411500,494766
21/10/29,4,407000,-1.45,413000,414500,405500,472080
21/11/01,0,408500,0.37,407000,411500,404000,337049
21/11/02,1,410000,0.37,409500,414500,409000,352579
21/11/03,2,402500,-1.83,410000,411000,400000,366530
21/11/04,3,411500,2.24,409500,415500,406500,537599
21/11/05,4,410500,-0.24,411500,415000,405000,309468
21/11/08,0,408000,-0.61,414500,415500,405500,365376
21/11/09,1,417500,2.33,409500,419000,408500,542759
21/11/10,2,414500,-0.72,415500,419000,411000,414599
21/11/11,3,407000,-1.81,411000,413000,405000,566739
21/11/12,4,409000,0.49,407500,412500,403500,412100
21/11/15,0,411000,0.49,409000,412500,408000,331770
21/11/16,1,405500,-1.34,410000,412500,405000,490783
21/11/17,2,401000,-1.11,406000,406500,399000,540444
21/11/18,3,407000,1.50,403500,413000,402000,729079
21/11/19,4,404000,-0.74,407000,410000,404000,415847
21/11/22,0,410000,1.49,403000,411500,400500,555854
21/11/23,1,400000,-2.44,401000,405000,399500,682033
21/11/24,2,395000,-1.25,399000,401000,392000,554151
21/11/25,3,397000,0.51,400000,401000,395500,323058
21/11/26,4,389500,-1.89,394000,395500,388000,473540
21/11/29,0,386500,-0.77,386500,391500,382500,457264
21/11/30,1,381000,-1.42,391000,392500,381000,1103481
21/12/01,2,390000,2.36,385000,392500,382000,548840
21/12/02,3,398500,2.18,382500,399000,382000,613006
21/12/03,4,402000,0.88,397500,402000,394500,501099
21/12/06,0,392000,-2.49,400500,400500,389500,456773
21/12/07,1,391000,-0.26,390500,392500,388500,384366
21/12/08,2,395000,1.02,395000,399500,394000,534080
21/12/09,3,399500,1.14,397000,399500,394000,748143
21/12/10,4,395000,-1.13,394000,396500,393500,224452
21/12/13,0,390500,-1.14,398000,398000,390000,346330
21/12/14,1,392000,0.38,388500,392500,387000,322068
21/12/15,2,387500,-1.15,387000,390000,387000,290339
21/12/16,3,387500,0.00,389500,395500,384500,543865
21/12/17,4,384500,-0.77,387000,387500,383500,505284
21/12/20,0,373000,-2.99,381500,383000,373000,630690
21/12/21,1,375000,0.54,370000,379000,370000,480367
21/12/22,2,378500,0.93,376000,380000,375500,263513
21/12/23,3,378000,-0.13,379500,380500,374500,354342
21/12/24,4,384000,1.59,378000,388000,378000,412695
21/12/27,0,380500,-0.91,384500,384500,380000,226757
21/12/28,1,384500,1.05,380000,385500,378000,551228
21/12/29,2,382000,-0.65,389000,389000,382000,352409
21/12/30,3,378500,-0.92,381000,382000,376000,369314
