date,weekdate,SamsungE_RU,SamsungE_U,SamsungE_UC,SamsungE_D,SamsungE_RD,SamsungE_end,SamsungE_start,SamsungE_high,SamsungE_low,SamsungE_abount
17/01/02,0,1805000,0,0,1,0,0,1799000,1812000,1794000,93012
17/01/03,1,1824000,0,1,0,0,0,1814000,1831000,1801000,147153
17/01/04,2,1808000,0,0,0.5,0.5,0,1825000,1826000,1805000,159435
17/01/05,3,1778000,0,0,0,1,0,1803000,1803000,1777000,219349
17/01/06,4,1810000,0,1,0,0,0,1809000,1822000,1802000,177619
17/01/09,0,1861000,0,1,0,0,0,1830000,1875000,1828000,263898
17/01/10,1,1862000,0,0,1,0,0,1864000,1870000,1854000,181996
17/01/11,2,1914000,0,1,0,0,0,1876000,1928000,1871000,240363
17/01/12,3,1940000,0,1,0,0,0,1900000,1940000,1899000,233383
17/01/13,4,1873000,0,0,0,0.5,0.5,1905000,1916000,1873000,319089
17/01/16,0,1833000,0,0,0,1,0,1843000,1891000,1816000,332230
17/01/17,1,1848000,0,0.5,0.5,0,0,1829000,1873000,1829000,163014
17/01/18,2,1847000,0,0,1,0,0,1852000,1875000,1831000,177508
17/01/19,3,1874000,0,1,0,0,0,1886000,1896000,1851000,188378
17/01/20,4,1860000,0,0,0.5,0.5,0,1856000,1871000,1844000,183700
17/01/23,0,1903000,0,1,0,0,0,1860000,1903000,1850000,176208
17/01/24,1,1908000,0,0,1,0,0,1906000,1929000,1894000,220975
17/01/25,2,1970000,0.5,0.5,0,0,0,1917000,1970000,1916000,268677
17/01/26,3,1995000,0,1,0,0,0,1971000,2000000,1971000,304290
17/01/31,1,1973000,0,0,0,1,0,1995000,1995000,1973000,359844
17/02/01,2,1956000,0,0,0.5,0.5,0,1977000,1983000,1952000,283008
17/02/02,3,1968000,0,0.5,0.5,0,0,1980000,1983000,1960000,300586
17/02/03,4,1973000,0,0,1,0,0,1970000,1975000,1959000,207727
17/02/06,0,1978000,0,0,1,0,0,1979000,1983000,1957000,177214
17/02/07,1,1941000,0,0,0,1,0,1978000,1979000,1938000,280836
17/02/08,2,1920000,0,0,0,1,0,1937000,1939000,1910000,341859
17/02/09,3,1920000,0,0,1,0,0,1939000,1942000,1911000,273883
17/02/10,4,1918000,0,0,1,0,0,1920000,1938000,1915000,220415
17/02/13,0,1898000,0,0,0,1,0,1887000,1903000,1886000,222041
17/02/14,1,1879000,0,0,0,1,0,1898000,1913000,1866000,262483
17/02/15,2,1886000,0,0,1,0,0,1854000,1898000,1854000,283831
17/02/16,3,1901000,0,0.5,0.5,0,0,1890000,1918000,1889000,204527
17/02/17,4,1893000,0,0,1,0,0,1878000,1902000,1864000,307549
17/02/20,0,1933000,0,1,0,0,0,1911000,1939000,1908000,149716
17/02/21,1,1947000,0,0.5,0.5,0,0,1927000,1978000,1921000,211252
17/02/22,2,1965000,0,0.5,0.5,0,0,1950000,1967000,1949000,170789
17/02/23,3,1959000,0,0,1,0,0,1951000,1972000,1951000,204346
17/02/24,4,1911000,0,0,0,1,0,1948000,1955000,1903000,185937
17/02/27,0,1903000,0,0,1,0,0,1901000,1907000,1885000,180674
17/02/28,1,1922000,0,0.5,0.5,0,0,1903000,1938000,1898000,301774
17/03/02,3,1986000,0.5,0.5,0,0,0,1921000,1993000,1921000,424996
17/03/03,4,1981000,0,0,1,0,0,1967000,1986000,1958000,254174
17/03/06,0,2004000,0,1,0,0,0,1961000,2011000,1961000,244697
17/03/07,1,2010000,0,0,1,0,0,1990000,2016000,1990000,211065
17/03/08,2,2010000,0,0,1,0,0,2010000,2031000,2007000,242819
17/03/09,3,2010000,0,0,1,0,0,2010000,2015000,2001000,287445
17/03/10,4,2009000,0,0,1,0,0,1998000,2021000,1993000,204556
17/03/13,0,2030000,0,1,0,0,0,2002000,2049000,2002000,148482
17/03/14,1,2068000,0,1,0,0,0,2031000,2077000,2025000,226501
17/03/15,2,2070000,0,0,1,0,0,2040000,2072000,2040000,191757
17/03/16,3,2092000,0,1,0,0,0,2090000,2109000,2077000,198663
17/03/17,4,2120000,0,1,0,0,0,2090000,2125000,2086000,252046
17/03/20,0,2095000,0,0,0,1,0,2100000,2106000,2087000,205001
17/03/21,1,2128000,0,1,0,0,0,2089000,2134000,2088000,284403
17/03/22,2,2123000,0,0,1,0,0,2080000,2123000,2079000,328545
17/03/23,3,2090000,0,0,0,1,0,2110000,2118000,2085000,307942
17/03/24,4,2075000,0,0,0.5,0.5,0,2080000,2099000,2054000,256163
17/03/27,0,2060000,0,0,0.5,0.5,0,2060000,2094000,2059000,243553
17/03/28,1,2074000,0,0.5,0.5,0,0,2078000,2092000,2069000,164325
17/03/29,2,2089000,0,0.5,0.5,0,0,2087000,2098000,2079000,201865
17/03/30,3,2099000,0,0,1,0,0,2094000,2122000,2094000,164080
17/03/31,4,2060000,0,0,0,1,0,2091000,2101000,2060000,210006
17/04/03,0,2072000,0,0.5,0.5,0,0,2070000,2086000,2065000,191588
17/04/04,1,2104000,0,1,0,0,0,2080000,2109000,2076000,245110
17/04/05,2,2107000,0,0,1,0,0,2095000,2112000,2085000,213994
17/04/06,3,2092000,0,0,0.5,0.5,0,2100000,2104000,2080000,193668
17/04/07,4,2080000,0,0,0.5,0.5,0,2090000,2091000,2058000,200420
17/04/10,0,2097000,0,0.5,0.5,0,0,2097000,2097000,2075000,142827
17/04/11,1,2080000,0,0,0.5,0.5,0,2097000,2097000,2079000,143458
17/04/12,2,2095000,0,0.5,0.5,0,0,2093000,2097000,2085000,165498
17/04/13,3,2121000,0,1,0,0,0,2083000,2123000,2083000,180816
17/04/14,4,2101000,0,0,0.5,0.5,0,2108000,2113000,2088000,109257
17/04/17,0,2078000,0,0,0,1,0,2100000,2104000,2076000,104495
17/04/18,1,2075000,0,0,1,0,0,2084000,2091000,2064000,137213
17/04/19,2,2045000,0,0,0,1,0,2065000,2071000,2045000,235258
17/04/20,3,2014000,0,0,0,1,0,2029000,2040000,2004000,422977
17/04/21,4,2038000,0,1,0,0,0,2024000,2070000,2024000,302610
17/04/24,0,2062000,0,1,0,0,0,2063000,2063000,2046000,179803
17/04/25,1,2135000,0.5,0.5,0,0,0,2073000,2137000,2066000,385992
17/04/26,2,2140000,0,0,1,0,0,2135000,2140000,2126000,295896
17/04/27,3,2192000,0,1,0,0,0,2135000,2226000,2098000,460645
17/04/28,4,2231000,0,1,0,0,0,2289000,2290000,2226000,453714
17/05/02,1,2245000,0,0.5,0.5,0,0,2275000,2275000,2238000,281366
17/05/04,3,2276000,0,1,0,0,0,2285000,2285000,2243000,273802
17/05/08,0,2351000,0.5,0.5,0,0,0,2276000,2351000,2267000,391651
17/05/10,2,2280000,0,0,0,0.5,0.5,2308000,2361000,2280000,468219
17/05/11,3,2275000,0,0,1,0,0,2271000,2309000,2261000,425557
17/05/12,4,2291000,0,0.5,0.5,0,0,2288000,2308000,2283000,188458
17/05/15,0,2305000,0,0.5,0.5,0,0,2281000,2314000,2281000,160028
17/05/16,1,2319000,0,0.5,0.5,0,0,2333000,2340000,2305000,176075
17/05/17,2,2317000,0,0,1,0,0,2306000,2332000,2305000,148489
17/05/18,3,2297000,0,0,0.5,0.5,0,2287000,2300000,2277000,223207
17/05/19,4,2236000,0,0,0,1,0,2282000,2289000,2236000,315247
17/05/22,0,2255000,0,0.5,0.5,0,0,2252000,2269000,2238000,352871
17/05/23,1,2246000,0,0,1,0,0,2270000,2279000,2245000,252141
17/05/24,2,2244000,0,0,1,0,0,2243000,2265000,2240000,173508
17/05/25,3,2284000,0,1,0,0,0,2258000,2284000,2240000,260896
17/05/26,4,2304000,0,0.5,0.5,0,0,2280000,2323000,2277000,272273
17/05/29,0,2281000,0,0,0,1,0,2311000,2320000,2269000,174791
17/05/30,1,2232000,0,0,0,1,0,2276000,2283000,2224000,248672
17/05/31,2,2235000,0,0,1,0,0,2229000,2251000,2220000,373382
17/06/01,3,2234000,0,0,1,0,0,2243000,2245000,2220000,195070
17/06/02,4,2298000,0,1,0,0,0,2253000,2298000,2250000,249775
17/06/05,0,2297000,0,0,1,0,0,2302000,2318000,2286000,151988
17/06/07,2,2265000,0,0,0,1,0,2325000,2325000,2262000,274588
17/06/08,3,2258000,0,0,1,0,0,2250000,2279000,2250000,279575
17/06/09,4,2305000,0,1,0,0,0,2284000,2322000,2280000,234657
17/06/12,0,2269000,0,0,0,1,0,2271000,2280000,2257000,219086
17/06/13,1,2270000,0,0,1,0,0,2257000,2281000,2257000,172498
17/06/14,2,2268000,0,0,1,0,0,2290000,2303000,2262000,203334
17/06/15,3,2284000,0,0.5,0.5,0,0,2284000,2296000,2259000,193140
17/06/16,4,2279000,0,0,1,0,0,2275000,2297000,2273000,348069
17/06/19,0,2328000,0,1,0,0,0,2279000,2328000,2278000,226078
17/06/20,1,2407000,0.5,0.5,0,0,0,2362000,2407000,2361000,300900
17/06/21,2,2374000,0,0,0,1,0,2387000,2406000,2374000,199473
17/06/22,3,2398000,0,1,0,0,0,2398000,2404000,2386000,229116
17/06/23,4,2381000,0,0,0.5,0.5,0,2380000,2389000,2371000,190302
17/06/26,0,2414000,0,1,0,0,0,2376000,2418000,2376000,171056
17/06/27,1,2415000,0,0,1,0,0,2411000,2420000,2395000,192335
17/06/28,2,2385000,0,0,0,1,0,2380000,2400000,2378000,191450
17/06/29,3,2397000,0,0,1,0,0,2402000,2416000,2397000,166131
17/06/30,4,2377000,0,0,0.5,0.5,0,2375000,2381000,2355000,237551
17/07/03,0,2361000,0,0,0.5,0.5,0,2375000,2389000,2356000,136111
17/07/04,1,2350000,0,0,1,0,0,2358000,2370000,2345000,159220
17/07/05,2,2379000,0,1,0,0,0,2341000,2384000,2339000,212805
17/07/06,3,2403000,0,1,0,0,0,2400000,2405000,2386000,218461
17/07/07,4,2393000,0,0,1,0,0,2387000,2406000,2381000,162638
17/07/10,0,2433000,0,1,0,0,0,2425000,2445000,2416000,215855
17/07/11,1,2450000,0,0.5,0.5,0,0,2432000,2450000,2414000,194356
17/07/12,2,2494000,0,1,0,0,0,2450000,2500000,2442000,189723
17/07/13,3,2528000,0,1,0,0,0,2504000,2547000,2502000,320683
17/07/14,4,2524000,0,0,1,0,0,2550000,2554000,2521000,164780
17/07/17,0,2532000,0,0,1,0,0,2545000,2551000,2526000,179522
17/07/18,1,2542000,0,0,1,0,0,2521000,2544000,2518000,141689
17/07/19,2,2537000,0,0,1,0,0,2531000,2541000,2500000,223150
17/07/20,3,2560000,0,0.5,0.5,0,0,2538000,2566000,2528000,167352
17/07/21,4,2554000,0,0,1,0,0,2543000,2558000,2526000,168981
17/07/24,0,2543000,0,0,1,0,0,2535000,2550000,2531000,141995
17/07/25,1,2500000,0,0,0,1,0,2525000,2538000,2497000,216212
17/07/26,2,2492000,0,0,1,0,0,2480000,2501000,2465000,224496
17/07/27,3,2490000,0,0,1,0,0,2500000,2532000,2478000,228990
17/07/28,4,2388000,0,0,0,0.5,0.5,2490000,2490000,2369000,523366
17/07/31,0,2410000,0,0.5,0.5,0,0,2371000,2412000,2346000,254028
17/08/01,1,2430000,0,0.5,0.5,0,0,2400000,2442000,2377000,227390
17/08/02,2,2450000,0,0.5,0.5,0,0,2460000,2467000,2430000,155549
17/08/03,3,2389000,0,0,0,1,0,2450000,2450000,2356000,310816
17/08/04,4,2385000,0,0,1,0,0,2408000,2409000,2375000,167184
17/08/07,0,2379000,0,0,1,0,0,2375000,2404000,2372000,144365
17/08/08,1,2386000,0,0,1,0,0,2399000,2413000,2374000,159592
17/08/09,2,2314000,0,0,0,0.5,0.5,2370000,2370000,2312000,291108
17/08/10,3,2295000,0,0,0.5,0.5,0,2310000,2316000,2273000,459723
17/08/11,4,2231000,0,0,0,1,0,2256000,2265000,2211000,508146
17/08/14,0,2250000,0,0.5,0.5,0,0,2256000,2270000,2236000,383712
17/08/16,2,2310000,0,1,0,0,0,2311000,2319000,2300000,438273
17/08/17,3,2352000,0,1,0,0,0,2348000,2365000,2337000,248317
17/08/18,4,2345000,0,0,1,0,0,2338000,2362000,2312000,209559
17/08/21,0,2342000,0,0,1,0,0,2362000,2362000,2329000,102069
17/08/22,1,2350000,0,0,1,0,0,2341000,2358000,2335000,147635
17/08/23,2,2374000,0,1,0,0,0,2389000,2389000,2359000,187694
17/08/24,3,2376000,0,0,1,0,0,2376000,2383000,2367000,173149
17/08/25,4,2351000,0,0,0,1,0,2394000,2394000,2336000,224871
17/08/28,0,2305000,0,0,0,1,0,2351000,2362000,2298000,199242
17/08/29,1,2304000,0,0,1,0,0,2282000,2304000,2258000,252473
17/08/30,2,2310000,0,0,1,0,0,2319000,2320000,2298000,150260
17/08/31,3,2316000,0,0,1,0,0,2311000,2332000,2300000,220234
17/09/01,4,2324000,0,0,1,0,0,2323000,2332000,2315000,212834
17/09/04,0,2302000,0,0,0.5,0.5,0,2289000,2318000,2275000,158870
17/09/05,1,2338000,0,1,0,0,0,2312000,2345000,2298000,234322
17/09/06,2,2350000,0,0.5,0.5,0,0,2338000,2359000,2335000,216221
17/09/07,3,2406000,0,1,0,0,0,2350000,2411000,2350000,193530
17/09/08,4,2454000,0,1,0,0,0,2435000,2459000,2429000,217860
17/09/11,0,2490000,0,1,0,0,0,2485000,2509000,2475000,207495
17/09/12,1,2480000,0,0,1,0,0,2510000,2511000,2457000,240595
17/09/13,2,2481000,0,0,1,0,0,2491000,2520000,2472000,187140
17/09/14,3,2515000,0,1,0,0,0,2503000,2516000,2488000,284095
17/09/15,4,2520000,0,0,1,0,0,2515000,2528000,2493000,215146
17/09/18,0,2624000,0.5,0.5,0,0,0,2527000,2624000,2526000,230499
17/09/19,1,2606000,0,0,0.5,0.5,0,2625000,2632000,2589000,197008
17/09/20,2,2611000,0,0,1,0,0,2606000,2625000,2592000,185855
17/09/21,3,2640000,0,1,0,0,0,2611000,2648000,2611000,176796
17/09/22,4,2650000,0,0,1,0,0,2648000,2680000,2623000,278448
17/09/25,0,2681000,0,1,0,0,0,2650000,2684000,2650000,186062
17/09/26,1,2583000,0,0,0,0.5,0.5,2651000,2656000,2578000,341144
17/09/27,2,2584000,0,0,1,0,0,2600000,2610000,2575000,215940
17/09/28,3,2563000,0,0,0.5,0.5,0,2613000,2623000,2563000,240509
17/09/29,4,2564000,0,0,1,0,0,2559000,2581000,2542000,258188
17/10/10,1,2640000,0,1,0,0,0,2668000,2682000,2640000,410396
17/10/11,2,2732000,0.5,0.5,0,0,0,2680000,2738000,2667000,273043
17/10/12,3,2740000,0,0,1,0,0,2742000,2758000,2705000,277814
17/10/13,4,2700000,0,0,0,1,0,2727000,2742000,2689000,252033
17/10/16,0,2696000,0,0,1,0,0,2699000,2743000,2688000,195399
17/10/17,1,2740000,0,1,0,0,0,2701000,2769000,2700000,212156
17/10/18,2,2738000,0,0,1,0,0,2741000,2762000,2702000,202215
17/10/19,3,2649000,0,0,0,0.5,0.5,2735000,2735000,2651000,242174
17/10/20,4,2692000,0,1,0,0,0,2640000,2705000,2640000,160541
17/10/23,0,2715000,0,0.5,0.5,0,0,2730000,2732000,2700000,166221
17/10/24,1,2702000,0,0,1,0,0,2735000,2739000,2702000,116121
17/10/25,2,2695000,0,0,1,0,0,2702000,2721000,2685000,117657
17/10/26,3,2620000,0,0,0,1,0,2686000,2695000,2620000,195531
17/10/27,4,2654000,0,1,0,0,0,2620000,2666000,2607000,147850
17/10/30,0,2702000,0,1,0,0,0,2689000,2716000,2685000,163923
17/10/31,1,2754000,0,1,0,0,0,2703000,2772000,2675000,267631
17/11/01,2,2861000,0.5,0.5,0,0,0,2875000,2875000,2809000,290205
17/11/02,3,2853000,0,0,1,0,0,2875000,2876000,2838000,214421
17/11/03,4,2819000,0,0,0,1,0,2853000,2857000,2793000,198716
17/11/06,0,2819000,0,0,1,0,0,2819000,2825000,2767000,180019
17/11/07,1,2805000,0,0,0.5,0.5,0,2819000,2846000,2793000,149291
17/11/08,2,2838000,0,1,0,0,0,2805000,2853000,2793000,170404
17/11/09,3,2817000,0,0,0.5,0.5,0,2846000,2846000,2795000,239881
17/11/10,4,2820000,0,0,1,0,0,2790000,2827000,2789000,134976
17/11/13,0,2819000,0,0,1,0,0,2820000,2840000,2805000,176133
17/11/14,1,2796000,0,0,0.5,0.5,0,2819000,2837000,2796000,134500
17/11/15,2,2767000,0,0,0,1,0,2796000,2816000,2766000,176339
17/11/16,3,2789000,0,0.5,0.5,0,0,2772000,2800000,2770000,152814
17/11/17,4,2791000,0,0,1,0,0,2820000,2844000,2791000,214663
17/11/20,0,2760000,0,0,0,1,0,2795000,2799000,2760000,189455
17/11/21,1,2764000,0,0,1,0,0,2770000,2792000,2764000,206494
17/11/22,2,2798000,0,1,0,0,0,2799000,2810000,2781000,159059
17/11/23,3,2765000,0,0,0,1,0,2798000,2799000,2751000,125458
17/11/24,4,2773000,0,0,1,0,0,2765000,2775000,2759000,90724
17/11/27,0,2632000,0,0,0,0,1,2768000,2768000,2632000,362578
17/11/28,1,2664000,0,1,0,0,0,2635000,2664000,2586000,269988
17/11/29,2,2630000,0,0,0,1,0,2660000,2662000,2625000,191805
17/11/30,3,2540000,0,0,0,0.5,0.5,2540000,2593000,2510000,592683
17/12/01,4,2542000,0,0,1,0,0,2540000,2589000,2540000,257372
17/12/04,0,2567000,0,0.5,0.5,0,0,2542000,2567000,2501000,297301
17/12/05,1,2563000,0,0,1,0,0,2530000,2565000,2514000,186531
17/12/06,2,2501000,0,0,0,1,0,2563000,2578000,2501000,217784
17/12/07,3,2537000,0,1,0,0,0,2502000,2549000,2501000,221312
17/12/08,4,2600000,0,1,0,0,0,2568000,2600000,2552000,225809
17/12/11,0,2589000,0,0,1,0,0,2600000,2602000,2575000,162517
17/12/12,1,2605000,0,0.5,0.5,0,0,2591000,2605000,2583000,175301
17/12/13,2,2566000,0,0,0,1,0,2605000,2605000,2555000,226674
17/12/14,3,2553000,0,0,0.5,0.5,0,2566000,2614000,2553000,406208
17/12/15,4,2531000,0,0,0.5,0.5,0,2562000,2574000,2526000,298571
17/12/18,0,2560000,0,1,0,0,0,2531000,2562000,2531000,147005
17/12/19,1,2578000,0,0.5,0.5,0,0,2577000,2604000,2576000,239572
17/12/20,2,2544000,0,0,0,1,0,2575000,2588000,2541000,201611
17/12/21,3,2457000,0,0,0,0.5,0.5,2550000,2553000,2455000,312486
17/12/22,4,2485000,0,1,0,0,0,2470000,2498000,2462000,223993
17/12/26,1,2410000,0,0,0,0.5,0.5,2488000,2505000,2410000,320797
17/12/27,2,2468000,0,1,0,0,0,2448000,2478000,2423000,214872
17/12/28,3,2548000,0.5,0.5,0,0,0,2478000,2548000,2475000,179709
18/01/02,1,2551000,0,0,1,0,0,2569000,2570000,2539000,169485
18/01/03,2,2581000,0,1,0,0,0,2627000,2628000,2571000,200270
18/01/04,3,2554000,0,0,0,1,0,2606000,2609000,2532000,233909
18/01/05,4,2606000,0,1,0,0,0,2565000,2606000,2560000,189623
18/01/08,0,2601000,0,0,1,0,0,2620000,2626000,2575000,167673
18/01/09,1,2520000,0,0,0,0.5,0.5,2573000,2586000,2499000,360272
18/01/10,2,2442000,0,0,0,0.5,0.5,2525000,2526000,2432000,371336
18/01/11,3,2412000,0,0,0,1,0,2410000,2463000,2401000,502476
18/01/12,4,2410000,0,0,1,0,0,2412000,2424000,2338000,545409
18/01/15,0,2427000,0,0.5,0.5,0,0,2440000,2449000,2396000,201920
18/01/16,1,2500000,0.5,0.5,0,0,0,2438000,2507000,2431000,407793
18/01/17,2,2481000,0,0,0.5,0.5,0,2501000,2501000,2453000,221061
18/01/18,3,2495000,0,0.5,0.5,0,0,2501000,2532000,2491000,296977
18/01/19,4,2466000,0,0,0,1,0,2519000,2519000,2452000,184399
18/01/22,0,2412000,0,0,0,1,0,2432000,2434000,2398000,250418
18/01/23,1,2458000,0,1,0,0,0,2433000,2458000,2415000,270654
18/01/24,2,2467000,0,0,1,0,0,2443000,2485000,2428000,191010
18/01/25,3,2513000,0,1,0,0,0,2461000,2518000,2458000,223207
18/01/26,4,2539000,0,1,0,0,0,2525000,2539000,2492000,207002
18/01/29,0,2561000,0,0.5,0.5,0,0,2560000,2574000,2545000,236776
18/01/30,1,2490000,0,0,0,1,0,2522000,2532000,2489000,245691
18/01/31,2,2495000,0,0,1,0,0,2501000,2707000,2480000,1293626
18/02/01,3,2491000,0,0,1,0,0,2531000,2548000,2486000,552189
18/02/02,4,2385000,0,0,0,0.5,0.5,2469000,2470000,2386000,585207
18/02/05,0,2396000,0,0,1,0,0,2325000,2416000,2300000,567158
18/02/06,1,2371000,0,0,0,1,0,2330000,2396000,2329000,388129
18/02/07,2,2290000,0,0,0,0.5,0.5,2412000,2413000,2290000,468961
18/02/08,3,2300000,0,0,1,0,0,2306000,2331000,2299000,465021
18/02/09,4,2235000,0,0,0,1,0,2222000,2259000,2221000,349300
18/02/12,0,2286000,0,1,0,0,0,2255000,2316000,2252000,315099
18/02/13,1,2377000,0.5,0.5,0,0,0,2310000,2403000,2310000,378465
18/02/14,2,2450000,0.5,0.5,0,0,0,2404000,2455000,2397000,378118
18/02/19,0,2419000,0,0,0,1,0,2490000,2490000,2393000,307069
18/02/20,1,2370000,0,0,0,1,0,2402000,2408000,2361000,202452
18/02/21,2,2364000,0,0,1,0,0,2364000,2379000,2342000,257604
18/02/22,3,2338000,0,0,0,1,0,2363000,2363000,2338000,177399
18/02/23,4,2361000,0,0.5,0.5,0,0,2338000,2390000,2338000,248466
18/02/26,0,2369000,0,0,1,0,0,2364000,2378000,2354000,191213
18/02/27,1,2369000,0,0,1,0,0,2418000,2419000,2369000,196611
18/02/28,2,2353000,0,0,0.5,0.5,0,2369000,2405000,2350000,303247
18/03/02,4,2301000,0,0,0,1,0,2329000,2340000,2300000,265310
18/03/05,0,2260000,0,0,0,1,0,2291000,2308000,2254000,282019
18/03/06,1,2351000,0.5,0.5,0,0,0,2296000,2355000,2291000,308467
18/03/07,2,2431000,0.5,0.5,0,0,0,2410000,2445000,2361000,428541
18/03/08,3,2460000,0,1,0,0,0,2460000,2474000,2404000,389273
18/03/09,4,2487000,0,1,0,0,0,2472000,2527000,2462000,286088
18/03/12,0,2487000,0,0,1,0,0,2528000,2539000,2479000,173779
18/03/13,1,2583000,0.5,0.5,0,0,0,2538000,2583000,2518000,401974
18/03/14,2,2588000,0,0,1,0,0,2551000,2600000,2550000,254265
18/03/15,3,2577000,0,0,1,0,0,2600000,2601000,2551000,177649
18/03/16,4,2557000,0,0,0.5,0.5,0,2561000,2571000,2512000,243698
18/03/19,0,2537000,0,0,0.5,0.5,0,2531000,2567000,2522000,164377
18/03/20,1,2560000,0,0.5,0.5,0,0,2535000,2560000,2505000,163865
18/03/21,2,2553000,0,0,1,0,0,2589000,2589000,2553000,178104
18/03/22,3,2589000,0,1,0,0,0,2553000,2589000,2552000,169082
18/03/23,4,2486000,0,0,0,0.5,0.5,2517000,2536000,2480000,297099
18/03/26,0,2514000,0,1,0,0,0,2471000,2510000,2452000,201155
18/03/27,1,2499000,0,0,0.5,0.5,0,2516000,2523000,2454000,237480
18/03/28,2,2435000,0,0,0,1,0,2455000,2455000,2417000,303189
18/03/29,3,2452000,0,0.5,0.5,0,0,2435000,2478000,2416000,201340
18/03/30,4,2461000,0,0,1,0,0,2454000,2495000,2454000,155542
18/04/02,0,2427000,0,0,0,1,0,2450000,2461000,2425000,142313
18/04/03,1,2406000,0,0,0.5,0.5,0,2394000,2407000,2364000,255365
18/04/04,2,2346000,0,0,0,1,0,2408000,2413000,2346000,247684
18/04/05,3,2437000,0.5,0.5,0,0,0,2370000,2469000,2367000,264912
18/04/06,4,2420000,0,0,0.5,0.5,0,2400000,2429000,2370000,250654
18/04/09,0,2460000,0,1,0,0,0,2413000,2472000,2410000,199008
18/04/10,1,2444000,0,0,0.5,0.5,0,2427000,2461000,2402000,219687
18/04/11,2,2443000,0,0,1,0,0,2495000,2495000,2430000,201022
18/04/12,3,2450000,0,0,1,0,0,2472000,2472000,2444000,249325
18/04/13,4,2490000,0,1,0,0,0,2480000,2509000,2470000,205566
18/04/16,0,2517000,0,1,0,0,0,2516000,2530000,2493000,157549
18/04/17,1,2499000,0,0,0.5,0.5,0,2512000,2527000,2491000,155440
18/04/18,2,2568000,0,1,0,0,0,2550000,2568000,2529000,269252
18/04/19,3,2639000,0,1,0,0,0,2600000,2649000,2577000,343811
18/04/20,4,2581000,0,0,0,1,0,2590000,2613000,2571000,235220
18/04/23,0,2595000,0,0.5,0.5,0,0,2550000,2604000,2550000,232380
18/04/24,1,2523000,0,0,0,1,0,2592000,2593000,2504000,315406
18/04/25,2,2520000,0,0,1,0,0,2461000,2525000,2461000,332292
18/04/26,3,2607000,0.5,0.5,0,0,0,2521000,2608000,2520000,360931
18/04/27,4,2650000,0,1,0,0,0,2669000,2682000,2622000,606216
18/04/30,0,2650000,0,0,1,0,0,2650000,2650000,2650000,0
18/05/02,2,2650000,0,0,1,0,0,2650000,2650000,2650000,0
18/05/03,3,2650000,0,0,1,0,0,2650000,2650000,2650000,0
18/05/04,4,51900,0,0,0,1,0,53000,53900,51800,39565391
18/05/08,1,52600,0,1,0,0,0,52600,53200,51900,23104720
18/05/09,2,50900,0,0,0,0.5,0.5,52600,52800,50900,16128305
18/05/10,3,51600,0,1,0,0,0,51700,51700,50600,13905263
18/05/11,4,51300,0,0,0.5,0.5,0,52000,52200,51200,10314997
18/05/14,0,50100,0,0,0,1,0,51000,51100,49900,14909272
18/05/15,1,49200,0,0,0,1,0,50200,50400,49100,18709146
18/05/16,2,49850,0,1,0,0,0,49200,50200,49150,15918683
18/05/17,3,49400,0,0,0.5,0.5,0,50300,50500,49400,10365440
18/05/18,4,49500,0,0,1,0,0,49900,49900,49350,6706570
18/05/21,0,50000,0,1,0,0,0,49650,50200,49100,9020998
18/05/23,2,51800,0.5,0.5,0,0,0,50600,52000,50400,17095490
18/05/24,3,51400,0,0,0.5,0.5,0,52000,52000,51100,8289275
18/05/25,4,52700,0,1,0,0,0,51000,52800,50800,15207266
18/05/28,0,52300,0,0,0.5,0.5,0,52500,53000,52000,9787820
18/05/29,1,51300,0,0,0,1,0,52200,52500,51300,8480437
18/05/30,2,49500,0,0,0,0.5,0.5,51300,51500,49100,20498098
18/05/31,3,50700,0,1,0,0,0,50400,50800,49850,63491109
18/06/01,4,51300,0,1,0,0,0,50500,51700,49950,13038499
18/06/04,0,51100,0,0,1,0,0,50800,51200,50700,9767171
18/06/05,1,51300,0,0,1,0,0,51100,51400,50400,9144100
18/06/07,3,50600,0,0,0,1,0,51800,51800,50500,13590016
18/06/08,4,49650,0,0,0,1,0,50200,50400,49600,16951706
18/06/11,0,49900,0,0,1,0,0,49750,50300,49350,10571312
18/06/12,1,49400,0,0,0,1,0,49700,49800,49250,12110569
18/06/14,3,48200,0,0,0,1,0,49000,49000,48200,20971729
18/06/15,4,47650,0,0,0,1,0,48500,48700,47650,17080892
18/06/18,0,46600,0,0,0,1,0,47600,47650,46200,16661870
18/06/19,1,47000,0,0.5,0.5,0,0,47200,47350,46500,15217971
18/06/20,2,47000,0,0,1,0,0,47450,47600,46850,12959316
18/06/21,3,47050,0,0,1,0,0,47900,47900,47050,10015541
18/06/22,4,47250,0,0,1,0,0,47000,47250,46200,10298006
18/06/25,0,46650,0,0,0,1,0,47050,47050,46150,10587711
18/06/26,1,47000,0,0.5,0.5,0,0,45900,47300,45900,11223166
18/06/27,2,47950,0,1,0,0,0,47450,48500,47000,15274752
18/06/28,3,46800,0,0,0,1,0,46850,47150,46600,12784800
18/06/29,4,46650,0,0,1,0,0,46250,47150,46200,14099635
18/07/02,0,45550,0,0,0,1,0,46500,47150,45500,13112253
18/07/03,1,46150,0,1,0,0,0,45750,46450,45750,10959655
18/07/04,2,46250,0,0,1,0,0,46700,47050,46050,8776763
18/07/05,3,45950,0,0,0.5,0.5,0,46100,46550,45600,7039773
18/07/06,4,44900,0,0,0,1,0,45500,45850,44650,17843706
18/07/09,0,45600,0,1,0,0,0,45500,46100,45200,11602464
18/07/10,1,46300,0,1,0,0,0,46200,46550,46100,10528665
18/07/11,2,46000,0,0,0.5,0.5,0,46400,46450,45400,11224077
18/07/12,3,45500,0,0,0,1,0,45900,46250,45450,11828104
18/07/13,4,46500,0,1,0,0,0,45800,46500,45750,11543389
18/07/16,0,46050,0,0,0.5,0.5,0,46800,46800,46000,7678719
18/07/17,1,45850,0,0,1,0,0,46150,46200,45600,8892953
18/07/18,2,46550,0,1,0,0,0,46700,47200,46450,10952645
18/07/19,3,46900,0,0.5,0.5,0,0,47050,47200,46600,9880128
18/07/20,4,47450,0,1,0,0,0,47000,47600,46700,10474547
18/07/23,0,46500,0,0,0,1,0,47100,47200,46150,10823782
18/07/24,1,46150,0,0,0.5,0.5,0,46350,46600,45950,8261363
18/07/25,2,46150,0,0,1,0,0,46250,46550,45900,7222471
18/07/26,3,46900,0,1,0,0,0,46100,47000,46000,7374946
18/07/27,4,46900,0,0,1,0,0,46450,47000,46450,4762460
18/07/30,0,46500,0,0,0.5,0.5,0,46550,46800,46350,5723035
18/07/31,1,46250,0,0,0.5,0.5,0,46200,46450,46000,8033607
18/08/01,2,46550,0,0.5,0.5,0,0,46050,46850,46050,7484499
18/08/02,3,45550,0,0,0,1,0,46550,46800,45500,8560924
18/08/03,4,45750,0,0,1,0,0,45850,45900,45450,8274944
18/08/06,0,45800,0,0,1,0,0,46150,46150,45750,6771979
18/08/07,1,46700,0,1,0,0,0,46300,46750,45900,9058174
18/08/08,2,46800,0,0,1,0,0,47000,47000,46550,6429338
18/08/09,3,46900,0,0,1,0,0,47000,47050,46450,12010886
18/08/10,4,45400,0,0,0,0.5,0.5,46150,46400,44850,16670643
18/08/13,0,45050,0,0,0.5,0.5,0,44950,45100,44650,9803831
18/08/14,1,45150,0,0,1,0,0,44850,45400,44850,6409259
18/08/16,3,44250,0,0,0,1,0,43800,44650,43700,10088229
18/08/17,4,44100,0,0,1,0,0,44050,44400,44050,6808747
18/08/20,0,43850,0,0,0.5,0.5,0,43500,44200,43500,7289124
18/08/21,1,44800,0,1,0,0,0,43700,44900,43700,9520270
18/08/22,2,46100,0,1,0,0,0,45150,46200,44900,11641656
18/08/23,3,46200,0,0,1,0,0,46150,46200,45700,6730918
18/08/24,4,46150,0,0,1,0,0,45900,46400,45550,6582535
18/08/27,0,46300,0,0,1,0,0,46100,46550,46000,5263782
18/08/28,1,46550,0,0.5,0.5,0,0,46800,46950,46300,7365976
18/08/29,2,46800,0,0.5,0.5,0,0,46750,46800,46400,5572374
18/08/30,3,47650,0,1,0,0,0,46950,47950,46700,12193231
18/08/31,4,48450,0,1,0,0,0,47100,48450,47000,13577454
18/09/03,0,47450,0,0,0,1,0,48200,48300,47300,8595084
18/09/04,1,47650,0,0,1,0,0,47550,47800,47200,6791255
18/09/05,2,46600,0,0,0,1,0,47300,47450,46400,9139998
18/09/06,3,46100,0,0,0,1,0,46200,46400,45800,9040553
18/09/07,4,44900,0,0,0,1,0,44500,45200,44400,18285508
18/09/10,0,45500,0,1,0,0,0,45450,45550,45000,9979838
18/09/11,1,45050,0,0,0.5,0.5,0,45550,45900,45050,9865790
18/09/12,2,44550,0,0,0,1,0,44900,45100,44500,12995269
18/09/13,3,44050,0,0,0,1,0,44550,44750,44000,18277942
18/09/14,4,45850,0.5,0.5,0,0,0,45000,45850,44900,12446344
18/09/17,0,45150,0,0,0,1,0,45550,45800,44900,8123384
18/09/18,1,45500,0,0.5,0.5,0,0,44950,45900,44700,9987090
18/09/19,2,46150,0,1,0,0,0,46000,46200,45700,9367454
18/09/20,3,47250,0,1,0,0,0,46850,47600,46400,13536966
18/09/21,4,47400,0,0,1,0,0,46550,47550,46550,14476906
18/09/27,3,47500,0,0,1,0,0,46950,47500,46450,15804586
18/09/28,4,46450,0,0,0,1,0,47250,47250,46300,11270515
18/10/01,0,46350,0,0,1,0,0,46450,46800,45800,6354983
18/10/02,1,45700,0,0,0,1,0,46450,46700,45700,6607188
18/10/04,3,44700,0,0,0,1,0,45150,45600,44700,11865327
18/10/05,4,44700,0,0,1,0,0,44800,45500,44550,10544165
18/10/08,0,44950,0,0.5,0.5,0,0,44200,45200,44200,6759464
18/10/10,2,45300,0,0.5,0.5,0,0,45250,45500,44500,10341349
18/10/11,3,43100,0,0,0,0.5,0.5,44000,44650,43100,19324537
18/10/12,4,44000,0,1,0,0,0,43200,44650,43200,12640906
18/10/15,0,43800,0,0,1,0,0,44050,44050,43350,7434522
18/10/16,1,43600,0,0,1,0,0,43700,44150,43350,6825677
18/10/17,2,44150,0,1,0,0,0,44150,44500,44000,8306193
18/10/18,3,44050,0,0,1,0,0,43950,44450,43700,8347725
18/10/19,4,43900,0,0,1,0,0,43900,44150,43450,7842520
18/10/22,0,43550,0,0,0.5,0.5,0,43450,43950,43200,8357648
18/10/23,1,43050,0,0,0,1,0,43300,43450,42550,9531231
18/10/24,2,42550,0,0,0,1,0,43050,43100,42250,13522825
18/10/25,3,41000,0,0,0,0.5,0.5,40600,41550,40550,19338170
18/10/26,4,41000,0,0,1,0,0,41100,41300,40400,14413864
18/10/29,0,41400,0,0.5,0.5,0,0,40850,41950,40550,14460521
18/10/30,1,42350,0,1,0,0,0,41400,43000,41000,14205190
18/10/31,2,42400,0,0,1,0,0,42900,43350,41700,17621480
18/11/01,3,42150,0,0,0.5,0.5,0,42450,42950,42150,13423132
18/11/02,4,44150,0.5,0.5,0,0,0,43050,44250,42800,16517112
18/11/05,0,43800,0,0,0.5,0.5,0,43750,43800,42900,9426777
18/11/06,1,43750,0,0,1,0,0,43750,43800,42950,7713625
18/11/07,2,44000,0,0.5,0.5,0,0,43600,44500,43400,11553998
18/11/08,3,44050,0,0,1,0,0,44900,45050,44050,12617397
18/11/09,4,44300,0,0.5,0.5,0,0,44450,44850,43900,7318500
18/11/12,0,45200,0,1,0,0,0,43850,45250,43700,8552566
18/11/13,1,44500,0,0,0,1,0,43900,44500,43400,9311126
18/11/14,2,44100,0,0,0.5,0.5,0,44500,44500,43800,6783344
18/11/15,3,44250,0,0,1,0,0,44050,44350,43500,5864067
18/11/16,4,44000,0,0,0.5,0.5,0,44600,44750,43700,7777124
18/11/19,0,43650,0,0,0.5,0.5,0,44050,44250,43450,7538720
18/11/20,1,42800,0,0,0,1,0,42450,43000,42100,9420664
18/11/21,2,42100,0,0,0,1,0,41800,42300,41800,10769589
18/11/22,3,42450,0,0.5,0.5,0,0,42000,42650,42000,5970796
18/11/23,4,42400,0,0,1,0,0,42450,42600,41900,5192638
18/11/26,0,42600,0,0,1,0,0,42150,42800,42100,6613009
18/11/27,1,43050,0,1,0,0,0,42900,43100,42500,8367091
18/11/28,2,43150,0,0,1,0,0,42800,43200,42750,6943099
18/11/29,3,43150,0,0,1,0,0,43850,43850,42900,8473511
18/11/30,4,41850,0,0,0,0.5,0.5,43450,44000,41750,19775519
18/12/03,0,43250,0.5,0.5,0,0,0,42750,43400,42400,12110702
18/12/04,1,42150,0,0,0,1,0,42650,42900,41900,14347746
18/12/05,2,41450,0,0,0,1,0,40900,41750,40850,12631983
18/12/06,3,40500,0,0,0,1,0,40600,41100,40450,14251826
18/12/07,4,40950,0,1,0,0,0,40900,41400,40850,11433083
18/12/10,0,40200,0,0,0,1,0,40450,40650,40000,14892263
18/12/11,1,40250,0,0,1,0,0,40600,40700,40200,10638766
18/12/12,2,40450,0,0,1,0,0,40250,40700,40150,12024279
18/12/13,3,40000,0,0,0,1,0,40650,40750,40000,26254646
18/12/14,4,38950,0,0,0,1,0,40200,40200,38700,19671783
18/12/17,0,39150,0,0.5,0.5,0,0,38650,39600,38650,11532968
18/12/18,1,38900,0,0,0.5,0.5,0,38300,39200,38300,11042101
18/12/19,2,39100,0,0.5,0.5,0,0,38900,39350,38850,9942037
18/12/20,3,38650,0,0,0,1,0,38600,39100,38500,11937617
18/12/21,4,38650,0,0,1,0,0,38200,38650,38100,14947080
18/12/24,0,38800,0,0,1,0,0,38500,39050,38300,9729530
18/12/26,2,38350,0,0,0,1,0,38400,38750,38300,12707675
18/12/27,3,38250,0,0,1,0,0,38700,38800,38100,10510643
18/12/28,4,38700,0,1,0,0,0,38250,38900,38200,9900267
19/01/02,2,38750,0,0,1,0,0,39400,39400,38550,7847664
19/01/03,3,37600,0,0,0,1,0,38300,38550,37450,12471493
19/01/04,4,37450,0,0,1,0,0,37450,37600,36850,14108958
19/01/07,0,38750,0.5,0.5,0,0,0,38000,38900,37800,12748997
19/01/08,1,38100,0,0,0,1,0,38000,39200,37950,12756554
19/01/09,2,39600,0.5,0.5,0,0,0,38650,39600,38300,17452708
19/01/10,3,39800,0,0.5,0.5,0,0,40000,40150,39600,14731699
19/01/11,4,40500,0,1,0,0,0,40350,40550,39950,11661063
19/01/14,0,40050,0,0,0,1,0,40450,40700,39850,11984996
19/01/15,1,41100,0,1,0,0,0,40050,41100,39850,11492756
19/01/16,2,41450,0,0.5,0.5,0,0,41150,41450,40700,8491595
19/01/17,3,41950,0,1,0,0,0,41700,42100,41450,11736903
19/01/18,4,42300,0,0.5,0.5,0,0,42000,42400,41950,11029256
19/01/21,0,42750,0,1,0,0,0,42700,42750,41900,11355701
19/01/22,1,42150,0,0,0,1,0,42750,42850,41850,9964356
19/01/23,2,42000,0,0,1,0,0,41350,42250,41350,11071079
19/01/24,3,43050,0,1,0,0,0,43050,43100,42350,14747623
19/01/25,4,44750,0.5,0.5,0,0,0,44300,44750,43750,22789395
19/01/28,0,45050,0,0.5,0.5,0,0,45000,45500,44600,17998914
19/01/29,1,45500,0,0.5,0.5,0,0,45050,45500,44350,16215017
19/01/30,2,46400,0,1,0,0,0,44800,46400,44800,17505980
19/01/31,3,46150,0,0,0.5,0.5,0,46650,47050,46150,21621145
19/02/01,4,46350,0,0,1,0,0,46650,46950,46250,13832454
19/02/07,3,46200,0,0,1,0,0,46800,47100,46200,15872001
19/02/08,4,44800,0,0,0,0.5,0.5,45700,45700,44650,12689196
19/02/11,0,45000,0,0,1,0,0,44500,45000,44250,11125044
19/02/12,1,46050,0,1,0,0,0,44650,46250,44650,13184367
19/02/13,2,46200,0,0,1,0,0,46400,46700,46000,11299738
19/02/14,3,47500,0,1,0,0,0,46600,47500,46150,17259341
19/02/15,4,46050,0,0,0,0.5,0.5,46750,46850,45650,10554643
19/02/18,0,46200,0,0,1,0,0,46500,46850,45850,8183728
19/02/19,1,45950,0,0,0.5,0.5,0,45850,46150,45450,6741395
19/02/20,2,46900,0,1,0,0,0,46750,47100,46500,11506720
19/02/21,3,46950,0,0,1,0,0,46500,47200,46200,8694009
19/02/22,4,47150,0,0,1,0,0,46500,47150,46450,6895772
19/02/25,0,47350,0,0,1,0,0,47400,47550,47050,7484716
19/02/26,1,46750,0,0,0,1,0,47350,47450,46500,7985547
19/02/27,2,46750,0,0,1,0,0,47000,47250,46750,8045211
19/02/28,3,45100,0,0,0,0.5,0.5,46400,46500,45100,23569321
19/03/04,0,44850,0,0,0.5,0.5,0,46000,46100,44800,12926539
19/03/05,1,44250,0,0,0,1,0,44600,45100,44150,10612405
19/03/06,2,44000,0,0,0.5,0.5,0,44000,44300,43700,10202544
19/03/07,3,44450,0,1,0,0,0,43400,44950,43400,11049749
19/03/08,4,43800,0,0,0,1,0,44450,44800,43800,7729069
19/03/11,0,43650,0,0,1,0,0,44400,44450,43650,10717408
19/03/12,1,44650,0,1,0,0,0,44300,44950,44150,11431977
19/03/13,2,43850,0,0,0,1,0,44250,44450,43700,8108343
19/03/14,3,43850,0,0,1,0,0,43700,44300,43550,18039161
19/03/15,4,44200,0,0.5,0.5,0,0,43800,44250,43700,16814163
19/03/18,0,43700,0,0,0,1,0,43950,44150,43450,8188876
19/03/19,1,43900,0,0,1,0,0,43750,43900,43550,7609563
19/03/20,2,44050,0,0,1,0,0,43800,44200,43100,9846242
19/03/21,3,45850,0.5,0.5,0,0,0,44600,46250,44050,21138016
19/03/22,4,46550,0,1,0,0,0,46850,47000,46250,12535911
19/03/25,0,45500,0,0,0,1,0,45300,45650,44800,8699728
19/03/26,1,45250,0,0,0.5,0.5,0,45500,45700,44900,9729811
19/03/27,2,45350,0,0,1,0,0,44750,45600,44250,9568081
19/03/28,3,44850,0,0,0,1,0,44950,45200,44300,6821306
19/03/29,4,44650,0,0,1,0,0,44500,44900,44200,11491713
19/04/01,0,45050,0,0.5,0.5,0,0,45200,45450,44850,7362129
19/04/02,1,45750,0,1,0,0,0,45550,46100,45350,9480688
19/04/03,2,46600,0,1,0,0,0,46750,46750,45800,12436570
19/04/04,3,46950,0,0.5,0.5,0,0,46150,47100,46150,12650168
19/04/05,4,46850,0,0,1,0,0,46950,47550,46600,8546339
19/04/08,0,46650,0,0,1,0,0,47250,47250,46150,8507909
19/04/09,1,46650,0,0,1,0,0,46700,46950,46200,6878761
19/04/10,2,46700,0,0,1,0,0,46400,46700,46050,11883995
19/04/11,3,46250,0,0,0.5,0.5,0,46700,46800,46150,13697399
19/04/12,4,46850,0,1,0,0,0,46050,46900,46000,7668936
19/04/15,0,47050,0,0,1,0,0,47150,47500,47000,8733019
19/04/16,1,47250,0,0,1,0,0,47400,47400,46800,7730881
19/04/17,2,47050,0,0,1,0,0,47300,47600,47000,5513658
19/04/18,3,45600,0,0,0,0.5,0.5,47200,47250,45500,12808747
19/04/19,4,45300,0,0,0.5,0.5,0,45750,46000,45250,8479710
19/04/22,0,45350,0,0,1,0,0,45400,45900,45100,6006957
19/04/23,1,45200,0,0,1,0,0,45050,45500,45000,6920566
19/04/24,2,44750,0,0,0,1,0,45400,45650,44150,13299267
19/04/25,3,44650,0,0,1,0,0,44250,45000,44100,10868965
19/04/26,4,44850,0,0,1,0,0,44200,45000,43800,9739982
19/04/29,0,46150,0,1,0,0,0,45150,46100,45100,8777517
19/04/30,1,45850,0,0,0.5,0.5,0,46000,46300,45350,11121273
19/05/02,3,45900,0,0,1,0,0,45500,46150,45400,8625126
19/05/03,4,45300,0,0,0,1,0,45900,46050,45300,6562916
19/05/07,1,44850,0,0,0.5,0.5,0,45250,45300,44400,12014907
19/05/08,2,44250,0,0,0,1,0,44300,44850,44200,10398754
19/05/09,3,42450,0,0,0,0.5,0.5,43900,44250,42450,23029718
19/05/10,4,42900,0,1,0,0,0,42600,43450,42450,14579512
19/05/13,0,42650,0,0,0.5,0.5,0,42500,43200,42350,7635079
19/05/14,1,42650,0,0,1,0,0,41300,43100,41300,11563730
19/05/15,2,42550,0,0,1,0,0,42700,43050,42550,7670185
19/05/16,3,41550,0,0,0,1,0,42350,42400,41350,13687828
19/05/17,4,42000,0,1,0,0,0,41950,42050,40850,15752397
19/05/21,1,43150,0,1,0,0,0,42600,43950,42350,18812133
19/05/22,2,43500,0,0.5,0.5,0,0,43700,43800,42400,11033339
19/05/23,3,43850,0,0.5,0.5,0,0,43900,44000,43250,12259006
19/05/24,4,42700,0,0,0,1,0,43800,43800,42400,13966305
19/05/27,0,42650,0,0,1,0,0,42500,43000,42350,8066669
19/05/28,1,42550,0,0,1,0,0,42550,42950,42150,24506881
19/05/29,2,41800,0,0,0,1,0,41850,42100,41300,14930618
19/05/30,3,42550,0,1,0,0,0,42200,42700,42150,11766018
19/05/31,4,42500,0,0,1,0,0,42600,42800,42150,11365999
19/06/03,0,43800,0.5,0.5,0,0,0,42950,43900,42500,15466580
19/06/04,1,43450,0,0,0.5,0.5,0,43400,43700,43000,9913497
19/06/05,2,43900,0,1,0,0,0,44050,44200,43700,12464135
19/06/07,4,44200,0,0.5,0.5,0,0,43600,44350,43450,11683682
19/06/10,0,44800,0,1,0,0,0,44300,44850,44050,8792182
19/06/11,1,44850,0,0,1,0,0,44800,45000,44550,6664872
19/06/12,2,44600,0,0,0.5,0.5,0,44800,45050,44300,8607439
19/06/13,3,43750,0,0,0,1,0,44200,44400,43400,16906541
19/06/14,4,44000,0,0.5,0.5,0,0,43750,44150,43300,9322873
19/06/17,0,43900,0,0,1,0,0,43750,44050,43400,11890424
19/06/18,1,44350,0,1,0,0,0,43750,44500,43650,7994928
19/06/19,2,45350,0,1,0,0,0,45450,45450,45000,10417690
19/06/20,3,45500,0,0,1,0,0,44850,45450,44850,7147785
19/06/21,4,45700,0,0,1,0,0,45750,45800,45200,9454913
19/06/24,0,45500,0,0,1,0,0,45200,45800,45200,6085066
19/06/25,1,45600,0,0,1,0,0,45200,45800,45200,7076774
19/06/26,2,45700,0,0,1,0,0,45800,46000,45600,9226097
19/06/27,3,46500,0,1,0,0,0,46000,46600,45750,12603534
19/06/28,4,47000,0,1,0,0,0,47000,47000,46700,12949231
19/07/01,0,46600,0,0,0.5,0.5,0,47350,47400,46250,11383522
19/07/02,1,46250,0,0,0.5,0.5,0,46200,46900,45850,8463073
19/07/03,2,45400,0,0,0,1,0,45750,46350,45200,9669368
19/07/04,3,46000,0,1,0,0,0,45250,46200,45250,6365573
19/07/05,4,45650,0,0,0.5,0.5,0,45950,45950,45250,7235395
19/07/08,0,44400,0,0,0,1,0,44750,44800,44350,7823843
19/07/09,1,45100,0,1,0,0,0,44850,45450,44700,7646421
19/07/10,2,45550,0,0.5,0.5,0,0,45550,46150,45500,9253930
19/07/11,3,46200,0,1,0,0,0,46350,46550,46150,10989751
19/07/12,4,46300,0,0,1,0,0,46350,46400,45800,5245804
19/07/15,0,46450,0,0,1,0,0,45950,46650,45750,4717226
19/07/16,1,46850,0,0.5,0.5,0,0,46450,46850,46300,7407824
19/07/17,2,46050,0,0,0,1,0,46150,46350,45950,5216602
19/07/18,3,46100,0,0,1,0,0,46450,46450,45650,5143554
19/07/19,4,46800,0,1,0,0,0,46650,46950,46600,8819393
19/07/22,0,47200,0,0.5,0.5,0,0,46800,47300,46600,9009109
19/07/23,1,47300,0,0,1,0,0,47350,47550,47050,9061381
19/07/24,2,46400,0,0,0,1,0,47100,47150,46250,8756522
19/07/25,3,47200,0,1,0,0,0,47150,47200,46600,8408838
19/07/26,4,47150,0,0,1,0,0,46650,47150,46550,7873886
19/07/29,0,46100,0,0,0,1,0,46800,47050,46000,6856846
19/07/30,1,46550,0,0.5,0.5,0,0,46300,46850,46300,5551014
19/07/31,2,45350,0,0,0,1,0,46200,46600,45000,12872916
19/08/01,3,45200,0,0,1,0,0,44900,45500,44850,7811181
19/08/02,4,44950,0,0,0.5,0.5,0,44550,45500,44300,12151374
19/08/05,0,43950,0,0,0,1,0,44350,44600,43600,14214086
19/08/06,1,43500,0,0,0,1,0,42500,43800,42500,15083824
19/08/07,2,43200,0,0,0.5,0.5,0,43600,43900,43100,10002533
19/08/08,3,42650,0,0,0,1,0,43250,43500,42650,16926881
19/08/09,4,43150,0,1,0,0,0,43250,43350,43050,9685147
19/08/12,0,43700,0,1,0,0,0,44000,44000,43550,8466169
19/08/13,1,43000,0,0,0,1,0,43500,43500,42950,7276979
19/08/14,2,43700,0,1,0,0,0,43900,44250,43500,8750135
19/08/16,4,43900,0,0,1,0,0,43800,43900,43300,9528115
19/08/19,0,43600,0,0,0.5,0.5,0,44350,44350,43500,6014218
19/08/20,1,44450,0,1,0,0,0,43950,44600,43550,8434205
19/08/21,2,44500,0,0,1,0,0,44350,44800,44150,6571717
19/08/22,3,44050,0,0,0,1,0,44500,44700,43850,8061177
19/08/23,4,43950,0,0,1,0,0,43800,44200,43650,5017381
19/08/26,0,43600,0,0,0.5,0.5,0,43050,43800,42950,7954949
19/08/27,1,44050,0,1,0,0,0,43650,44200,43600,16883932
19/08/28,2,44150,0,0,1,0,0,44100,44400,43750,5758333
19/08/29,3,43400,0,0,0,1,0,44200,44200,43050,10768862
19/08/30,4,44000,0,1,0,0,0,43750,44300,43750,9899073
19/09/02,0,43800,0,0,1,0,0,44850,44850,43650,7185537
19/09/03,1,43250,0,0,0,1,0,43550,43650,43100,9774941
19/09/04,2,44100,0,1,0,0,0,43250,44100,43150,12441837
19/09/05,3,45700,0.5,0.5,0,0,0,44800,46100,44450,18297430
19/09/06,4,46300,0,1,0,0,0,46500,46500,45850,9896562
19/09/09,0,46900,0,1,0,0,0,46450,47000,46300,9434157
19/09/10,1,47000,0,0,1,0,0,47100,47200,46550,9231792
19/09/11,2,47150,0,0,1,0,0,47300,47400,46800,16141619
19/09/16,0,47100,0,0,1,0,0,47000,47100,46400,15550926
19/09/17,1,46900,0,0,1,0,0,47000,47100,46800,7006280
19/09/18,2,47700,0,1,0,0,0,46900,47700,46800,10413027
19/09/19,3,49150,0.5,0.5,0,0,0,48050,49200,47850,16461413
19/09/20,4,49200,0,0,1,0,0,49400,49600,49100,15460210
19/09/23,0,49300,0,0,1,0,0,49250,49300,49000,7568553
19/09/24,1,49500,0,0,1,0,0,49050,49650,48850,7871955
19/09/25,2,48900,0,0,0,1,0,49200,49350,48800,9187141
19/09/26,3,49200,0,0.5,0.5,0,0,49000,49250,48900,8494756
19/09/27,4,48400,0,0,0,1,0,48000,48700,48000,8048041
19/09/30,0,49050,0,1,0,0,0,48050,49250,47900,9497119
19/10/01,1,48850,0,0,1,0,0,48900,49100,48650,6206035
19/10/02,2,47600,0,0,0,1,0,48350,48400,47600,8382463
19/10/04,4,48000,0,0.5,0.5,0,0,47400,48650,47350,9331695
19/10/07,0,47750,0,0,0.5,0.5,0,48350,48700,47650,7047273
19/10/08,1,48900,0,1,0,0,0,47900,49000,47600,14239367
19/10/10,3,48550,0,0,0.5,0.5,0,48200,49200,48000,18639855
19/10/11,4,49150,0,1,0,0,0,49000,49450,48800,7783275
19/10/14,0,50000,0,1,0,0,0,50000,50300,49850,11130635
19/10/15,1,50100,0,0,1,0,0,49900,50200,49900,6058105
19/10/16,2,50700,0,1,0,0,0,50700,50900,50400,9136282
19/10/17,3,50500,0,0,1,0,0,50500,50600,50100,6701380
19/10/18,4,49900,0,0,0,1,0,50300,50900,49650,8483106
19/10/21,0,50300,0,0.5,0.5,0,0,49900,50400,49800,4406531
19/10/22,1,51200,0,1,0,0,0,50800,51500,50700,10898729
19/10/23,2,51200,0,0,1,0,0,51300,51500,50800,8663880
19/10/24,3,50700,0,0,0.5,0.5,0,52500,52500,50500,21185785
19/10/25,4,50900,0,0,1,0,0,50800,51200,50500,7879897
19/10/28,0,51300,0,0.5,0.5,0,0,50700,51500,50700,6431522
19/10/29,1,51100,0,0,1,0,0,51400,51700,50800,7581629
19/10/30,2,50400,0,0,0,1,0,50700,50800,50200,8959435
19/10/31,3,50400,0,0,1,0,0,51000,51400,50300,10304777
19/11/01,4,51200,0,1,0,0,0,50600,51200,50400,8467846
19/11/04,0,52300,0,1,0,0,0,51700,52300,51400,13012411
19/11/05,1,52700,0,0.5,0.5,0,0,52400,52700,52100,10581034
19/11/06,2,53300,0,1,0,0,0,52900,53500,52700,14361133
19/11/07,3,52900,0,0,0.5,0.5,0,53400,53400,52400,9257116
19/11/08,4,52100,0,0,0,1,0,53200,53300,52000,11603290
19/11/11,0,51600,0,0,0.5,0.5,0,52200,52200,51400,8185952
19/11/12,1,52600,0,1,0,0,0,51800,52600,51600,6576148
19/11/13,2,52500,0,0,1,0,0,52500,52500,52000,6225196
19/11/14,3,52800,0,0.5,0.5,0,0,51900,52800,51900,12010018
19/11/15,4,53700,0,1,0,0,0,52900,53700,52600,9703360
19/11/18,0,53500,0,0,1,0,0,53600,53800,53200,7746554
19/11/19,1,53500,0,0,1,0,0,53200,53500,52700,8907177
19/11/20,2,52000,0,0,0,1,0,53400,53400,52000,12560070
19/11/21,3,51000,0,0,0,1,0,51600,52100,50600,14298646
19/11/22,4,51600,0,1,0,0,0,51000,51600,50900,8478310
19/11/25,0,51800,0,0,1,0,0,52200,52600,51700,9050625
19/11/26,1,51800,0,0,1,0,0,51900,52900,51800,27372226
19/11/27,2,52200,0,0.5,0.5,0,0,51800,52300,51600,7546261
19/11/28,3,51300,0,0,0,1,0,51900,52100,51300,6833885
19/11/29,4,50300,0,0,0,1,0,51200,51400,50200,11179334
19/12/02,0,50400,0,0,1,0,0,50900,51300,50400,18877252
19/12/03,1,49900,0,0,0.5,0.5,0,49800,50300,49500,12059812
19/12/04,2,49450,0,0,0.5,0.5,0,49600,49850,49000,13246549
19/12/05,3,49500,0,0,1,0,0,50200,50400,49500,10449715
19/12/06,4,50400,0,1,0,0,0,50100,50900,49950,11414563
19/12/09,0,51200,0,1,0,0,0,50900,51400,50700,8470627
19/12/10,1,51500,0,0.5,0.5,0,0,51000,51600,50700,6882771
19/12/11,2,51900,0,0.5,0.5,0,0,51500,52200,51400,11379521
19/12/12,3,53300,0,1,0,0,0,53000,53300,52700,29178697
19/12/13,4,54700,0,1,0,0,0,54500,54800,53900,18120261
19/12/16,0,54700,0,0,1,0,0,54500,54900,54300,11512405
19/12/17,1,56700,0.5,0.5,0,0,0,55800,56700,55400,19358433
19/12/18,2,56300,0,0,0.5,0.5,0,56700,57200,56000,15558208
19/12/19,3,56000,0,0,0.5,0.5,0,57000,57300,55500,14180520
19/12/20,4,56000,0,0,1,0,0,56100,56500,55600,12095519
19/12/23,0,55500,0,0,0.5,0.5,0,56100,56400,55100,9839252
19/12/24,1,55000,0,0,0.5,0.5,0,55600,55700,54800,11868463
19/12/26,3,55400,0,0.5,0.5,0,0,54700,55400,54400,9645034
19/12/27,4,56500,0,1,0,0,0,55700,56900,55500,12313056
19/12/30,0,55800,0,0,0,1,0,56200,56600,55700,8356767
20/01/02,3,55200,0,0,0,1,0,55500,56000,55000,12993228
20/01/03,4,55500,0,0.5,0.5,0,0,56000,56600,54900,15422255
20/01/06,0,55500,0,0,1,0,0,54900,55600,54600,10278951
20/01/07,1,55800,0,0.5,0.5,0,0,55700,56400,55600,10009778
20/01/08,2,56800,0,1,0,0,0,56200,57400,55900,23501171
20/01/09,3,58600,0.5,0.5,0,0,0,58400,58600,57400,24102579
20/01/10,4,59500,0,1,0,0,0,58800,59700,58300,16000170
20/01/13,0,60000,0,0.5,0.5,0,0,59600,60000,59100,11359139
20/01/14,1,60000,0,0,1,0,0,60400,61000,59900,16906295
20/01/15,2,59000,0,0,0,1,0,59500,59600,58900,14300928
20/01/16,3,60700,0,1,0,0,0,59100,60700,59000,14381774
20/01/17,4,61300,0,0.5,0.5,0,0,61900,62000,61000,16025661
20/01/20,0,62400,0,1,0,0,0,62000,62800,61700,12528855
20/01/21,1,61400,0,0,0,1,0,62000,62400,61200,11142693
20/01/22,2,62300,0,1,0,0,0,60500,62600,60400,15339565
20/01/23,3,60800,0,0,0,1,0,61800,61800,60700,14916555
20/01/28,1,58800,0,0,0,0.5,0.5,59400,59400,58300,23664541
20/01/29,2,59100,0,0.5,0.5,0,0,59100,59700,58800,16446102
20/01/30,3,57200,0,0,0,0.5,0.5,58800,58800,56800,20821939
20/01/31,4,56400,0,0,0,1,0,57800,58400,56400,19749457
20/02/03,0,57200,0,1,0,0,0,55500,57400,55200,23995260
20/02/04,1,58900,0,1,0,0,0,57100,59000,56800,21800192
20/02/05,2,59500,0,1,0,0,0,60000,60200,58900,19278165
20/02/06,3,61100,0,1,0,0,0,60100,61000,59700,14727159
20/02/07,4,60400,0,0,0,1,0,61100,61200,59700,16402493
20/02/10,0,59700,0,0,0,1,0,59200,59800,59100,13107121
20/02/11,1,59900,0,0,1,0,0,59800,60700,59700,11071231
20/02/12,2,60500,0,0.5,0.5,0,0,60300,60700,59700,12904207
20/02/13,3,60700,0,0,1,0,0,61200,61600,60500,18449775
20/02/14,4,61800,0,1,0,0,0,60900,61900,60200,13276067
20/02/17,0,61500,0,0,1,0,0,61600,62000,61200,8740596
20/02/18,1,59800,0,0,0,1,0,60800,60900,59700,16674266
20/02/19,2,60200,0,0.5,0.5,0,0,59800,60400,59400,12951496
20/02/20,3,60000,0,0,1,0,0,60700,61300,59600,14591924
20/02/21,4,59200,0,0,0,1,0,58800,59800,58500,13777393
20/02/24,0,56800,0,0,0,0.5,0.5,57400,58100,56800,25627537
20/02/25,1,57900,0,1,0,0,0,56200,58000,56200,23885408
20/02/26,2,56500,0,0,0,1,0,56000,57000,56000,25483102
20/02/27,3,55900,0,0,0,1,0,56300,56900,55500,23209541
20/02/28,4,54200,0,0,0,0.5,0.5,55000,55500,54200,30054227
20/03/02,0,55000,0,1,0,0,0,54300,55500,53600,30403412
20/03/03,1,55400,0,0.5,0.5,0,0,56700,56900,55100,30330295
20/03/04,2,57400,0.5,0.5,0,0,0,54800,57600,54600,24765728
20/03/05,3,57800,0,0.5,0.5,0,0,57600,58000,56700,21698990
20/03/06,4,56500,0,0,0,1,0,56500,57200,56200,18716656
20/03/09,0,54200,0,0,0,0.5,0.5,54700,55000,53600,30261485
20/03/10,1,54600,0,0.5,0.5,0,0,53800,54900,53700,32106554
20/03/11,2,52100,0,0,0,0.5,0.5,54300,54400,52000,45707281
20/03/12,3,50800,0,0,0,1,0,51000,51900,49300,48149999
20/03/13,4,49950,0,0,0,1,0,47450,51600,46850,59462933
20/03/16,0,48900,0,0,0,1,0,50100,50900,48800,33339821
20/03/17,1,47300,0,0,0,0.5,0.5,46900,49650,46700,51218151
20/03/18,2,45600,0,0,0,0.5,0.5,47750,48350,45600,40152623
20/03/19,3,42950,0,0,0,0,1,46400,46650,42300,56925513
20/03/20,4,45400,1,0,0,0,0,44150,45500,43550,49730008
20/03/23,0,42500,0,0,0,0,1,42600,43550,42400,41701626
20/03/24,1,46950,1,0,0,0,0,43850,46950,43050,49801908
20/03/25,2,48650,0.5,0.5,0,0,0,48950,49600,47150,52735922
20/03/26,3,47800,0,0,0,1,0,49000,49300,47700,42185129
20/03/27,4,48300,0,1,0,0,0,49600,49700,46850,39896178
20/03/30,0,47850,0,0,0.5,0.5,0,47050,48350,46550,26797395
20/03/31,1,47750,0,0,1,0,0,48000,48500,47150,30654261
20/04/01,2,45800,0,0,0,0.5,0.5,47450,47900,45800,27259532
20/04/02,3,46800,0,1,0,0,0,46200,46850,45350,21621076
20/04/03,4,47000,0,0,1,0,0,47400,47600,46550,22784682
20/04/06,0,48700,0.5,0.5,0,0,0,47500,48800,47250,23395726
20/04/07,1,49600,0,1,0,0,0,49650,50200,49000,31524034
20/04/08,2,48600,0,0,0,1,0,49600,49750,48600,25010314
20/04/09,3,49100,0,1,0,0,0,49750,49800,48700,22628058
20/04/10,4,49250,0,0,1,0,0,48950,49250,48650,17839111
20/04/13,0,48300,0,0,0,1,0,48650,48900,48300,14431800
20/04/14,1,49000,0,1,0,0,0,48800,49200,48300,14206216
20/04/16,3,49000,0,0,1,0,0,49350,49350,48550,23349760
20/04/17,4,51400,0.5,0.5,0,0,0,50800,52000,50300,32041675
20/04/20,0,50100,0,0,0,1,0,51400,51400,50000,21866354
20/04/21,1,49250,0,0,0,1,0,49400,49700,48700,27407543
20/04/22,2,49850,0,1,0,0,0,48700,50000,48350,18613864
20/04/23,3,49850,0,0,1,0,0,50200,50300,49500,18754442
20/04/24,4,49350,0,0,0,1,0,49650,49750,49000,15618347
20/04/27,0,49850,0,1,0,0,0,49350,50000,49100,14049471
20/04/28,1,50100,0,0,1,0,0,49850,50100,49300,16095399
20/04/29,2,50000,0,0,1,0,0,49900,50500,49600,15604533
20/05/04,0,48500,0,0,0,0.5,0.5,48900,49100,48500,26083749
20/05/06,2,49200,0,1,0,0,0,49000,49200,48500,18070225
20/05/07,3,48800,0,0,0.5,0.5,0,49200,49300,48700,13884411
20/05/08,4,48800,0,0,1,0,0,49100,49350,48800,15319700
20/05/11,0,48400,0,0,0.5,0.5,0,48900,49250,48300,16357743
20/05/12,1,47900,0,0,0,1,0,48400,48500,47550,23433590
20/05/13,2,48550,0,1,0,0,0,47250,48550,47200,20223277
20/05/14,3,48000,0,0,0,1,0,47750,48100,47650,19305974
20/05/15,4,47850,0,0,1,0,0,48400,48450,47700,18463118
20/05/18,0,48800,0,1,0,0,0,47950,49100,47600,20481981
20/05/19,1,50300,0.5,0.5,0,0,0,50100,50500,49700,25168295
20/05/20,2,50000,0,0,0.5,0.5,0,50000,50200,49800,14896899
20/05/21,3,49950,0,0,1,0,0,50300,50400,49850,14949266
20/05/22,4,48750,0,0,0,1,0,49600,49800,48600,19706284
20/05/25,0,48850,0,0,1,0,0,48750,48900,48450,14337913
20/05/26,1,49250,0,0.5,0.5,0,0,48700,49450,48600,15127490
20/05/27,2,49900,0,1,0,0,0,48950,50000,48800,19548479
20/05/28,3,50400,0,0.5,0.5,0,0,51100,51200,49900,31309318
20/05/29,4,50700,0,0.5,0.5,0,0,50000,50700,49700,27596961
20/06/01,0,51200,0,0.5,0.5,0,0,50800,51200,50600,16949183
20/06/02,1,51400,0,0,1,0,0,51000,51500,50800,14247933
20/06/03,2,54500,1,0,0,0,0,51800,55000,51700,49257814
20/06/04,3,54600,0,0,1,0,0,55800,57000,54600,40220334
20/06/05,4,55500,0,1,0,0,0,54400,55900,54000,22743629
20/06/08,0,54900,0,0,0,1,0,56400,56500,54700,25634965
20/06/09,1,55500,0,1,0,0,0,55800,56500,54400,23998831
20/06/10,2,55400,0,0,1,0,0,55100,55900,54900,16742493
20/06/11,3,54300,0,0,0,1,0,54500,55100,53200,33815123
20/06/12,4,52300,0,0,0,0.5,0.5,52100,52800,51500,26976019
20/06/15,0,49900,0,0,0,0.5,0.5,51400,52000,49900,28772921
20/06/16,1,52100,0.5,0.5,0,0,0,51200,52100,50600,21808375
20/06/17,2,52200,0,0,1,0,0,52100,52900,51300,26672595
20/06/18,3,52300,0,0,1,0,0,52200,52300,51600,15982926
20/06/19,4,52900,0,1,0,0,0,52600,52900,51600,18157985
20/06/22,0,52000,0,0,0,1,0,52000,52600,51800,13801350
20/06/23,1,51400,0,0,0,1,0,52500,52800,51100,18086152
20/06/24,2,52900,0,1,0,0,0,51900,53900,51600,24519552
20/06/25,3,51900,0,0,0,1,0,52100,53000,52000,18541624
20/06/26,4,53300,0,1,0,0,0,52800,53900,52200,21575360
20/06/29,0,52400,0,0,0,1,0,52500,53200,52000,17776925
20/06/30,1,52800,0,0.5,0.5,0,0,53900,53900,52800,21157172
20/07/01,2,52600,0,0,1,0,0,53400,53600,52400,16706143
20/07/02,3,52900,0,0.5,0.5,0,0,52100,52900,52100,14142583
20/07/03,4,53600,0,1,0,0,0,53000,53600,52700,11887868
20/07/06,0,55000,0,1,0,0,0,54000,55000,53800,19856623
20/07/07,1,53400,0,0,0,1,0,55800,55900,53400,30760032
20/07/08,2,53000,0,0,0.5,0.5,0,53600,53900,52900,19664652
20/07/09,3,52800,0,0,1,0,0,53200,53600,52800,17054850
20/07/10,4,52700,0,0,1,0,0,53100,53200,52300,13714746
20/07/13,0,53400,0,1,0,0,0,53300,53800,53100,12240188
20/07/14,1,53800,0,0.5,0.5,0,0,53700,53800,53200,14269484
20/07/15,2,54700,0,1,0,0,0,54400,55000,54300,24051450
20/07/16,3,53800,0,0,0,1,0,54800,54800,53800,16779127
20/07/17,4,54400,0,1,0,0,0,54200,54700,54100,10096174
20/07/20,0,54200,0,0,1,0,0,54800,54800,54000,10507530
20/07/21,1,55300,0,1,0,0,0,55200,55400,54800,18297260
20/07/22,2,54700,0,0,0,1,0,55300,55500,54700,12885057
20/07/23,3,54100,0,0,0,1,0,54700,54700,53800,16214932
20/07/24,4,54200,0,0,1,0,0,54000,54400,53700,10994535
20/07/27,0,55600,0,1,0,0,0,54300,55700,54300,21054421
20/07/28,1,58600,1,0,0,0,0,57000,58800,56400,48431566
20/07/29,2,59000,0,0.5,0.5,0,0,60300,60400,58600,36476611
20/07/30,3,59000,0,0,1,0,0,59700,60100,59000,19285354
20/07/31,4,57900,0,0,0,1,0,59500,59600,57700,21943345
20/08/03,0,56800,0,0,0,1,0,57800,57900,56700,21158940
20/08/04,1,57300,0,0.5,0.5,0,0,57200,58100,57000,19419694
20/08/05,2,56900,0,0,0.5,0.5,0,57300,57500,56300,17739706
20/08/06,3,58000,0,1,0,0,0,57100,58400,57100,21625874
20/08/07,4,57500,0,0,0.5,0.5,0,57900,58400,57100,18751717
20/08/10,0,57800,0,0.5,0.5,0,0,57600,58300,57500,17774291
20/08/11,1,58200,0,0.5,0.5,0,0,58000,59500,57800,24907912
20/08/12,2,59000,0,1,0,0,0,58200,59000,57700,18573934
20/08/13,3,58700,0,0,0.5,0.5,0,59400,59600,58000,22089460
20/08/14,4,58000,0,0,0,1,0,58000,58400,57700,15672548
20/08/18,1,58400,0,0.5,0.5,0,0,58900,59900,58000,25307825
20/08/19,2,57800,0,0,0,1,0,59000,59200,57800,16930719
20/08/20,3,55400,0,0,0,0.5,0.5,57600,57600,55300,30386029
20/08/21,4,55900,0,0.5,0.5,0,0,56200,56900,55800,21142288
20/08/24,0,56100,0,0,1,0,0,55800,56600,55400,15055896
20/08/25,1,56400,0,0.5,0.5,0,0,56400,56800,56100,14021705
20/08/26,2,56400,0,0,1,0,0,56400,56500,55700,17651593
20/08/27,3,55600,0,0,0,1,0,56300,56300,55600,16196568
20/08/28,4,55400,0,0,1,0,0,56100,56300,55400,14619888
20/08/31,0,54000,0,0,0,1,0,56000,56100,54000,32671367
20/09/01,1,54200,0,0,1,0,0,54100,54800,54100,19363117
20/09/02,2,54400,0,0,1,0,0,54600,55100,54100,16905723
20/09/03,3,56400,0.5,0.5,0,0,0,55600,56700,55500,28384920
20/09/04,4,55600,0,0,0,1,0,55200,55800,55100,22139109
20/09/07,0,56500,0,1,0,0,0,56100,57300,55800,18685880
20/09/08,1,58700,0.5,0.5,0,0,0,57400,58700,57200,31517520
20/09/09,2,58400,0,0,0.5,0.5,0,58200,59300,57800,30597399
20/09/10,3,59200,0,1,0,0,0,59900,60000,59100,29923293
20/09/11,4,59000,0,0,1,0,0,59300,59400,58200,16017098
20/09/14,0,60400,0,1,0,0,0,60200,60800,59900,20648281
20/09/15,1,61000,0,0.5,0.5,0,0,60900,61000,60500,17877075
20/09/16,2,61000,0,0,1,0,0,61100,61300,60600,17041444
20/09/17,3,59500,0,0,0,1,0,60700,60800,59300,25108356
20/09/18,4,59300,0,0,1,0,0,59800,59900,59100,18884571
20/09/21,0,59200,0,0,1,0,0,59100,60000,59000,15140387
20/09/22,1,58200,0,0,0,1,0,59100,59700,57800,20830381
20/09/23,2,58600,0,0.5,0.5,0,0,58400,58800,57400,20111398
20/09/24,3,57800,0,0,0,1,0,57700,58600,57600,17564020
20/09/25,4,57900,0,0,1,0,0,57700,58200,57700,11444683
20/09/28,0,58200,0,0.5,0.5,0,0,58300,58800,57900,12614080
20/09/29,1,58200,0,0,1,0,0,58300,59000,58200,15503563
20/10/05,0,58700,0,0.5,0.5,0,0,57500,59200,57500,20228289
20/10/06,1,59000,0,0.5,0.5,0,0,59400,59900,58700,14463826
20/10/07,2,59900,0,1,0,0,0,58700,59900,58500,14861838
20/10/08,3,59700,0,0,1,0,0,60500,60700,59500,24589924
20/10/12,0,60400,0,1,0,0,0,60000,60400,59900,16145837
20/10/13,1,60900,0,0.5,0.5,0,0,61000,61400,60400,19247631
20/10/14,2,60900,0,0,1,0,0,61000,61100,60500,16086716
20/10/15,3,60000,0,0,0,1,0,60700,60800,59700,17756232
20/10/16,4,59500,0,0,0.5,0.5,0,60000,60400,59000,16554190
20/10/19,0,60000,0,0.5,0.5,0,0,59600,60200,59500,14474985
20/10/20,1,60900,0,1,0,0,0,60300,60900,60100,19326115
20/10/21,2,60900,0,0,1,0,0,61200,61500,60600,15703443
20/10/22,3,60100,0,0,0,1,0,60300,60500,59800,14294095
20/10/23,4,60200,0,0,1,0,0,60400,60400,59800,9322232
20/10/26,0,60400,0,0,1,0,0,60400,61100,60100,13268226
20/10/27,1,59800,0,0,0.5,0.5,0,60300,60300,59500,17260416
20/10/28,2,59000,0,0,0,1,0,59400,59400,58800,14428882
20/10/29,3,58100,0,0,0,1,0,58200,58500,57500,22636966
20/10/30,4,56600,0,0,0,1,0,58000,58000,56600,26907844
20/11/02,0,57400,0,1,0,0,0,56400,57500,56000,20489076
20/11/03,1,58800,0,1,0,0,0,57900,58900,57600,14950919
20/11/04,2,58500,0,0,0.5,0.5,0,58900,59000,57800,21718561
20/11/05,3,60300,0.5,0.5,0,0,0,59000,60300,58800,20639475
20/11/06,4,60100,0,0,1,0,0,60700,60800,59600,16910230
20/11/09,0,60200,0,0,1,0,0,60700,60900,60100,15892961
20/11/10,1,60200,0,0,1,0,0,60500,60500,59500,19073552
20/11/11,2,61300,0,1,0,0,0,60700,61400,60400,25628510
20/11/12,3,61000,0,0,1,0,0,61000,61400,60700,19800573
20/11/13,4,63200,0.5,0.5,0,0,0,61300,63200,61000,31508829
20/11/16,0,66300,0.5,0.5,0,0,0,64000,66700,63900,36354334
20/11/17,1,65700,0,0,0.5,0.5,0,67000,67000,65600,30204089
20/11/18,2,64800,0,0,0,1,0,65700,66200,64700,22963790
20/11/19,3,64600,0,0,1,0,0,64100,64800,63900,16590290
20/11/20,4,64700,0,0,1,0,0,63900,65200,63900,15068682
20/11/23,0,67500,0.5,0.5,0,0,0,64800,67800,64700,27134398
20/11/24,1,67700,0,0,1,0,0,67900,69500,67000,32158235
20/11/25,2,66600,0,0,0,1,0,67900,68300,66500,32447065
20/11/26,3,68000,0,1,0,0,0,66100,68000,66000,19023323
20/11/27,4,68200,0,0,1,0,0,68000,68400,67600,14063434
20/11/30,0,66700,0,0,0,1,0,68400,68600,66700,43811016
20/12/01,1,67800,0,1,0,0,0,67100,68300,67100,22327173
20/12/02,2,69500,0,1,0,0,0,68400,69900,68300,29703942
20/12/03,3,69700,0,0,1,0,0,70100,70500,69300,23677989
20/12/04,4,71500,0,1,0,0,0,70400,72100,70100,28130533
20/12/07,0,72900,0,1,0,0,0,72400,73500,71900,28490496
20/12/08,1,71700,0,0,0,1,0,72200,72900,71600,25000338
20/12/09,2,73900,0.5,0.5,0,0,0,72100,73900,72000,24077996
20/12/10,3,72900,0,0,0,1,0,72700,73800,72500,39882928
20/12/11,4,73400,0,0.5,0.5,0,0,73500,73800,73100,18486672
20/12/14,0,73800,0,0.5,0.5,0,0,73600,74500,73200,21510415
20/12/15,1,73800,0,0,1,0,0,73800,74100,73300,20863671
20/12/16,2,73800,0,0,1,0,0,74100,74500,73400,17512081
20/12/17,3,73300,0,0,0.5,0.5,0,73400,73700,72600,24293214
20/12/18,4,73000,0,0,1,0,0,73300,73700,73000,17613029
20/12/21,0,73000,0,0,1,0,0,73100,73400,72000,20367355
20/12/22,1,72300,0,0,0.5,0.5,0,72500,73200,72100,16304910
20/12/23,2,73900,0,1,0,0,0,72400,74000,72300,19411326
20/12/24,3,77800,1,0,0,0,0,74100,78800,74000,32502870
20/12/28,0,78700,0,1,0,0,0,79000,80100,78200,40085044
20/12/29,1,78300,0,0,0.5,0.5,0,78800,78900,77300,30339449
20/12/30,2,81000,0.5,0.5,0,0,0,77400,81300,77300,29417421
21/01/04,0,83000,0,1,0,0,0,81000,84400,80200,38655276
21/01/05,1,83900,0,1,0,0,0,81600,83700,81600,35335669
21/01/06,2,82200,0,0,0,1,0,83300,84500,82100,42089013
21/01/07,3,82900,0,0.5,0.5,0,0,82800,84200,82700,32644642
21/01/08,4,88800,1,0,0,0,0,83300,90000,83000,59013307
21/01/11,0,91000,0,1,0,0,0,90000,96800,89500,90306177
21/01/12,1,90600,0,0,1,0,0,90300,91400,87800,48682416
21/01/13,2,89700,0,0,0.5,0.5,0,89800,91200,89100,36068848
21/01/14,3,89700,0,0,1,0,0,88700,90000,88700,26393970
21/01/15,4,88000,0,0,0,1,0,89800,91800,88000,33431809
21/01/18,0,85000,0,0,0,0.5,0.5,86600,87300,84100,43227951
21/01/19,1,87000,0,1,0,0,0,84500,88000,83600,39895044
21/01/20,2,87200,0,0,1,0,0,89000,89000,86500,25211127
21/01/21,3,88100,0,1,0,0,0,87500,88600,86500,25318011
21/01/22,4,86800,0,0,0,1,0,89000,89700,86800,30861661
21/01/25,0,89400,0,1,0,0,0,87000,89900,86300,27258534
21/01/26,1,86700,0,0,0,0.5,0.5,88800,89200,86500,33178936
21/01/27,2,85600,0,0,0,1,0,86600,87700,85600,26423070
21/01/28,3,83700,0,0,0,1,0,83200,85600,83200,31859808
21/01/29,4,82000,0,0,0,1,0,84500,85000,82000,39615978
21/02/01,0,83000,0,1,0,0,0,81700,83400,81000,28046832
21/02/02,1,84400,0,1,0,0,0,84100,86400,83700,26302077
21/02/03,2,84600,0,0,1,0,0,84800,85400,83400,22112205
21/02/04,3,82500,0,0,0,1,0,83500,83800,82100,24171688
21/02/05,4,83500,0,1,0,0,0,83100,84000,82500,18036835
21/02/08,0,83000,0,0,0.5,0.5,0,83800,84200,83000,15338765
21/02/09,1,82700,0,0,1,0,0,84000,84800,82700,20898332
21/02/10,2,81600,0,0,0,1,0,82600,82600,81600,23025766
21/02/15,0,84200,0.5,0.5,0,0,0,83800,84500,83300,23529706
21/02/16,1,84900,0,0.5,0.5,0,0,84500,86000,84200,20483100
21/02/17,2,83200,0,0,0,1,0,83900,84200,83000,18307735
21/02/18,3,82100,0,0,0,1,0,83200,83600,82100,21327683
21/02/19,4,82600,0,0.5,0.5,0,0,82300,82800,81000,25880879
21/02/22,0,82200,0,0,1,0,0,83800,84200,82200,25419886
21/02/23,1,82000,0,0,1,0,0,81200,82900,81100,20587314
21/02/24,2,82000,0,0,1,0,0,81800,83600,81300,26807651
21/02/25,3,85300,0.5,0.5,0,0,0,84000,85400,83000,34155986
21/02/26,4,82500,0,0,0,0.5,0.5,82800,83400,82000,38520800
21/03/02,1,83600,0,1,0,0,0,85100,85300,83000,33498180
21/03/03,2,84000,0,0,1,0,0,83500,84000,82800,19882132
21/03/04,3,82400,0,0,0,1,0,82600,83200,82200,24348331
21/03/05,4,82100,0,0,1,0,0,81100,82600,81100,20508971
21/03/08,0,82000,0,0,1,0,0,82900,83000,81600,17641256
21/03/09,1,81400,0,0,0.5,0.5,0,81400,81900,80600,25420764
21/03/10,2,80900,0,0,0.5,0.5,0,82400,82500,80700,20038422
21/03/11,3,82000,0,1,0,0,0,81000,82500,81000,23818297
21/03/12,4,82800,0,0.5,0.5,0,0,83100,83500,82400,13530573
21/03/15,0,81800,0,0,0,1,0,82800,82900,81800,13735798
21/03/16,1,82800,0,1,0,0,0,82200,83000,82100,12293537
21/03/17,2,82300,0,0,0.5,0.5,0,82800,82900,82000,11625146
21/03/18,3,82900,0,0.5,0.5,0,0,82800,83800,82600,18585244
21/03/19,4,81900,0,0,0,1,0,82100,82500,81800,15869700
21/03/22,0,82000,0,0,1,0,0,82000,82300,81700,12670506
21/03/23,1,81800,0,0,1,0,0,82600,82900,81800,13299907
21/03/24,2,81000,0,0,0.5,0.5,0,81000,81600,80700,17926638
21/03/25,3,81200,0,0,1,0,0,81000,82100,80800,14758826
21/03/26,4,81500,0,0,1,0,0,81400,81600,81000,12845778
21/03/29,0,81600,0,0,1,0,0,81700,81700,81000,14952134
21/03/30,1,82200,0,0.5,0.5,0,0,81600,82300,81300,13121698
21/03/31,2,81400,0,0,0.5,0.5,0,82400,82700,81400,17240518
21/04/01,3,82900,0,1,0,0,0,82500,83000,82000,18676461
21/04/02,4,84800,0,1,0,0,0,84000,85200,83900,22997538
21/04/05,0,85400,0,0.5,0.5,0,0,85800,86000,84800,16255990
21/04/06,1,86000,0,0.5,0.5,0,0,86200,86200,85100,19042023
21/04/07,2,85600,0,0,1,0,0,86100,86200,85400,17885538
21/04/08,3,84700,0,0,0,1,0,85700,85700,84100,19244259
21/04/09,4,83600,0,0,0,1,0,84700,84900,83400,18193707
21/04/12,0,83200,0,0,1,0,0,84100,84100,83100,12915282
21/04/13,1,84000,0,0.5,0.5,0,0,83000,84500,82800,15238206
21/04/14,2,84000,0,0,1,0,0,84000,84300,83400,13794652
21/04/15,3,84100,0,0,1,0,0,83700,84500,83400,16377412
21/04/16,4,83900,0,0,1,0,0,84700,84700,83600,15429522
21/04/19,0,83300,0,0,0.5,0.5,0,83800,84000,83300,15287311
21/04/20,1,83900,0,0.5,0.5,0,0,83300,84000,83100,15521965
21/04/21,2,82600,0,0,0,1,0,83300,83500,82500,21636079
21/04/22,3,82400,0,0,1,0,0,82900,83000,82400,13934746
21/04/23,4,82800,0,0,1,0,0,81900,82900,81600,17805080
21/04/26,0,83500,0,0.5,0.5,0,0,82900,83300,82600,15489938
21/04/27,1,82900,0,0,0.5,0.5,0,83200,83300,82500,12941533
21/04/28,2,82100,0,0,0.5,0.5,0,83200,83200,82100,15596759
21/04/29,3,81700,0,0,1,0,0,82400,82500,81500,20000973
21/04/30,4,81500,0,0,1,0,0,81900,82100,81500,18673197
21/05/03,0,81700,0,0,1,0,0,81000,82400,81000,15710336
21/05/04,1,82600,0,1,0,0,0,81900,82600,81800,12532550
21/05/06,3,82300,0,0,1,0,0,81700,82300,81700,17047511
21/05/07,4,81900,0,0,1,0,0,81800,82100,81500,14154882
21/05/10,0,83200,0,1,0,0,0,82300,83500,81800,19385027
21/05/11,1,81200,0,0,0,1,0,82500,82600,81100,28996680
21/05/12,2,80000,0,0,0,1,0,80800,81200,79800,35812268
21/05/13,3,78500,0,0,0,1,0,78900,79600,78400,31490096
21/05/14,4,80100,0,1,0,0,0,79000,80300,78900,16450920
21/05/17,0,79600,0,0,0.5,0.5,0,80800,80900,79200,17740855
21/05/18,1,79600,0,0,1,0,0,79600,80000,79100,17494407
21/05/20,3,79500,0,0,1,0,0,79400,79700,79100,16541828
21/05/21,4,80100,0,0.5,0.5,0,0,80100,81500,79800,20961714
21/05/24,0,79700,0,0,0.5,0.5,0,80100,80400,79500,13398666
21/05/25,1,79900,0,0,1,0,0,80000,80400,79800,13628942
21/05/26,2,79800,0,0,1,0,0,80400,80500,79700,11984359
21/05/27,3,79600,0,0,1,0,0,80000,80000,79100,23198510
21/05/28,4,80100,0,0.5,0.5,0,0,79800,80400,79400,12360199
21/05/31,0,80500,0,0,1,0,0,80300,80600,79600,13321324
21/06/01,1,80600,0,0,1,0,0,80500,81300,80100,14058401
21/06/02,2,80800,0,0,1,0,0,80400,81400,80300,16414644
21/06/03,3,82800,0,1,0,0,0,81300,83000,81100,29546007
21/06/04,4,82200,0,0,0.5,0.5,0,82700,82700,81500,18112259
21/06/07,0,81900,0,0,1,0,0,82700,82800,81600,16496197
21/06/08,1,81900,0,0,1,0,0,82300,82600,81800,12781226
21/06/09,2,81100,0,0,0.5,0.5,0,81500,82000,81100,14908823
21/06/10,3,81000,0,0,1,0,0,81300,81400,80900,17586995
21/06/11,4,81000,0,0,1,0,0,81200,81700,80700,14087962
21/06/14,0,80500,0,0,0.5,0.5,0,80800,80900,80500,10550078
21/06/15,1,80900,0,0,1,0,0,80900,81200,80600,10075685
21/06/16,2,81800,0,1,0,0,0,81500,81900,81100,14999855
21/06/17,3,80900,0,0,0,1,0,81100,81300,80700,14007385
21/06/18,4,80500,0,0,1,0,0,81100,81100,80500,14916721
21/06/21,0,79900,0,0,0.5,0.5,0,79700,80000,79600,16063340
21/06/22,1,80000,0,0,1,0,0,80200,80300,79900,11773365
21/06/23,2,80100,0,0,1,0,0,80500,80600,79900,13856548
21/06/24,3,81200,0,1,0,0,0,80400,81400,80100,18771080
21/06/25,4,81600,0,0,1,0,0,81500,81900,81200,13481405
21/06/28,0,81900,0,0,1,0,0,81700,82000,81600,11578529
21/06/29,1,81000,0,0,0,1,0,81900,82100,80800,15744317
21/06/30,2,80700,0,0,1,0,0,81100,81400,80700,13288643
21/07/01,3,80100,0,0,0.5,0.5,0,80500,80600,80000,13382882
21/07/02,4,80000,0,0,1,0,0,80000,80400,79900,8753097
21/07/05,0,80400,0,0,1,0,0,80100,80800,80000,8330969
21/07/06,1,81200,0,0.5,0.5,0,0,80600,81200,80500,12131651
21/07/07,2,80800,0,0,1,0,0,81200,81300,80300,15992202
21/07/08,3,79900,0,0,0,1,0,81100,81200,79900,16660998
21/07/09,4,79400,0,0,0.5,0.5,0,79600,79800,79000,22720577
21/07/12,0,79700,0,0,1,0,0,79900,80000,79500,9768108
21/07/13,1,79800,0,0,1,0,0,80000,80200,79800,9863450
21/07/14,2,79500,0,0,1,0,0,79400,79600,79100,11575636
21/07/15,3,80600,0,1,0,0,0,79800,80600,79500,13766279
21/07/16,4,79800,0,0,0.5,0.5,0,80100,80100,79500,10859399
21/07/19,0,79000,0,0,0,1,0,79100,79200,78800,13155414
21/07/20,1,79000,0,0,1,0,0,78500,79000,78400,12456646
21/07/21,2,78500,0,0,0.5,0.5,0,79000,79100,78500,12355296
21/07/22,3,79700,0,1,0,0,0,79000,79800,78900,12618790
21/07/23,4,79300,0,0,0.5,0.5,0,79700,79900,79200,9098910
21/07/26,0,78800,0,0,0.5,0.5,0,79400,79500,78800,10040975
21/07/27,1,78500,0,0,1,0,0,79200,79400,78500,11427693
21/07/28,2,79200,0,0.5,0.5,0,0,78300,79200,78100,12743417
21/07/29,3,79000,0,0,1,0,0,78800,79400,78800,14360453
21/07/30,4,78500,0,0,0.5,0.5,0,78900,78900,78500,13823411
21/08/02,0,79300,0,1,0,0,0,79200,79500,78700,11739124
21/08/03,1,81400,0,1,0,0,0,79400,81400,79300,24339360
21/08/04,2,82900,0,1,0,0,0,82200,83100,81800,25642368
21/08/05,3,82100,0,0,0.5,0.5,0,83300,83300,82000,18485469
21/08/06,4,81500,0,0,0.5,0.5,0,81900,82500,81300,13342623
21/08/09,0,81500,0,0,1,0,0,81500,82300,80900,15522581
21/08/10,1,80200,0,0,0,1,0,82300,82400,80100,20362639
21/08/11,2,78500,0,0,0,1,0,79600,79800,78500,30241137
21/08/12,3,77000,0,0,0,1,0,77100,78200,76900,42365223
21/08/13,4,74400,0,0,0,0.5,0.5,75800,76000,74100,61270643
21/08/17,1,74200,0,0,1,0,0,74000,75100,74000,30944847
21/08/18,2,73900,0,0,1,0,0,73900,74600,73100,29192631
21/08/19,3,73100,0,0,0,1,0,73500,74400,73100,22166298
21/08/20,4,72700,0,0,0.5,0.5,0,73500,73900,72500,22364803
21/08/23,0,73300,0,0.5,0.5,0,0,73300,74000,73000,19384648
21/08/24,1,75600,0.5,0.5,0,0,0,73900,75700,73900,21016913
21/08/25,2,75700,0,0,1,0,0,76200,76600,74900,22319664
21/08/26,3,74600,0,0,0,1,0,76100,76200,74700,16671494
21/08/27,4,74300,0,0,1,0,0,74300,75000,73800,15172748
21/08/30,0,74600,0,0,1,0,0,75400,75500,74200,12686999
21/08/31,1,76700,0,1,0,0,0,74900,76700,74300,24630370
21/09/01,2,76800,0,0,1,0,0,76700,77100,75900,16114775
21/09/02,3,76000,0,0,0,1,0,76800,76800,75700,15347486
21/09/03,4,76600,0,0.5,0.5,0,0,76400,76700,76000,12096419
21/09/06,0,77300,0,0.5,0.5,0,0,76800,77600,76600,12861180
21/09/07,1,76100,0,0,0,1,0,77100,77100,75900,13239401
21/09/08,2,76300,0,0,1,0,0,76000,76400,75600,11798147
21/09/09,3,75300,0,0,0,1,0,76400,76600,75000,17600770
21/09/10,4,75300,0,0,1,0,0,75300,75600,74800,10103212
21/09/13,0,76300,0,1,0,0,0,75200,76300,75100,11397775
21/09/14,1,76600,0,0,1,0,0,77100,77700,76600,18167057
21/09/15,2,77000,0,0.5,0.5,0,0,77400,77400,76400,12829128
21/09/16,3,76100,0,0,0,1,0,77300,77400,76100,13067622
21/09/17,4,77200,0,1,0,0,0,76300,77200,75900,16289502
21/09/23,3,77400,0,0,1,0,0,77500,77600,76800,17055590
21/09/24,4,77300,0,0,1,0,0,77600,77700,77100,12247274
21/09/27,0,77700,0,0.5,0.5,0,0,77300,77700,77000,11699798
21/09/28,1,76300,0,0,0,1,0,77700,77800,76200,15406382
21/09/29,2,74100,0,0,0,1,0,74800,75300,73800,23992458
21/09/30,3,74100,0,0,1,0,0,74300,74800,73700,19919361
21/10/01,4,73200,0,0,0,1,0,73900,74000,72900,15803395
21/10/05,1,72200,0,0,0,1,0,73000,73000,71400,24013921
21/10/06,2,71300,0,0,0,1,0,72600,72800,71200,18956962
21/10/07,3,71600,0,0,1,0,0,71600,72100,71300,13683532
21/10/08,4,71500,0,0,1,0,0,72300,72400,71500,14043287
21/10/12,1,69000,0,0,0,0.5,0.5,70700,70900,68700,31001484
21/10/13,2,68800,0,0,1,0,0,68700,69600,68300,24172015
21/10/14,3,69400,0,0.5,0.5,0,0,69000,69800,68800,19520641
21/10/15,4,70100,0,1,0,0,0,70200,71000,70000,18051612
21/10/18,0,70200,0,0,1,0,0,70200,70300,69200,13486391
21/10/19,1,70600,0,0.5,0.5,0,0,70800,71000,70400,9507991
21/10/20,2,70300,0,0,1,0,0,70700,71000,70200,10151638
21/10/21,3,70200,0,0,1,0,0,70300,70600,70000,10891094
21/10/22,4,70400,0,0,1,0,0,70000,70700,70000,8395448
21/10/25,0,70200,0,0,1,0,0,69900,70600,69500,10029621
21/10/26,1,71100,0,1,0,0,0,70600,71500,70400,10528252
21/10/27,2,70100,0,0,0,1,0,71000,71000,70000,10295316
21/10/28,3,70700,0,0.5,0.5,0,0,69500,72200,69500,20644902
21/10/29,4,69800,0,0,0,1,0,71200,71600,69700,17016151
21/11/01,0,69900,0,0,1,0,0,70200,70600,69900,11503729
21/11/02,1,71500,0,1,0,0,0,70800,72200,70700,16812570
21/11/03,2,70400,0,0,0,1,0,71700,71700,70100,12770428
21/11/04,3,70600,0,0,1,0,0,71200,71600,70500,11818987
21/11/05,4,70200,0,0,0.5,0.5,0,71600,71600,70200,12667743
21/11/08,0,70600,0,0.5,0.5,0,0,70400,70600,69800,11121981
21/11/09,1,70500,0,0,1,0,0,70300,71000,70100,11159589
21/11/10,2,70200,0,0,1,0,0,70300,70900,70200,9422009
21/11/11,3,69900,0,0,1,0,0,69900,70000,69600,11489122
21/11/12,4,70600,0,0.5,0.5,0,0,70200,70900,69900,10087450
21/11/15,0,71400,0,1,0,0,0,71700,71900,70900,12420710
21/11/16,1,71300,0,0,1,0,0,71500,72000,71300,10919239
21/11/17,2,70700,0,0,0.5,0.5,0,71300,71600,70600,11027606
21/11/18,3,70200,0,0,0.5,0.5,0,70700,71000,70200,10144957
21/11/19,4,71200,0,1,0,0,0,70400,71400,70100,11954728
21/11/22,0,74900,1,0,0,0,0,73300,75200,73000,27506623
21/11/23,1,75300,0,0.5,0.5,0,0,76000,76000,74500,22029195
21/11/24,2,74800,0,0,0.5,0.5,0,76000,76200,74100,15652305
21/11/25,3,73700,0,0,0,1,0,75100,75100,73600,12559258
21/11/26,4,72300,0,0,0,1,0,73500,74100,72000,13002242
21/11/29,0,72300,0,0,1,0,0,71700,73000,71400,16682559
21/11/30,1,71300,0,0,0,1,0,73200,73900,70500,30364841
21/12/01,2,74400,0.5,0.5,0,0,0,72000,74800,71600,21954856
21/12/02,3,75800,0,1,0,0,0,73900,75800,73800,23652940
21/12/03,4,75600,0,0,1,0,0,75600,76000,74100,18330240
21/12/06,0,76300,0,0.5,0.5,0,0,75100,76700,74900,16391250
21/12/07,1,77400,0,1,0,0,0,76100,77700,75600,19232453
21/12/08,2,77400,0,0,1,0,0,78300,78600,77100,21558340
21/12/09,3,78200,0,1,0,0,0,77400,78200,77000,21604528
21/12/10,4,76900,0,0,0,1,0,77400,77600,76800,9155219
21/12/13,0,76800,0,0,1,0,0,77200,78300,76500,15038750
21/12/14,1,77000,0,0,1,0,0,76500,77200,76200,10976660
21/12/15,2,77600,0,0.5,0.5,0,0,76400,77500,76300,9584939
21/12/16,3,77800,0,0,1,0,0,78500,78500,77400,11996128
21/12/17,4,78000,0,0,1,0,0,76800,78000,76800,13108479
21/12/20,0,77100,0,0,0,1,0,77600,77800,76800,11264375
21/12/21,1,78100,0,1,0,0,0,77900,78300,77500,14245298
21/12/22,2,79400,0,1,0,0,0,78900,79400,78800,17105892
21/12/23,3,79900,0,0.5,0.5,0,0,79800,80000,79300,13577498
21/12/24,4,80500,0,0.5,0.5,0,0,80200,80800,80200,12086380
21/12/27,0,80200,0,0,1,0,0,80600,80600,79800,10783368
21/12/28,1,80300,0,0,1,0,0,80200,80400,79700,18226325
21/12/29,2,78800,0,0,0,1,0,80200,80200,78500,19794795
21/12/30,3,78300,0,0,0.5,0.5,0,78900,79500,78100,14236700
