date,weekdate,SamsungEU_RU,SamsungEU_U,SamsungEU_UC,SamsungEU_D,SamsungEU_RD,SamsungEU_end,SamsungEU_start,SamsungEU_high,SamsungEU_low,SamsungEU_abount
17/01/02,0,1440000,0,0,1,0,0,1432000,1448000,1415000,10822
17/01/03,1,1439000,0,0,1,0,0,1440000,1448000,1422000,23904
17/01/04,2,1440000,0,0,1,0,0,1451000,1452000,1425000,37092
17/01/05,3,1414000,0,0,0,1,0,1430000,1433000,1411000,47714
17/01/06,4,1431000,0,1,0,0,0,1430000,1438000,1423000,24743
17/01/09,0,1472000,0,1,0,0,0,1446000,1472000,1442000,36678
17/01/10,1,1477000,0,0,1,0,0,1469000,1476000,1465000,32881
17/01/11,2,1537000,0,1,0,0,0,1488000,1540000,1480000,52422
17/01/12,3,1537000,0,0,1,0,0,1518000,1540000,1518000,32671
17/01/13,4,1486000,0,0,0,1,0,1503000,1520000,1478000,42968
17/01/16,0,1466000,0,0,0,1,0,1471000,1493000,1440000,34399
17/01/17,1,1476000,0,0,1,0,0,1460000,1488000,1452000,18608
17/01/18,2,1473000,0,0,1,0,0,1476000,1493000,1459000,25931
17/01/19,3,1484000,0,0,1,0,0,1498000,1509000,1472000,35066
17/01/20,4,1471000,0,0,1,0,0,1485000,1491000,1467000,14034
17/01/23,0,1508000,0,1,0,0,0,1470000,1515000,1466000,26563
17/01/24,1,1522000,0,0,1,0,0,1517000,1533000,1513000,52712
17/01/25,2,1582000,0,1,0,0,0,1532000,1582000,1531000,1587462
17/01/26,3,1615000,0,1,0,0,0,1584000,1618000,1582000,47524
17/01/31,1,1571000,0,0,0,1,0,1613000,1614000,1571000,55798
17/02/01,2,1565000,0,0,1,0,0,1571000,1586000,1561000,53250
17/02/02,3,1574000,0,0,1,0,0,1570000,1589000,1566000,39900
17/02/03,4,1566000,0,0,1,0,0,1575000,1579000,1560000,37703
17/02/06,0,1577000,0,0,1,0,0,1573000,1577000,1544000,24920
17/02/07,1,1560000,0,0,0,1,0,1577000,1577000,1550000,27968
17/02/08,2,1549000,0,0,1,0,0,1558000,1558000,1526000,31196
17/02/09,3,1556000,0,0,1,0,0,1551000,1564000,1536000,26030
17/02/10,4,1537000,0,0,0,1,0,1550000,1560000,1537000,25440
17/02/13,0,1523000,0,0,1,0,0,1530000,1534000,1510000,22436
17/02/14,1,1519000,0,0,1,0,0,1524000,1535000,1509000,39607
17/02/15,2,1514000,0,0,1,0,0,1509000,1522000,1491000,42917
17/02/16,3,1523000,0,0,1,0,0,1510000,1528000,1510000,31379
17/02/17,4,1507000,0,0,0,1,0,1500000,1517000,1489000,43641
17/02/20,0,1537000,0,1,0,0,0,1530000,1544000,1521000,21327
17/02/21,1,1548000,0,0,1,0,0,1542000,1562000,1529000,38721
17/02/22,2,1559000,0,0,1,0,0,1549000,1560000,1546000,18164
17/02/23,3,1555000,0,0,1,0,0,1542000,1559000,1536000,30154
17/02/24,4,1498000,0,0,0,1,0,1547000,1548000,1498000,28575
17/02/27,0,1489000,0,0,1,0,0,1498000,1507000,1482000,17375
17/02/28,1,1496000,0,0,1,0,0,1492000,1524000,1491000,45441
17/03/02,3,1567000,0,1,0,0,0,1496000,1567000,1493000,39627
17/03/03,4,1545000,0,0,0,1,0,1539000,1557000,1528000,60571
17/03/06,0,1560000,0,0,1,0,0,1530000,1560000,1521000,34177
17/03/07,1,1557000,0,0,1,0,0,1559000,1566000,1548000,37044
17/03/08,2,1553000,0,0,1,0,0,1550000,1574000,1550000,32366
17/03/09,3,1540000,0,0,1,0,0,1555000,1558000,1540000,42325
17/03/10,4,1550000,0,0,1,0,0,1526000,1550000,1526000,34729
17/03/13,0,1578000,0,1,0,0,0,1556000,1582000,1547000,37232
17/03/14,1,1613000,0,1,0,0,0,1580000,1614000,1575000,59388
17/03/15,2,1615000,0,0,1,0,0,1597000,1615000,1590000,24038
17/03/16,3,1630000,0,0,1,0,0,1634000,1650000,1625000,33208
17/03/17,4,1649000,0,1,0,0,0,1623000,1650000,1619000,40154
17/03/20,0,1617000,0,0,0,1,0,1617000,1640000,1617000,28262
17/03/21,1,1640000,0,1,0,0,0,1631000,1650000,1621000,29280
17/03/22,2,1647000,0,0,1,0,0,1608000,1648000,1608000,31631
17/03/23,3,1618000,0,0,0,1,0,1648000,1649000,1612000,35068
17/03/24,4,1592000,0,0,0,1,0,1617000,1625000,1587000,33765
17/03/27,0,1580000,0,0,1,0,0,1570000,1602000,1570000,29029
17/03/28,1,1590000,0,0,1,0,0,1599000,1607000,1584000,41455
17/03/29,2,1618000,0,1,0,0,0,1600000,1620000,1600000,38128
17/03/30,3,1624000,0,0,1,0,0,1623000,1637000,1614000,30346
17/03/31,4,1603000,0,0,0,1,0,1633000,1633000,1602000,28920
17/04/03,0,1610000,0,0,1,0,0,1605000,1615000,1598000,24652
17/04/04,1,1628000,0,1,0,0,0,1612000,1628000,1612000,49435
17/04/05,2,1640000,0,0,1,0,0,1624000,1640000,1620000,30032
17/04/06,3,1615000,0,0,0,1,0,1619000,1623000,1603000,38705
17/04/07,4,1607000,0,0,1,0,0,1614000,1615000,1592000,27927
17/04/10,0,1612000,0,0,1,0,0,1610000,1620000,1600000,19588
17/04/11,1,1595000,0,0,0,1,0,1612000,1615000,1596000,20373
17/04/12,2,1599000,0,0,1,0,0,1598000,1609000,1589000,29071
17/04/13,3,1616000,0,1,0,0,0,1597000,1618000,1596000,13871
17/04/14,4,1600000,0,0,1,0,0,1613000,1615000,1597000,7485
17/04/17,0,1586000,0,0,1,0,0,1600000,1601000,1581000,16084
17/04/18,1,1582000,0,0,1,0,0,1588000,1596000,1568000,16190
17/04/19,2,1571000,0,0,1,0,0,1580000,1590000,1568000,18207
17/04/20,3,1559000,0,0,1,0,0,1567000,1567000,1542000,23122
17/04/21,4,1586000,0,1,0,0,0,1575000,1601000,1561000,22591
17/04/24,0,1586000,0,0,1,0,0,1610000,1610000,1582000,21929
17/04/25,1,1634000,0,1,0,0,0,1587000,1635000,1587000,35542
17/04/26,2,1641000,0,0,1,0,0,1634000,1646000,1632000,34038
17/04/27,3,1719000,0,1,0,0,0,1647000,1727000,1604000,105630
17/04/28,4,1753000,0,1,0,0,0,1804000,1822000,1746000,92570
17/05/02,1,1805000,0,1,0,0,0,1802000,1808000,1775000,68330
17/05/04,3,1790000,0,0,1,0,0,1801000,1810000,1782000,72392
17/05/08,0,1803000,0,0,1,0,0,1770000,1803000,1768000,122919
17/05/10,2,1742000,0,0,0,1,0,1751000,1778000,1733000,151918
17/05/11,3,1727000,0,0,1,0,0,1732000,1745000,1704000,92835
17/05/12,4,1744000,0,0,1,0,0,1725000,1748000,1724000,60934
17/05/15,0,1757000,0,0,1,0,0,1740000,1757000,1730000,41001
17/05/16,1,1775000,0,1,0,0,0,1792000,1792000,1765000,56342
17/05/17,2,1791000,0,0,1,0,0,1788000,1793000,1775000,48290
17/05/18,3,1780000,0,0,1,0,0,1760000,1780000,1757000,33508
17/05/19,4,1743000,0,0,0,1,0,1773000,1780000,1734000,36620
17/05/22,0,1757000,0,0,1,0,0,1743000,1766000,1735000,31933
17/05/23,1,1775000,0,1,0,0,0,1780000,1792000,1755000,50174
17/05/24,2,1773000,0,0,1,0,0,1766000,1777000,1761000,26291
17/05/25,3,1786000,0,0,1,0,0,1784000,1789000,1762000,38373
17/05/26,4,1806000,0,1,0,0,0,1794000,1806000,1786000,39584
17/05/29,0,1791000,0,0,1,0,0,1806000,1819000,1791000,22612
17/05/30,1,1751000,0,0,0,1,0,1791000,1791000,1748000,32674
17/05/31,2,1749000,0,0,1,0,0,1758000,1768000,1749000,56275
17/06/01,3,1749000,0,0,1,0,0,1750000,1765000,1745000,23952
17/06/02,4,1790000,0,1,0,0,0,1754000,1790000,1754000,31801
17/06/05,0,1803000,0,0,1,0,0,1804000,1804000,1788000,26461
17/06/07,2,1800000,0,0,1,0,0,1821000,1821000,1791000,56600
17/06/08,3,1819000,0,1,0,0,0,1800000,1819000,1789000,46221
17/06/09,4,1858000,0,1,0,0,0,1819000,1860000,1812000,44451
17/06/12,0,1835000,0,0,0,1,0,1838000,1840000,1817000,21078
17/06/13,1,1834000,0,0,1,0,0,1835000,1840000,1825000,28153
17/06/14,2,1839000,0,0,1,0,0,1840000,1851000,1828000,31445
17/06/15,3,1842000,0,0,1,0,0,1842000,1859000,1829000,48750
17/06/16,4,1853000,0,0,1,0,0,1830000,1855000,1830000,36011
17/06/19,0,1873000,0,1,0,0,0,1859000,1878000,1848000,28110
17/06/20,1,1921000,0,1,0,0,0,1900000,1922000,1890000,41354
17/06/21,2,1901000,0,0,0,1,0,1918000,1924000,1887000,31271
17/06/22,3,1900000,0,0,1,0,0,1912000,1920000,1891000,32472
17/06/23,4,1899000,0,0,1,0,0,1897000,1904000,1879000,29603
17/06/26,0,1915000,0,0,1,0,0,1900000,1917000,1900000,24596
17/06/27,1,1921000,0,0,1,0,0,1905000,1923000,1905000,27996
17/06/28,2,1881000,0,0,0,1,0,1901000,1912000,1862000,41190
17/06/29,3,1900000,0,1,0,0,0,1897000,1905000,1896000,26733
17/06/30,4,1862000,0,0,0,1,0,1883000,1883000,1860000,43976
17/07/03,0,1870000,0,0,1,0,0,1867000,1882000,1841000,31580
17/07/04,1,1849000,0,0,0,1,0,1866000,1880000,1842000,15456
17/07/05,2,1866000,0,0,1,0,0,1842000,1867000,1829000,25679
17/07/06,3,1895000,0,1,0,0,0,1885000,1895000,1872000,18473
17/07/07,4,1882000,0,0,1,0,0,1887000,1896000,1873000,25089
17/07/10,0,1918000,0,1,0,0,0,1892000,1920000,1887000,27493
17/07/11,1,1929000,0,0,1,0,0,1924000,1927000,1915000,21571
17/07/12,2,1942000,0,0,1,0,0,1944000,1947000,1935000,30444
17/07/13,3,1987000,0,1,0,0,0,1946000,2000000,1946000,50165
17/07/14,4,1979000,0,0,1,0,0,2000000,2014000,1970000,49669
17/07/17,0,2020000,0,1,0,0,0,1998000,2020000,1993000,38669
17/07/18,1,2001000,0,0,1,0,0,2015000,2015000,1995000,36025
17/07/19,2,2005000,0,0,1,0,0,1990000,2006000,1970000,45177
17/07/20,3,2021000,0,0,1,0,0,2010000,2025000,1994000,35284
17/07/21,4,2056000,0,1,0,0,0,2024000,2050000,2011000,56922
17/07/24,0,2038000,0,0,1,0,0,2035000,2050000,2023000,32246
17/07/25,1,2003000,0,0,0,1,0,2017000,2028000,2000000,30846
17/07/26,2,1978000,0,0,0,1,0,1990000,1991000,1960000,43231
17/07/27,3,1994000,0,0,1,0,0,1985000,2009000,1969000,29474
17/07/28,4,1920000,0,0,0,1,0,1993000,1993000,1900000,84712
17/07/31,0,1931000,0,0,1,0,0,1911000,1940000,1868000,37528
17/08/01,1,1922000,0,0,1,0,0,1930000,1945000,1916000,44445
17/08/02,2,1959000,0,1,0,0,0,1925000,1959000,1924000,27887
17/08/03,3,1877000,0,0,0,1,0,1959000,1960000,1863000,72665
17/08/04,4,1879000,0,0,1,0,0,1917000,1919000,1877000,30036
17/08/07,0,1894000,0,0,1,0,0,1881000,1902000,1879000,12053
17/08/08,1,1920000,0,1,0,0,0,1915000,1928000,1906000,31710
17/08/09,2,1871000,0,0,0,1,0,1919000,1919000,1850000,48473
17/08/10,3,1854000,0,0,1,0,0,1871000,1871000,1825000,39028
17/08/11,4,1800000,0,0,0,1,0,1835000,1835000,1788000,46077
17/08/14,0,1829000,0,1,0,0,0,1800000,1833000,1800000,30054
17/08/16,2,1901000,0,1,0,0,0,1909000,1909000,1871000,55680
17/08/17,3,1933000,0,1,0,0,0,1929000,1937000,1916000,26608
17/08/18,4,1937000,0,0,1,0,0,1928000,1938000,1897000,14825
17/08/21,0,1922000,0,0,1,0,0,1938000,1941000,1916000,18236
17/08/22,1,1930000,0,0,1,0,0,1931000,1939000,1922000,13572
17/08/23,2,1957000,0,1,0,0,0,1959000,1959000,1946000,20923
17/08/24,3,1943000,0,0,1,0,0,1957000,1958000,1944000,22969
17/08/25,4,1902000,0,0,0,1,0,1943000,1944000,1885000,33949
17/08/28,0,1859000,0,0,0,1,0,1902000,1914000,1850000,30796
17/08/29,1,1888000,0,1,0,0,0,1859000,1888000,1834000,30846
17/08/30,2,1900000,0,0,1,0,0,1895000,1907000,1888000,11999
17/08/31,3,1885000,0,0,1,0,0,1900000,1909000,1885000,26647
17/09/01,4,1905000,0,1,0,0,0,1907000,1910000,1886000,14011
17/09/04,0,1880000,0,0,0,1,0,1880000,1898000,1855000,20939
17/09/05,1,1876000,0,0,1,0,0,1882000,1893000,1856000,35405
17/09/06,2,1904000,0,1,0,0,0,1865000,1906000,1865000,38046
17/09/07,3,1942000,0,1,0,0,0,1904000,1946000,1904000,27242
17/09/08,4,1980000,0,1,0,0,0,1957000,1986000,1956000,42543
17/09/11,0,2036000,0,1,0,0,0,2015000,2043000,2001000,50587
17/09/12,1,2040000,0,0,1,0,0,2038000,2047000,2007000,31988
17/09/13,2,2035000,0,0,1,0,0,2040000,2049000,2026000,41643
17/09/14,3,2035000,0,0,1,0,0,2040000,2047000,2015000,34596
17/09/15,4,2045000,0,0,1,0,0,2035000,2045000,2016000,29718
17/09/18,0,2115000,0,1,0,0,0,2054000,2115000,2050000,26524
17/09/19,1,2115000,0,0,1,0,0,2115000,2124000,2098000,37106
17/09/20,2,2125000,0,0,1,0,0,2116000,2128000,2092000,27862
17/09/21,3,2136000,0,0,1,0,0,2125000,2141000,2103000,40462
17/09/22,4,2112000,0,0,0,1,0,2136000,2144000,2090000,78594
17/09/25,0,2152000,0,1,0,0,0,2120000,2152000,2100000,27381
17/09/26,1,2088000,0,0,0,1,0,2134000,2140000,2071000,32836
17/09/27,2,2065000,0,0,0,1,0,2079000,2093000,2064000,36106
17/09/28,3,2058000,0,0,1,0,0,2081000,2100000,2058000,29863
17/09/29,4,2062000,0,0,1,0,0,2058000,2075000,2054000,31819
17/10/10,1,2105000,0,1,0,0,0,2110000,2146000,2100000,69355
17/10/11,2,2208000,0,1,0,0,0,2132000,2208000,2119000,47010
17/10/12,3,2185000,0,0,0,1,0,2200000,2210000,2178000,37674
17/10/13,4,2180000,0,0,1,0,0,2185000,2200000,2158000,34762
17/10/16,0,2160000,0,0,1,0,0,2165000,2194000,2160000,32937
17/10/17,1,2190000,0,1,0,0,0,2174000,2209000,2171000,25789
17/10/18,2,2186000,0,0,1,0,0,2200000,2205000,2161000,25149
17/10/19,3,2099000,0,0,0,1,0,2181000,2184000,2095000,58095
17/10/20,4,2141000,0,1,0,0,0,2114000,2143000,2102000,32350
17/10/23,0,2153000,0,0,1,0,0,2163000,2180000,2153000,21007
17/10/24,1,2173000,0,0,1,0,0,2155000,2183000,2155000,18315
17/10/25,2,2145000,0,0,0,1,0,2166000,2173000,2140000,26715
17/10/26,3,2067000,0,0,0,1,0,2143000,2148000,2067000,35721
17/10/27,4,2116000,0,1,0,0,0,2082000,2120000,2069000,31636
17/10/30,0,2135000,0,0,1,0,0,2138000,2156000,2126000,32396
17/10/31,1,2240000,0,1,0,0,0,2135000,2246000,2114000,72304
17/11/01,2,2335000,0,1,0,0,0,2336000,2359000,2301000,58951
17/11/02,3,2329000,0,0,1,0,0,2348000,2356000,2300000,82838
17/11/03,4,2300000,0,0,0,1,0,2329000,2334000,2285000,51766
17/11/06,0,2285000,0,0,1,0,0,2324000,2324000,2261000,63047
17/11/07,1,2282000,0,0,1,0,0,2288000,2299000,2270000,20847
17/11/08,2,2290000,0,0,1,0,0,2282000,2313000,2271000,29601
17/11/09,3,2281000,0,0,1,0,0,2290000,2299000,2264000,38788
17/11/10,4,2266000,0,0,1,0,0,2281000,2285000,2251000,29284
17/11/13,0,2257000,0,0,1,0,0,2274000,2284000,2253000,24914
17/11/14,1,2225000,0,0,0,1,0,2257000,2269000,2224000,40123
17/11/15,2,2198000,0,0,0,1,0,2225000,2234000,2185000,42915
17/11/16,3,2200000,0,0,1,0,0,2197000,2220000,2197000,53973
17/11/17,4,2200000,0,0,1,0,0,2221000,2261000,2200000,54691
17/11/20,0,2205000,0,0,1,0,0,2205000,2217000,2194000,26161
17/11/21,1,2207000,0,0,1,0,0,2205000,2220000,2198000,25252
17/11/22,2,2278000,0,1,0,0,0,2234000,2278000,2231000,39460
17/11/23,3,2240000,0,0,0,1,0,2275000,2275000,2230000,22373
17/11/24,4,2254000,0,0,1,0,0,2242000,2250000,2223000,19388
17/11/27,0,2137000,0,0,0,0,1,2252000,2252000,2136000,55388
17/11/28,1,2149000,0,0,1,0,0,2137000,2151000,2082000,47015
17/11/29,2,2130000,0,0,1,0,0,2149000,2154000,2118000,27028
17/11/30,3,2096000,0,0,0,1,0,2080000,2096000,2053000,117674
17/12/01,4,2096000,0,0,1,0,0,2096000,2136000,2083000,49211
17/12/04,0,2079000,0,0,1,0,0,2096000,2119000,2044000,55848
17/12/05,1,2066000,0,0,1,0,0,2055000,2083000,2045000,26989
17/12/06,2,2002000,0,0,0,1,0,2079000,2079000,2002000,38134
17/12/07,3,2025000,0,1,0,0,0,2002000,2052000,2002000,51694
17/12/08,4,2075000,0,1,0,0,0,2070000,2088000,2065000,50176
17/12/11,0,2075000,0,0,1,0,0,2107000,2107000,2075000,21375
17/12/12,1,2085000,0,0,1,0,0,2076000,2095000,2076000,29033
17/12/13,2,2056000,0,0,0,1,0,2085000,2088000,2048000,27282
17/12/14,3,2069000,0,0,1,0,0,2057000,2079000,2057000,36573
17/12/15,4,2027000,0,0,0,1,0,2069000,2074000,2027000,47924
17/12/18,0,2038000,0,0,1,0,0,2040000,2045000,2010000,27858
17/12/19,1,2060000,0,1,0,0,0,2055000,2077000,2049000,40587
17/12/20,2,2027000,0,0,0,1,0,2068000,2068000,2027000,30006
17/12/21,3,1956000,0,0,0,1,0,2027000,2035000,1956000,37236
17/12/22,4,2002000,0,1,0,0,0,1970000,2005000,1965000,29208
17/12/26,1,1958000,0,0,0,1,0,2003000,2010000,1958000,28542
17/12/27,2,2003000,0,1,0,0,0,1970000,2011000,1970000,18431
17/12/28,3,2090000,0,1,0,0,0,2016000,2090000,2013000,35681
18/01/02,1,2097000,0,0,1,0,0,2096000,2097000,2058000,21940
18/01/03,2,2090000,0,0,1,0,0,2110000,2131000,2086000,28417
18/01/04,3,2090000,0,0,1,0,0,2112000,2113000,2068000,40025
18/01/05,4,2113000,0,1,0,0,0,2090000,2113000,2081000,28601
18/01/08,0,2103000,0,0,1,0,0,2105000,2117000,2079000,47789
18/01/09,1,2044000,0,0,0,1,0,2060000,2085000,2010000,44471
18/01/10,2,1954000,0,0,0,1,0,2054000,2060000,1954000,66062
18/01/11,3,1967000,0,0,1,0,0,1950000,1971000,1915000,42023
18/01/12,4,1958000,0,0,1,0,0,1998000,1998000,1911000,46403
18/01/15,0,1977000,0,0,1,0,0,1962000,1992000,1955000,28060
18/01/16,1,2040000,0,1,0,0,0,1990000,2050000,1986000,37382
18/01/17,2,2012000,0,0,0,1,0,2030000,2038000,1990000,28359
18/01/18,3,2047000,0,1,0,0,0,2022000,2066000,2021000,40490
18/01/19,4,2000000,0,0,0,1,0,2050000,2061000,2000000,46015
18/01/22,0,1978000,0,0,0,1,0,1985000,1990000,1957000,40378
18/01/23,1,2010000,0,1,0,0,0,1985000,2010000,1974000,28519
18/01/24,2,2012000,0,0,1,0,0,2000000,2027000,1995000,27040
18/01/25,3,2048000,0,1,0,0,0,2006000,2048000,1999000,23468
18/01/26,4,2070000,0,1,0,0,0,2059000,2071000,2038000,32909
18/01/29,0,2104000,0,1,0,0,0,2100000,2104000,2079000,37193
18/01/30,1,2050000,0,0,0,1,0,2100000,2100000,2033000,35298
18/01/31,2,2109000,0,1,0,0,0,2048000,2215000,2038000,99658
18/02/01,3,2059000,0,0,0,1,0,2137000,2137000,2051000,53040
18/02/02,4,1973000,0,0,0,1,0,2050000,2052000,1973000,68655
18/02/05,0,1978000,0,0,1,0,0,1934000,1999000,1909000,38333
18/02/06,1,1958000,0,0,0,1,0,1918000,1982000,1917000,42685
18/02/07,2,1881000,0,0,0,1,0,1992000,1995000,1881000,41676
18/02/08,3,1905000,0,1,0,0,0,1876000,1918000,1876000,40335
18/02/09,4,1839000,0,0,0,1,0,1860000,1875000,1833000,33747
18/02/12,0,1880000,0,1,0,0,0,1860000,1917000,1845000,35569
18/02/13,1,1985000,1,0,0,0,0,1939000,1996000,1912000,48889
18/02/14,2,2037000,0,1,0,0,0,2020000,2050000,2003000,34844
18/02/19,0,2037000,0,0,1,0,0,2088000,2088000,2009000,34810
18/02/20,1,2020000,0,0,1,0,0,2041000,2045000,2007000,41540
18/02/21,2,2001000,0,0,1,0,0,2025000,2025000,1964000,31759
18/02/22,3,1975000,0,0,0,1,0,1980000,1994000,1972000,24560
18/02/23,4,1975000,0,0,1,0,0,1962000,2001000,1962000,38726
18/02/26,0,1981000,0,0,1,0,0,1996000,1997000,1974000,21754
18/02/27,1,1991000,0,0,1,0,0,2006000,2025000,2000000,32477
18/02/28,2,1995000,0,0,1,0,0,1983000,2011000,1980000,47851
18/03/02,4,1921000,0,0,0,1,0,1950000,1951000,1920000,37218
18/03/05,0,1885000,0,0,0,1,0,1916000,1934000,1879000,28243
18/03/06,1,1946000,0,1,0,0,0,1904000,1957000,1904000,23531
18/03/07,2,2015000,0,1,0,0,0,2007000,2035000,1957000,33498
18/03/08,3,2025000,0,0,1,0,0,2032000,2035000,2005000,14368
18/03/09,4,2080000,0,1,0,0,0,2040000,2087000,2036000,24339
18/03/12,0,2105000,0,1,0,0,0,2117000,2117000,2080000,15674
18/03/13,1,2169000,0,1,0,0,0,2127000,2169000,2120000,29924
18/03/14,2,2144000,0,0,0,1,0,2145000,2159000,2135000,19847
18/03/15,3,2119000,0,0,0,1,0,2144000,2153000,2117000,20152
18/03/16,4,2095000,0,0,0,1,0,2108000,2112000,2058000,58027
18/03/19,0,2082000,0,0,1,0,0,2095000,2105000,2076000,19470
18/03/20,1,2100000,0,0,1,0,0,2072000,2100000,2066000,20666
18/03/21,2,2106000,0,0,1,0,0,2117000,2120000,2101000,38844
18/03/22,3,2107000,0,0,1,0,0,2115000,2134000,2104000,30980
18/03/23,4,2030000,0,0,0,1,0,2060000,2073000,2017000,28792
18/03/26,0,2056000,0,1,0,0,0,2010000,2056000,1997000,21814
18/03/27,1,2036000,0,0,1,0,0,2067000,2068000,2020000,26176
18/03/28,2,2009000,0,0,0,1,0,2010000,2029000,1987000,26390
18/03/29,3,2025000,0,0,1,0,0,2009000,2033000,1988000,16908
18/03/30,4,2040000,0,0,1,0,0,2043000,2049000,2031000,9048
18/04/02,0,2009000,0,0,0,1,0,2035000,2035000,2005000,8016
18/04/03,1,2004000,0,0,1,0,0,1991000,2004000,1970000,19319
18/04/04,2,1959000,0,0,0,1,0,2007000,2008000,1953000,16444
18/04/05,3,2040000,0,1,0,0,0,1976000,2044000,1973000,24534
18/04/06,4,2012000,0,0,0,1,0,2000000,2030000,1986000,28857
18/04/09,0,2035000,0,1,0,0,0,2001000,2037000,1998000,14561
18/04/10,1,2016000,0,0,1,0,0,2031000,2031000,1997000,22605
18/04/11,2,2019000,0,0,1,0,0,2042000,2044000,2005000,11635
18/04/12,3,2038000,0,0,1,0,0,2027000,2039000,2018000,8862
18/04/13,4,2038000,0,0,1,0,0,2049000,2059000,2034000,21876
18/04/16,0,2060000,0,1,0,0,0,2045000,2060000,2037000,19804
18/04/17,1,2027000,0,0,0,1,0,2053000,2063000,2027000,17368
18/04/18,2,2105000,0,1,0,0,0,2050000,2105000,2040000,38865
18/04/19,3,2151000,0,1,0,0,0,2120000,2156000,2110000,43478
18/04/20,4,2105000,0,0,0,1,0,2116000,2131000,2092000,19362
18/04/23,0,2102000,0,0,1,0,0,2066000,2110000,2065000,15895
18/04/24,1,2062000,0,0,0,1,0,2102000,2103000,2050000,21957
18/04/25,2,2049000,0,0,1,0,0,2022000,2052000,2022000,18823
18/04/26,3,2109000,0,1,0,0,0,2050000,2111000,2049000,26427
18/04/27,4,2125000,0,0,1,0,0,2155000,2175000,2112000,46275
18/04/30,0,2125000,0,0,1,0,0,2125000,2125000,2125000,0
18/05/02,2,2125000,0,0,1,0,0,2125000,2125000,2125000,0
18/05/03,3,2125000,0,0,1,0,0,2125000,2125000,2125000,0
18/05/04,4,41050,0,0,0,1,0,42500,43000,41050,2214624
18/05/08,1,42000,0,1,0,0,0,42950,42950,41250,2809669
18/05/09,2,40550,0,0,0,1,0,42000,42250,40550,1422660
18/05/10,3,40950,0,0,1,0,0,41150,41350,40300,1600837
18/05/11,4,40950,0,0,1,0,0,41500,41600,40850,835958
18/05/14,0,40500,0,0,0,1,0,41000,41050,39750,1488726
18/05/15,1,39300,0,0,0,1,0,40500,40550,39200,1544319
18/05/16,2,39700,0,1,0,0,0,39600,40050,39350,994494
18/05/17,3,38750,0,0,0,1,0,40100,40100,38750,1097958
18/05/18,4,39800,0,1,0,0,0,39050,39800,38950,900490
18/05/21,0,39750,0,0,1,0,0,39650,40050,39200,840825
18/05/23,2,40800,0,1,0,0,0,40350,41250,40250,1946233
18/05/24,3,40400,0,0,1,0,0,40900,40950,40400,829264
18/05/25,4,41700,0,1,0,0,0,40400,41950,40050,2459296
18/05/28,0,41350,0,0,1,0,0,41700,41900,41200,1210952
18/05/29,1,40600,0,0,0,1,0,41250,41500,40600,726198
18/05/30,2,39000,0,0,0,1,0,40150,40450,39000,1695460
18/05/31,3,40500,0,1,0,0,0,39750,40500,39600,4822847
18/06/01,4,40700,0,0,1,0,0,40600,40900,40250,976217
18/06/04,0,40900,0,0,1,0,0,40400,40900,40200,1016574
18/06/05,1,40900,0,0,1,0,0,40700,41000,40350,832953
18/06/07,3,40500,0,0,1,0,0,41100,41250,40400,1230426
18/06/08,4,40350,0,0,1,0,0,40600,40750,39650,1534793
18/06/11,0,39700,0,0,0,1,0,40250,40250,39500,1788156
18/06/12,1,39150,0,0,0,1,0,39700,39700,39100,1136748
18/06/14,3,38750,0,0,0,1,0,38850,39150,38600,1808428
18/06/15,4,37800,0,0,0,1,0,39100,39150,37800,2613261
18/06/18,0,37200,0,0,0,1,0,37800,37900,36750,1808988
18/06/19,1,37000,0,0,1,0,0,37300,37650,36650,1625303
18/06/20,2,37100,0,0,1,0,0,37500,37750,37000,1083287
18/06/21,3,37150,0,0,1,0,0,37800,37900,37150,1332203
18/06/22,4,37450,0,0,1,0,0,37100,37450,36400,1862272
18/06/25,0,37500,0,0,1,0,0,37900,37900,37100,1365551
18/06/26,1,37800,0,0,1,0,0,37000,38200,37000,1410723
18/06/27,2,38250,0,1,0,0,0,37850,38650,37700,1325150
18/06/28,3,37200,0,0,0,1,0,37000,37800,37000,1475939
18/06/29,4,37650,0,1,0,0,0,36600,37650,36600,1816522
18/07/02,0,37100,0,0,0,1,0,37900,38050,36650,865076
18/07/03,1,36800,0,0,1,0,0,37150,37350,36800,938133
18/07/04,2,36800,0,0,1,0,0,37050,37400,36600,761142
18/07/05,3,37050,0,0,1,0,0,36700,37050,36550,465068
18/07/06,4,36350,0,0,0,1,0,36950,37000,36050,1522503
18/07/09,0,36500,0,0,1,0,0,36500,36950,36350,1090331
18/07/10,1,37350,0,1,0,0,0,36950,37350,36850,1476563
18/07/11,2,37000,0,0,1,0,0,37350,37350,36400,1249437
18/07/12,3,36400,0,0,0,1,0,36600,36800,36000,1527750
18/07/13,4,37350,0,1,0,0,0,36400,37350,36400,1691911
18/07/16,0,37150,0,0,1,0,0,37450,37700,37150,917573
18/07/17,1,37000,0,0,1,0,0,37500,37500,36850,1308453
18/07/18,2,37900,0,1,0,0,0,37500,38000,37300,1393504
18/07/19,3,38050,0,0,1,0,0,38150,38150,37650,544934
18/07/20,4,38400,0,0,1,0,0,38000,38400,37500,784231
18/07/23,0,37200,0,0,0,1,0,38150,38150,37100,917948
18/07/24,1,37400,0,0,1,0,0,37050,37550,36900,809453
18/07/25,2,37100,0,0,1,0,0,37500,37600,36750,672547
18/07/26,3,37400,0,0,1,0,0,37200,37500,36650,1560792
18/07/27,4,37800,0,1,0,0,0,37400,38450,37300,645003
18/07/30,0,38350,0,1,0,0,0,37500,38350,37450,839274
18/07/31,1,38250,0,0,1,0,0,37900,38250,37250,1715775
18/08/01,2,38400,0,0,1,0,0,38250,38400,37850,1539219
18/08/02,3,37800,0,0,0,1,0,38400,38450,37500,1150157
18/08/03,4,37900,0,0,1,0,0,38150,38150,37450,949743
18/08/06,0,38000,0,0,1,0,0,37900,38100,37700,1042488
18/08/07,1,38100,0,0,1,0,0,37950,38250,37750,2031888
18/08/08,2,38400,0,0,1,0,0,38350,38400,37900,882441
18/08/09,3,38000,0,0,0,1,0,38400,38450,38000,729608
18/08/10,4,37000,0,0,0,1,0,37850,37850,36600,1338025
18/08/13,0,36700,0,0,1,0,0,36500,36700,36350,902625
18/08/14,1,36850,0,0,1,0,0,36500,36900,36500,638309
18/08/16,3,35600,0,0,0,1,0,36000,36300,35600,1374624
18/08/17,4,35850,0,0,1,0,0,35950,36350,35850,1232567
18/08/20,0,36050,0,0,1,0,0,35950,36450,35700,587065
18/08/21,1,37000,0,1,0,0,0,35850,37000,35850,1030578
18/08/22,2,38000,0,1,0,0,0,37500,38200,37050,1240229
18/08/23,3,38150,0,0,1,0,0,37850,38150,37300,1481776
18/08/24,4,38050,0,0,1,0,0,38050,38150,37600,682736
18/08/27,0,38200,0,0,1,0,0,38350,38400,37900,1067319
18/08/28,1,38450,0,0,1,0,0,38450,38500,37950,987181
18/08/29,2,38700,0,0,1,0,0,38650,38700,38150,1255513
18/08/30,3,39100,0,1,0,0,0,38700,39350,38550,1347714
18/08/31,4,39700,0,1,0,0,0,38850,39700,38650,1525103
18/09/03,0,38800,0,0,0,1,0,39500,39500,38650,459331
18/09/04,1,38950,0,0,1,0,0,38850,38950,38700,727071
18/09/05,2,37950,0,0,0,1,0,38700,38700,37950,964442
18/09/06,3,37200,0,0,0,1,0,37700,37800,37200,640228
18/09/07,4,36100,0,0,0,1,0,36400,36500,35850,1747393
18/09/10,0,36400,0,0,1,0,0,35750,36400,35700,1712169
18/09/11,1,36050,0,0,1,0,0,36150,36550,35950,1022169
18/09/12,2,35600,0,0,0,1,0,36150,36200,35600,794199
18/09/13,3,35100,0,0,0,1,0,35500,35950,35050,1681004
18/09/14,4,36650,0,1,0,0,0,35800,36650,35750,704944
18/09/17,0,36000,0,0,0,1,0,36500,36600,35900,463299
18/09/18,1,36500,0,1,0,0,0,35850,36950,35650,1275845
18/09/19,2,37150,0,1,0,0,0,36850,37250,36550,895007
18/09/20,3,38050,0,1,0,0,0,37650,38200,37300,1960977
18/09/21,4,38500,0,1,0,0,0,37950,38500,37550,1868001
18/09/27,3,38400,0,0,1,0,0,38200,38400,37700,2081294
18/09/28,4,37850,0,0,0,1,0,38400,38450,36950,2268872
18/10/01,0,37950,0,0,1,0,0,37800,38050,37450,926264
18/10/02,1,37050,0,0,0,1,0,37800,38050,37000,397528
18/10/04,3,36450,0,0,0,1,0,37000,37100,36000,1074508
18/10/05,4,35850,0,0,0,1,0,36500,36700,35800,1462510
18/10/08,0,35950,0,0,1,0,0,35850,36250,35750,1666571
18/10/10,2,36200,0,0,1,0,0,36350,36650,36000,1428427
18/10/11,3,34650,0,0,0,1,0,35000,35650,34300,1976912
18/10/12,4,35800,0,1,0,0,0,34350,36100,34350,903246
18/10/15,0,35250,0,0,0,1,0,35900,35900,34800,841475
18/10/16,1,35550,0,0,1,0,0,35350,35450,34900,755048
18/10/17,2,35900,0,0,1,0,0,35950,36100,35500,398999
18/10/18,3,35800,0,0,1,0,0,35900,35900,35400,484319
18/10/19,4,35800,0,0,1,0,0,35450,35800,35200,543771
18/10/22,0,35300,0,0,0,1,0,35050,35550,35000,437227
18/10/23,1,34900,0,0,0,1,0,35250,35450,34700,1106957
18/10/24,2,34300,0,0,0,1,0,34600,34900,34050,749719
18/10/25,3,33400,0,0,0,1,0,33500,33700,33150,911599
18/10/26,4,33750,0,1,0,0,0,33600,33750,33000,987715
18/10/29,0,34000,0,0,1,0,0,33550,34500,33250,877243
18/10/30,1,35100,0,1,0,0,0,33450,35400,33450,1380950
18/10/31,2,35750,0,1,0,0,0,35500,35650,34400,2121637
18/11/01,3,35200,0,0,0,1,0,35750,35750,34850,1532337
18/11/02,4,36400,0,1,0,0,0,35800,36500,35500,916472
18/11/05,0,36200,0,0,1,0,0,36100,36400,35800,877907
18/11/06,1,36000,0,0,1,0,0,36200,36250,35500,633364
18/11/07,2,36500,0,1,0,0,0,36050,36800,35900,1024744
18/11/08,3,36550,0,0,1,0,0,37200,37200,36550,904445
18/11/09,4,37150,0,1,0,0,0,37000,37300,36700,1244316
18/11/12,0,37500,0,0,1,0,0,36800,38100,36700,851868
18/11/13,1,37350,0,0,1,0,0,36600,37300,36500,808454
18/11/14,2,37050,0,0,1,0,0,37500,37500,36750,878265
18/11/15,3,36750,0,0,1,0,0,37000,37200,36400,1005546
18/11/16,4,36400,0,0,1,0,0,37100,37100,36100,1485144
18/11/19,0,35850,0,0,0,1,0,35900,36400,35550,1199397
18/11/20,1,34400,0,0,0,1,0,34550,35000,34350,2476205
18/11/21,2,33800,0,0,0,1,0,34050,34300,33650,2182575
18/11/22,3,34150,0,1,0,0,0,34400,34450,34050,746599
18/11/23,4,34250,0,0,1,0,0,34050,34350,33850,729683
18/11/26,0,34300,0,0,1,0,0,34350,34550,34250,590777
18/11/27,1,34550,0,0,1,0,0,34400,34650,34200,1004173
18/11/28,2,34400,0,0,1,0,0,34300,34550,34250,1555242
18/11/29,3,34600,0,0,1,0,0,34700,34900,34350,3873549
18/11/30,4,33750,0,0,0,1,0,34500,35150,33650,3660773
18/12/03,0,35000,0,1,0,0,0,34450,35000,34150,1852699
18/12/04,1,34600,0,0,0,1,0,34900,34900,33850,1638704
18/12/05,2,33950,0,0,0,1,0,34150,34150,33650,1055636
18/12/06,3,33050,0,0,0,1,0,33850,33850,33050,1362683
18/12/07,4,34000,0,1,0,0,0,33550,34000,33300,1903316
18/12/10,0,33150,0,0,0,1,0,33300,33500,32900,2028948
18/12/11,1,33200,0,0,1,0,0,33150,33400,32600,1287330
18/12/12,2,33100,0,0,1,0,0,33050,33400,32750,1031994
18/12/13,3,33450,0,1,0,0,0,33050,33450,33000,2153877
18/12/14,4,32300,0,0,0,1,0,33100,33350,31900,2448443
18/12/17,0,32350,0,0,1,0,0,32000,32850,31900,1885649
18/12/18,1,32200,0,0,1,0,0,31500,32200,31500,1294108
18/12/19,2,32100,0,0,1,0,0,32000,32350,32000,1237297
18/12/20,3,31150,0,0,0,1,0,31400,31800,31150,1541156
18/12/21,4,31450,0,0,1,0,0,31100,31450,30650,3023387
18/12/24,0,31000,0,0,0,1,0,31100,31250,30800,1266015
18/12/26,2,31000,0,0,1,0,0,30600,31100,30550,1073202
18/12/27,3,31400,0,1,0,0,0,31450,31650,30550,1289519
18/12/28,4,31750,0,1,0,0,0,31450,31800,31250,863411
19/01/02,2,31600,0,0,1,0,0,32700,32800,31300,944879
19/01/03,3,30800,0,0,0,1,0,31450,31450,30200,743231
19/01/04,4,30450,0,0,0,1,0,30400,30850,29750,1153869
19/01/07,0,32100,1,0,0,0,0,30800,32350,30750,1500454
19/01/08,1,30900,0,0,0,1,0,31500,32100,30900,1228454
19/01/09,2,32500,1,0,0,0,0,31350,32500,31350,1829977
19/01/10,3,32450,0,0,1,0,0,32350,32650,32050,2272279
19/01/11,4,33100,0,1,0,0,0,32550,33100,32350,1253321
19/01/14,0,33050,0,0,1,0,0,32900,33100,32650,1099766
19/01/15,1,33850,0,1,0,0,0,33050,33850,32750,1502321
19/01/16,2,34350,0,1,0,0,0,34050,34350,33550,1388226
19/01/17,3,35000,0,1,0,0,0,34450,35000,34200,2179326
19/01/18,4,35150,0,0,1,0,0,35050,35350,34650,1929736
19/01/21,0,35650,0,1,0,0,0,35400,35650,34950,2294825
19/01/22,1,35300,0,0,1,0,0,35300,35550,34850,2170052
19/01/23,2,35150,0,0,1,0,0,34800,35300,34600,1917182
19/01/24,3,35900,0,1,0,0,0,34900,35900,34900,1391887
19/01/25,4,37200,0,1,0,0,0,36500,37200,36100,1727856
19/01/28,0,37200,0,0,1,0,0,37050,37450,36750,998838
19/01/29,1,37100,0,0,1,0,0,36500,37100,36350,1885222
19/01/30,2,37250,0,0,1,0,0,36500,37550,36500,1787763
19/01/31,3,37500,0,0,1,0,0,37450,37900,37050,2574883
19/02/01,4,37500,0,0,1,0,0,37000,37850,37000,1267459
19/02/07,3,37200,0,0,1,0,0,37500,37800,37150,859283
19/02/08,4,36050,0,0,0,1,0,36800,36850,35850,924230
19/02/11,0,36000,0,0,1,0,0,35500,36100,35400,1262820
19/02/12,1,37150,0,1,0,0,0,36000,37050,35750,1309115
19/02/13,2,37600,0,1,0,0,0,37600,37800,37250,939470
19/02/14,3,38000,0,1,0,0,0,37600,38000,37300,1140691
19/02/15,4,36850,0,0,0,1,0,37500,37850,36850,989865
19/02/18,0,36900,0,0,1,0,0,37200,37450,36750,1041468
19/02/19,1,36600,0,0,1,0,0,37200,37200,36600,784726
19/02/20,2,37800,0,1,0,0,0,37200,37800,37150,1823365
19/02/21,3,37900,0,0,1,0,0,37850,37900,37200,1101511
19/02/22,4,37950,0,0,1,0,0,37800,37950,37300,598749
19/02/25,0,37950,0,0,1,0,0,38000,38000,37600,638656
19/02/26,1,37650,0,0,1,0,0,37750,38000,37250,1167035
19/02/27,2,37400,0,0,1,0,0,37550,37800,37300,1185647
19/02/28,3,36000,0,0,0,1,0,36700,37050,35900,6438669
19/03/04,0,36250,0,0,1,0,0,36750,36900,36000,2086627
19/03/05,1,35700,0,0,0,1,0,36200,36600,35250,1038845
19/03/06,2,35600,0,0,1,0,0,35550,35650,34900,1406117
19/03/07,3,35900,0,0,1,0,0,35250,36250,35200,1018449
19/03/08,4,35150,0,0,0,1,0,35850,35900,35100,1134391
19/03/11,0,34750,0,0,0,1,0,35550,35600,34750,1162079
19/03/12,1,35500,0,1,0,0,0,35100,36000,35100,786558
19/03/13,2,35300,0,0,1,0,0,35350,35650,35000,492846
19/03/14,3,35000,0,0,1,0,0,35000,35450,34850,1032080
19/03/15,4,34900,0,0,1,0,0,34800,35250,34800,4793498
19/03/18,0,34900,0,0,1,0,0,34300,35150,34300,946328
19/03/19,1,35200,0,0,1,0,0,34750,35200,34600,951256
19/03/20,2,35300,0,0,1,0,0,35000,35600,34650,1203655
19/03/21,3,37350,1,0,0,0,0,35600,37350,35400,2064463
19/03/22,4,37850,0,1,0,0,0,37800,38200,37250,1546981
19/03/25,0,36500,0,0,0,1,0,36000,36700,36000,1114426
19/03/26,1,36550,0,0,1,0,0,36600,36650,36150,1122801
19/03/27,2,36800,0,0,1,0,0,36350,37000,35850,1291432
19/03/28,3,36500,0,0,1,0,0,36100,36600,36050,991436
19/03/29,4,36250,0,0,1,0,0,36150,36450,35900,1373520
19/04/01,0,36400,0,0,1,0,0,36450,36600,36250,1329707
19/04/02,1,37000,0,1,0,0,0,36750,37150,36600,1045646
19/04/03,2,37550,0,1,0,0,0,37100,37700,36950,957957
19/04/04,3,37800,0,0,1,0,0,37300,37800,37300,703782
19/04/05,4,37750,0,0,1,0,0,37900,38050,37650,417733
19/04/08,0,37700,0,0,1,0,0,37850,37900,37200,731078
19/04/09,1,37900,0,0,1,0,0,37500,37900,37200,613959
19/04/10,2,37400,0,0,0,1,0,37700,37900,37300,1110628
19/04/11,3,37500,0,0,1,0,0,37650,37650,37250,617457
19/04/12,4,37700,0,0,1,0,0,37400,37750,37200,580459
19/04/15,0,38000,0,0,1,0,0,37800,38100,37750,662616
19/04/16,1,37700,0,0,1,0,0,38100,38100,37600,460640
19/04/17,2,37950,0,0,1,0,0,37850,38100,37750,512469
19/04/18,3,36950,0,0,0,1,0,37800,38000,36700,1210310
19/04/19,4,36650,0,0,1,0,0,37000,37050,36650,799378
19/04/22,0,36550,0,0,1,0,0,36850,36900,36350,528146
19/04/23,1,36100,0,0,0,1,0,36500,36700,35900,1440697
19/04/24,2,36200,0,0,1,0,0,36450,36700,35700,1127270
19/04/25,3,36000,0,0,1,0,0,36200,36300,35700,1062285
19/04/26,4,36450,0,1,0,0,0,35750,36450,35400,1304339
19/04/29,0,36900,0,1,0,0,0,36450,36950,36250,866894
19/04/30,1,37200,0,0,1,0,0,36950,37200,36600,1217476
19/05/02,3,37200,0,0,1,0,0,36900,37350,36850,1031686
19/05/03,4,37000,0,0,1,0,0,37200,37300,36900,593579
19/05/07,1,36500,0,0,0,1,0,37000,37000,36350,1620670
19/05/08,2,35950,0,0,0,1,0,36150,36450,35950,1136250
19/05/09,3,34700,0,0,0,1,0,35700,35800,34700,1124788
19/05/10,4,35100,0,1,0,0,0,34650,35150,34400,1979112
19/05/13,0,34650,0,0,0,1,0,34950,35050,34450,999760
19/05/14,1,34400,0,0,1,0,0,33850,34800,33850,1180044
19/05/15,2,34550,0,0,1,0,0,34800,35100,34550,1226441
19/05/16,3,33550,0,0,0,1,0,34650,34700,33550,1222704
19/05/17,4,33000,0,0,0,1,0,34100,34450,33000,1295494
19/05/20,0,33700,0,1,0,0,0,33200,33950,33150,1132816
19/05/21,1,35000,0,1,0,0,0,34000,35700,33950,940190
19/05/23,3,34250,0,0,0,1,0,34900,35300,34650,709398
19/05/27,0,34250,0,0,1,0,0,34150,34500,34000,558669
19/05/28,1,33900,0,0,0,1,0,34050,34650,33800,4397225
19/05/29,2,33450,0,0,0,1,0,33400,33800,33100,1794255
19/05/30,3,34450,0,1,0,0,0,33650,34650,33650,1250004
19/05/31,4,34800,0,1,0,0,0,34800,34900,34350,2215173
19/06/03,0,35900,0,1,0,0,0,35000,35900,34950,1475855
19/06/04,1,35650,0,0,1,0,0,35400,35650,35150,881135
19/06/05,2,36050,0,1,0,0,0,36150,36550,35850,2009572
19/06/07,4,36250,0,0,1,0,0,35800,36350,35700,1420090
19/06/10,0,36800,0,1,0,0,0,36550,36800,36100,1279168
19/06/11,1,36850,0,0,1,0,0,36850,36900,36400,1073643
19/06/12,2,36750,0,0,1,0,0,36800,36850,36150,1527004
19/06/13,3,36200,0,0,0,1,0,36500,36600,35750,1988984
19/06/14,4,36300,0,0,1,0,0,36250,36400,35900,1254622
19/06/17,0,35650,0,0,0,1,0,36250,36250,35500,1402138
19/06/18,1,36400,0,1,0,0,0,35500,36300,35300,1384814
19/06/19,2,37050,0,1,0,0,0,37000,37150,36600,1130239
19/06/20,3,37650,0,1,0,0,0,37050,37650,36600,1887412
19/06/21,4,37450,0,0,1,0,0,37650,37750,37400,2893202
19/06/24,0,37550,0,0,1,0,0,37500,37650,37050,741107
19/06/25,1,37450,0,0,1,0,0,37200,37750,37200,1191421
19/06/26,2,37900,0,1,0,0,0,37500,37900,37450,1084885
19/06/27,3,38000,0,0,1,0,0,37600,38150,37600,1399856
19/06/28,4,38250,0,0,1,0,0,38150,38450,38050,1603604
19/07/01,0,38350,0,0,1,0,0,38300,38500,38000,836761
19/07/02,1,38150,0,0,1,0,0,37950,38350,37600,746740
19/07/03,2,37800,0,0,1,0,0,37400,38050,37400,1182527
19/07/04,3,38000,0,0,1,0,0,37500,38150,37500,475720
19/07/05,4,37350,0,0,0,1,0,38000,38000,37150,637309
19/07/08,0,36750,0,0,0,1,0,36800,36850,36350,659187
19/07/09,1,37300,0,1,0,0,0,36550,37300,36550,794892
19/07/10,2,37850,0,1,0,0,0,37400,37950,37400,863345
19/07/11,3,38500,0,1,0,0,0,38250,38550,38250,782851
19/07/12,4,38400,0,0,1,0,0,38550,38600,38050,749296
19/07/15,0,38500,0,0,1,0,0,38200,38650,38150,488328
19/07/16,1,38350,0,0,1,0,0,38050,38500,38050,814095
19/07/17,2,37950,0,0,0,1,0,37800,38000,37600,733582
19/07/18,3,37750,0,0,1,0,0,37950,38050,37650,292829
19/07/19,4,38500,0,1,0,0,0,38250,38700,38100,720571
19/07/22,0,38550,0,0,1,0,0,38550,38800,38350,580156
19/07/23,1,38850,0,0,1,0,0,38800,39100,38650,718160
19/07/24,2,37700,0,0,0,1,0,38600,38800,37650,1302658
19/07/25,3,38600,0,1,0,0,0,38400,38900,38200,1106596
19/07/26,4,38600,0,0,1,0,0,38500,38800,38000,1109660
19/07/29,0,38100,0,0,0,1,0,38600,38600,37900,823962
19/07/30,1,38050,0,0,1,0,0,38100,38400,37500,557174
19/07/31,2,37000,0,0,0,1,0,37750,38050,36850,1729492
19/08/01,3,36600,0,0,0,1,0,36500,37000,36450,1624129
19/08/02,4,36000,0,0,0,1,0,35950,36800,35950,1707816
19/08/05,0,35800,0,0,1,0,0,35950,36100,35450,1506671
19/08/06,1,35450,0,0,1,0,0,34500,35800,34500,1873809
19/08/07,2,35550,0,0,1,0,0,35750,35950,35550,1421097
19/08/08,3,35400,0,0,1,0,0,35750,35900,35350,1276726
19/08/09,4,35500,0,0,1,0,0,35700,35900,35500,851946
19/08/12,0,35800,0,0,1,0,0,36250,36250,35800,425875
19/08/13,1,35500,0,0,1,0,0,36000,36000,35500,1104126
19/08/14,2,35850,0,0,1,0,0,36000,36400,35800,995544
19/08/16,4,36350,0,1,0,0,0,36400,36400,35600,1022963
19/08/19,0,36100,0,0,1,0,0,36550,36600,36100,870410
19/08/20,1,37050,0,1,0,0,0,36650,37150,36100,2139235
19/08/21,2,37000,0,0,1,0,0,36950,37150,36750,1359053
19/08/22,3,36700,0,0,1,0,0,37100,37100,36600,1145841
19/08/23,4,36350,0,0,1,0,0,36350,36600,36300,863221
19/08/26,0,35900,0,0,0,1,0,35800,36100,35650,1431303
19/08/27,1,36400,0,1,0,0,0,36000,36550,36000,1793089
19/08/28,2,36450,0,0,1,0,0,36550,36650,36350,691217
19/08/29,3,36000,0,0,0,1,0,36450,36650,36000,1200568
19/08/30,4,36850,0,1,0,0,0,36200,37050,36200,1334135
19/09/02,0,36400,0,0,0,1,0,36900,37100,36450,395516
19/09/03,1,36200,0,0,1,0,0,36350,36400,36000,1351316
19/09/04,2,36700,0,1,0,0,0,36050,36700,35950,809171
19/09/05,3,38150,0,1,0,0,0,36950,38300,36950,1279528
19/09/06,4,38550,0,1,0,0,0,38600,38750,38350,653390
19/09/09,0,39100,0,1,0,0,0,38750,39150,38700,758639
19/09/10,1,39150,0,0,1,0,0,38900,39200,38900,1268271
19/09/11,2,39200,0,0,1,0,0,39200,39400,39050,866301
19/09/16,0,39100,0,0,1,0,0,39750,39750,38700,1610981
19/09/17,1,39200,0,0,1,0,0,39200,39250,38800,1195914
19/09/18,2,39850,0,1,0,0,0,39100,39850,39050,1224943
19/09/19,3,40550,0,1,0,0,0,39800,40850,39700,1545963
19/09/20,4,40950,0,0,1,0,0,40600,40950,40550,2815902
19/09/23,0,40750,0,0,1,0,0,40850,40950,40550,952559
19/09/24,1,40700,0,0,1,0,0,40500,40700,40150,1219310
19/09/25,2,40200,0,0,0,1,0,40000,40400,40000,1334686
19/09/26,3,40200,0,0,1,0,0,40250,40450,40100,1521424
19/09/27,4,39300,0,0,0,1,0,39600,39850,39300,1117856
19/09/30,0,39500,0,0,1,0,0,39000,39850,38900,2243443
19/10/01,1,39500,0,0,1,0,0,39700,39850,39300,949993
19/10/02,2,38900,0,0,0,1,0,38900,39100,38800,1349938
19/10/04,4,39100,0,0,1,0,0,38450,39800,38400,2465552
19/10/07,0,39000,0,0,1,0,0,39500,39800,38950,310783
19/10/08,1,39650,0,1,0,0,0,39250,39800,39000,643953
19/10/10,3,39650,0,0,1,0,0,39400,39850,39050,1540954
19/10/11,4,40000,0,0,1,0,0,39950,40150,39650,934708
19/10/14,0,40600,0,1,0,0,0,40700,40950,40500,1187934
19/10/15,1,40600,0,0,1,0,0,40600,40750,40450,920522
19/10/16,2,41100,0,1,0,0,0,40700,41100,40700,1720313
19/10/17,3,40900,0,0,1,0,0,40650,41000,40600,1141410
19/10/18,4,40300,0,0,0,1,0,40700,41000,40200,1786920
19/10/21,0,40600,0,0,1,0,0,40300,40650,40300,566652
19/10/22,1,41500,0,1,0,0,0,40800,41500,40700,1531234
19/10/23,2,41400,0,0,1,0,0,41250,41500,41050,1066921
19/10/24,3,41650,0,0,1,0,0,41800,41950,41150,1044017
19/10/25,4,41450,0,0,1,0,0,41300,41650,41100,1126319
19/10/28,0,41400,0,0,1,0,0,41450,41650,41300,700553
19/10/29,1,41000,0,0,1,0,0,41500,41650,40900,1233212
19/10/30,2,41100,0,0,1,0,0,40850,41100,40500,815073
19/10/31,3,41050,0,0,1,0,0,41300,41650,40750,1209593
19/11/01,4,42000,0,1,0,0,0,41300,42000,41050,1003590
19/11/04,0,43000,0,1,0,0,0,42000,43000,41900,1554596
19/11/05,1,43600,0,1,0,0,0,43000,43600,42850,1889256
19/11/06,2,43600,0,0,1,0,0,43250,44000,43250,1278143
19/11/07,3,43500,0,0,1,0,0,43500,43550,43100,998055
19/11/08,4,42600,0,0,0,1,0,43600,43750,42150,1403874
19/11/11,0,42400,0,0,1,0,0,42700,42700,42200,1184839
19/11/12,1,42800,0,0,1,0,0,42500,42800,42200,861066
19/11/13,2,42700,0,0,1,0,0,42400,42700,42400,499397
19/11/14,3,42350,0,0,1,0,0,42300,42550,42200,1116878
19/11/15,4,43100,0,1,0,0,0,42350,43150,42350,1492581
19/11/18,0,42950,0,0,1,0,0,42800,43200,42800,1578051
19/11/19,1,43050,0,0,1,0,0,42850,43050,42350,1192981
19/11/20,2,42350,0,0,0,1,0,42750,43100,42100,1066683
19/11/21,3,41100,0,0,0,1,0,41900,42150,41000,1236496
19/11/22,4,41650,0,1,0,0,0,41250,41800,41200,1081731
19/11/25,0,42050,0,0,1,0,0,41950,42700,41950,1359949
19/11/26,1,42300,0,0,1,0,0,42400,42900,42300,4426145
19/11/27,2,42250,0,0,1,0,0,42000,42350,41950,1407280
19/11/28,3,41700,0,0,0,1,0,41850,42100,41650,1064367
19/11/29,4,40850,0,0,0,1,0,41600,41700,40500,1452647
19/12/02,0,41300,0,1,0,0,0,41150,41500,41100,654720
19/12/03,1,41100,0,0,1,0,0,41050,41200,40750,1058152
19/12/04,2,40900,0,0,1,0,0,40950,40950,40350,1347956
19/12/05,3,40900,0,0,1,0,0,41200,41500,40800,1236208
19/12/06,4,41750,0,1,0,0,0,41350,41850,41100,1233398
19/12/09,0,41900,0,0,1,0,0,41900,42200,41750,1021251
19/12/10,1,42000,0,0,1,0,0,41900,42250,41650,735751
19/12/11,2,42200,0,0,1,0,0,42350,42350,42100,750327
19/12/12,3,43600,0,1,0,0,0,42550,43600,42550,1714165
19/12/13,4,44900,0,1,0,0,0,44300,44900,44050,2534594
19/12/16,0,45000,0,0,1,0,0,44900,45100,44550,1851324
19/12/17,1,46500,0,1,0,0,0,46000,46600,45450,2426141
19/12/18,2,46700,0,0,1,0,0,46500,46950,46050,2691398
19/12/19,3,45750,0,0,0,1,0,45950,46900,45700,3214033
19/12/20,4,45150,0,0,0,1,0,45650,45800,45000,2658532
19/12/23,0,45100,0,0,1,0,0,45450,45850,44850,1268063
19/12/24,1,44900,0,0,1,0,0,45100,45350,44900,987529
19/12/26,3,45300,0,0,1,0,0,45000,45300,44700,1119201
19/12/27,4,45700,0,0,1,0,0,45400,46200,45300,1400514
19/12/30,0,45400,0,0,1,0,0,45600,45850,45400,1913850
20/01/02,3,45600,0,0,1,0,0,45750,45950,45150,1512362
20/01/03,4,45650,0,0,1,0,0,46150,46600,45350,1892001
20/01/06,0,45700,0,0,1,0,0,44950,45700,44700,1212706
20/01/07,1,46300,0,1,0,0,0,45800,46600,45750,1655637
20/01/08,2,46700,0,0,1,0,0,46400,47500,45900,3625223
20/01/09,3,48400,0,1,0,0,0,48000,48500,47300,2643434
20/01/10,4,48550,0,0,1,0,0,48750,49300,48000,2342259
20/01/13,0,49500,0,1,0,0,0,48850,49500,48450,2297331
20/01/14,1,49750,0,0,1,0,0,49600,50600,49500,3776068
20/01/15,2,49250,0,0,0,1,0,49100,49700,49000,3151318
20/01/16,3,50400,0,1,0,0,0,48750,50500,48700,1734748
20/01/17,4,50900,0,0,1,0,0,50700,51200,50400,2192507
20/01/20,0,52200,0,1,0,0,0,51100,52500,51000,3405491
20/01/21,1,51000,0,0,0,1,0,51600,52100,51000,2591716
20/01/22,2,51100,0,0,1,0,0,50300,51900,50300,2775348
20/01/23,3,50300,0,0,0,1,0,51600,51700,50000,2419343
20/01/28,1,49100,0,0,0,1,0,48400,49200,48300,3157911
20/01/29,2,49600,0,1,0,0,0,49750,50200,49450,2066704
20/01/30,3,47950,0,0,0,1,0,49500,49550,47950,2526970
20/01/31,4,47500,0,0,1,0,0,48000,49000,47500,2976123
20/02/03,0,47750,0,0,1,0,0,46700,48400,46500,2541142
20/02/04,1,49650,0,1,0,0,0,48300,49800,47900,2804961
20/02/05,2,50700,0,1,0,0,0,51300,51400,49800,2396249
20/02/06,3,51300,0,1,0,0,0,51000,51300,50600,2322521
20/02/07,4,51200,0,0,1,0,0,51300,51600,50700,1991501
20/02/10,0,51000,0,0,1,0,0,50300,51000,50100,1900584
20/02/11,1,51000,0,0,1,0,0,51000,51600,51000,2090150
20/02/12,2,50900,0,0,1,0,0,51200,51400,50500,1951794
20/02/13,3,51400,0,0,1,0,0,51400,51900,51100,2076607
20/02/14,4,52700,0,1,0,0,0,51600,52800,51400,3009997
20/02/17,0,52500,0,0,1,0,0,52900,53000,52500,2330946
20/02/18,1,51000,0,0,0,1,0,52100,52300,51000,2581442
20/02/19,2,51100,0,0,1,0,0,50700,51500,50000,2681487
20/02/20,3,50900,0,0,1,0,0,51400,51800,50900,1875311
20/02/21,4,50400,0,0,1,0,0,50200,50800,50200,1931325
20/02/24,0,48700,0,0,0,1,0,49300,49600,48500,3559473
20/02/25,1,49600,0,1,0,0,0,47950,49700,47950,3759466
20/02/26,2,48100,0,0,0,1,0,48150,49000,48100,3118050
20/02/27,3,47550,0,0,0,1,0,48100,48600,47500,2079918
20/02/28,4,45550,0,0,0,1,0,46500,47000,45550,3872934
20/03/02,0,46000,0,0,1,0,0,45650,46900,44900,4067855
20/03/03,1,46600,0,1,0,0,0,47850,48350,46600,3308530
20/03/04,2,48200,0,1,0,0,0,46100,48600,46050,3658066
20/03/05,3,49050,0,1,0,0,0,49000,49250,48450,2588823
20/03/06,4,47450,0,0,0,1,0,48000,48250,47350,3419692
20/03/09,0,45500,0,0,0,1,0,46000,46650,45500,3515886
20/03/10,1,45500,0,0,1,0,0,44800,46200,44750,5812655
20/03/11,2,44350,0,0,0,1,0,46000,46100,44200,3413664
20/03/12,3,43100,0,0,0,1,0,43100,44250,42000,4624793
20/03/13,4,42700,0,0,1,0,0,40000,43900,39250,5773939
20/03/16,0,41000,0,0,0,1,0,42950,43400,41050,4531444
20/03/17,1,39650,0,0,0,1,0,39200,41650,39000,4684902
20/03/18,2,38000,0,0,0,1,0,39950,40500,38000,3745813
20/03/19,3,35450,0,0,0,0,1,38100,38600,34900,5640126
20/03/20,4,38000,1,0,0,0,0,36500,38300,36450,4623584
20/03/23,0,36000,0,0,0,0,1,36050,36800,35600,3367606
20/03/24,1,39150,1,0,0,0,0,36900,39150,36500,4179097
20/03/25,2,41450,1,0,0,0,0,42500,42550,40200,4241958
20/03/26,3,40750,0,0,0,1,0,41500,42050,40250,3762796
20/03/27,4,41100,0,0,1,0,0,42300,42500,40550,3423688
20/03/30,0,40450,0,0,0,1,0,39150,40600,39150,2807999
20/03/31,1,40100,0,0,1,0,0,40500,40850,39850,3287643
20/04/01,2,39000,0,0,0,1,0,40100,40550,39000,2688956
20/04/02,3,39400,0,1,0,0,0,39200,39750,38700,2003481
20/04/03,4,39800,0,1,0,0,0,40000,40450,39500,1396180
20/04/06,0,40950,0,1,0,0,0,39950,40900,39700,1847567
20/04/07,1,41800,0,1,0,0,0,42000,42050,41050,2930364
20/04/08,2,41700,0,0,1,0,0,41500,41950,41300,1708879
20/04/09,3,42050,0,0,1,0,0,42250,42400,41900,2145679
20/04/10,4,42200,0,0,1,0,0,42000,42200,41850,969434
20/04/13,0,41800,0,0,1,0,0,42250,42300,41600,1167757
20/04/14,1,42100,0,0,1,0,0,41900,42100,41700,1193998
20/04/16,3,42300,0,0,1,0,0,42900,42900,41850,2341232
20/04/17,4,44050,0,1,0,0,0,43200,44900,43100,3207970
20/04/20,0,43500,0,0,0,1,0,44500,44500,43450,1775737
20/04/21,1,42650,0,0,0,1,0,42600,43150,42000,2119935
20/04/22,2,42950,0,0,1,0,0,42000,43000,41800,1818663
20/04/23,3,43000,0,0,1,0,0,43300,43450,43000,1324611
20/04/24,4,42500,0,0,0,1,0,42650,42950,42500,1570842
20/04/27,0,42750,0,0,1,0,0,42550,43000,42250,1160164
20/04/28,1,42400,0,0,1,0,0,42750,42900,42400,1336911
20/04/29,2,42250,0,0,1,0,0,42400,42800,42250,1833554
20/05/04,0,41200,0,0,0,1,0,40950,41750,40950,2912417
20/05/06,2,42000,0,1,0,0,0,41700,42000,41400,1801667
20/05/07,3,41600,0,0,1,0,0,42300,42300,41600,1090970
20/05/08,4,41650,0,0,1,0,0,41950,42150,41650,1134653
20/05/11,0,41500,0,0,1,0,0,41750,42100,41500,1090117
20/05/12,1,40850,0,0,0,1,0,41500,41500,40800,2091230
20/05/13,2,41050,0,0,1,0,0,40250,41050,40100,3016935
20/05/14,3,40650,0,0,1,0,0,40550,40850,40500,1230762
20/05/15,4,40950,0,0,1,0,0,40900,41350,40700,1319699
20/05/18,0,41600,0,1,0,0,0,41000,42100,40900,2241226
20/05/19,1,43200,0,1,0,0,0,42750,43300,42750,2312820
20/05/20,2,43300,0,0,1,0,0,42950,43350,42750,1906862
20/05/21,3,43300,0,0,1,0,0,43700,43950,43250,1811715
20/05/22,4,42350,0,0,0,1,0,43300,43300,42200,1779284
20/05/25,0,43100,0,1,0,0,0,42350,43100,42000,1966036
20/05/26,1,42950,0,0,1,0,0,42900,43200,42500,1773306
20/05/27,2,42950,0,0,1,0,0,43050,43150,42650,2489476
20/05/28,3,43500,0,1,0,0,0,43600,43900,43000,3212121
20/05/29,4,42850,0,0,0,1,0,42700,43500,42700,3546245
20/06/01,0,43950,0,1,0,0,0,43450,44000,43350,3188899
20/06/02,1,44000,0,0,1,0,0,44100,44500,43850,2228440
20/06/03,2,46200,0,1,0,0,0,44250,47000,44250,4824403
20/06/04,3,46900,0,1,0,0,0,47300,48250,46300,3805378
20/06/05,4,47750,0,1,0,0,0,46900,47750,46500,2293955
20/06/08,0,47800,0,0,1,0,0,49000,49000,47200,3795200
20/06/09,1,48000,0,0,1,0,0,48300,48700,47500,2692335
20/06/10,2,47950,0,0,1,0,0,47900,48150,47500,1672882
20/06/11,3,47550,0,0,1,0,0,47750,48450,47000,3386061
20/06/12,4,46050,0,0,0,1,0,45200,46550,45150,3109103
20/06/15,0,44450,0,0,0,1,0,46100,46450,44400,3166662
20/06/16,1,46050,0,1,0,0,0,45300,46300,45150,1984472
20/06/17,2,45900,0,0,1,0,0,45700,46450,45500,2446202
20/06/18,3,45900,0,0,1,0,0,46100,46350,45750,1436184
20/06/19,4,47000,0,1,0,0,0,46250,47000,45700,2160511
20/06/22,0,46300,0,0,0,1,0,47000,47100,46300,2413886
20/06/23,1,46000,0,0,1,0,0,46550,46850,45900,1633036
20/06/24,2,47000,0,1,0,0,0,46100,47500,46000,3154917
20/06/25,3,45900,0,0,0,1,0,46200,46800,45900,3035356
20/06/26,4,46850,0,1,0,0,0,46750,47000,46450,2740918
20/06/29,0,46050,0,0,0,1,0,45850,46550,45800,2077760
20/06/30,1,46500,0,0,1,0,0,46950,46950,46500,2137495
20/07/01,2,46100,0,0,1,0,0,46750,46850,46050,1258369
20/07/02,3,46650,0,1,0,0,0,46150,46650,46000,1461640
20/07/03,4,46900,0,0,1,0,0,46700,46950,46500,1457760
20/07/06,0,47950,0,1,0,0,0,47100,47950,47050,2257798
20/07/07,1,47600,0,0,1,0,0,48650,48950,47400,2814307
20/07/08,2,46500,0,0,0,1,0,47000,47250,46500,3104265
20/07/09,3,46500,0,0,1,0,0,46650,46800,46200,1886506
20/07/10,4,46750,0,0,1,0,0,46600,46750,46100,1784038
20/07/13,0,47200,0,0,1,0,0,46900,47200,46550,2175062
20/07/14,1,47100,0,0,1,0,0,46900,47100,46800,956861
20/07/15,2,47450,0,0,1,0,0,47300,47700,47200,1926106
20/07/16,3,47050,0,0,1,0,0,47550,47600,46900,1508846
20/07/17,4,47100,0,0,1,0,0,46800,47250,46750,1379349
20/07/20,0,46950,0,0,1,0,0,47100,47200,46850,1056239
20/07/21,1,47700,0,1,0,0,0,47900,47900,47200,2250059
20/07/22,2,47250,0,0,1,0,0,47750,47800,47200,1385314
20/07/23,3,47050,0,0,1,0,0,47500,47500,47000,1042936
20/07/24,4,47150,0,0,1,0,0,46850,47300,46800,1043225
20/07/27,0,47500,0,0,1,0,0,47100,47850,47100,2146180
20/07/28,1,49500,0,1,0,0,0,48500,49550,48000,6280763
20/07/29,2,50200,0,1,0,0,0,49900,50500,49600,2892867
20/07/30,3,50600,0,0,1,0,0,51000,51000,50500,1535279
20/07/31,4,49500,0,0,0,1,0,50700,50800,49500,2148985
20/08/03,0,49050,0,0,1,0,0,49950,49950,49000,1966185
20/08/04,1,50000,0,1,0,0,0,49350,50300,49350,1809664
20/08/05,2,49950,0,0,1,0,0,50200,50400,49400,1466359
20/08/06,3,50500,0,1,0,0,0,50000,50600,49950,1433270
20/08/07,4,50000,0,0,1,0,0,50600,50700,49900,1788158
20/08/10,0,50100,0,0,1,0,0,50000,50400,49900,1581887
20/08/11,1,50300,0,0,1,0,0,50000,50900,49950,2104642
20/08/12,2,50700,0,0,1,0,0,50300,50700,50000,1278718
20/08/13,3,50700,0,0,1,0,0,51100,51200,50400,1536456
20/08/14,4,50600,0,0,1,0,0,50300,50600,50100,1467168
20/08/18,1,50200,0,0,1,0,0,51000,51900,50100,2646982
20/08/19,2,50100,0,0,1,0,0,51000,51100,50000,2154478
20/08/20,3,48250,0,0,0,1,0,50000,50100,48050,3748473
20/08/21,4,48650,0,0,1,0,0,48500,49250,48300,2507784
20/08/24,0,48600,0,0,1,0,0,48700,49050,48000,1425077
20/08/25,1,48750,0,0,1,0,0,49000,49000,48600,1305053
20/08/26,2,49000,0,0,1,0,0,49000,49000,48550,1345692
20/08/27,3,48400,0,0,0,1,0,49200,49200,48300,1861794
20/08/28,4,48200,0,0,1,0,0,48450,48600,48200,1479287
20/08/31,0,47500,0,0,0,1,0,48250,48550,47500,3428166
20/09/01,1,47100,0,0,1,0,0,47350,47850,47000,2632194
20/09/02,2,47100,0,0,1,0,0,47100,47900,47000,1881394
20/09/03,3,47900,0,1,0,0,0,47800,48450,47800,3836969
20/09/04,4,47500,0,0,1,0,0,47100,47850,46900,2886358
20/09/07,0,48500,0,1,0,0,0,47700,48600,47700,2015714
20/09/08,1,50000,0,1,0,0,0,49100,50300,49050,2548510
20/09/09,2,49500,0,0,0,1,0,49450,50200,49200,2349972
20/09/10,3,50700,0,1,0,0,0,50400,50900,50200,2645971
20/09/11,4,50900,0,0,1,0,0,50700,50900,50100,1801308
20/09/14,0,51900,0,1,0,0,0,51600,52000,51500,2360763
20/09/15,1,52000,0,0,1,0,0,52500,52600,51700,2939585
20/09/16,2,51700,0,0,1,0,0,52000,52300,51500,2490139
20/09/17,3,51000,0,0,0,1,0,51700,51900,50800,2505013
20/09/18,4,50900,0,0,1,0,0,50800,51300,50500,2188690
20/09/21,0,51300,0,0,1,0,0,50900,51800,50900,1636797
20/09/22,1,51000,0,0,1,0,0,50900,51600,50600,2117503
20/09/23,2,50900,0,0,1,0,0,51100,51300,50300,1875836
20/09/24,3,50300,0,0,0,1,0,50100,50900,50100,1926490
20/09/25,4,50700,0,0,1,0,0,50300,50900,50100,2041736
20/09/28,0,50500,0,0,1,0,0,50700,50900,50300,1784371
20/09/29,1,50500,0,0,1,0,0,50600,50800,50400,2656730
20/10/05,0,50700,0,0,1,0,0,50000,51000,50000,2058949
20/10/06,1,50900,0,0,1,0,0,51300,51400,50600,1735208
20/10/07,2,51400,0,0,1,0,0,50600,51300,50600,1757262
20/10/08,3,51700,0,0,1,0,0,52000,52000,51400,2263004
20/10/12,0,52300,0,1,0,0,0,52300,52500,51900,3716137
20/10/13,1,53400,0,1,0,0,0,53000,53500,52700,3716282
20/10/14,2,53600,0,0,1,0,0,53700,53800,53200,3346129
20/10/15,3,53200,0,0,1,0,0,53100,53300,52700,2462706
20/10/16,4,53000,0,0,1,0,0,53400,53700,52800,1977121
20/10/19,0,53000,0,0,1,0,0,52800,53600,52800,1602973
20/10/20,1,53300,0,0,1,0,0,52900,53800,52600,1808384
20/10/21,2,53200,0,0,1,0,0,53500,53700,53100,1801444
20/10/22,3,53500,0,0,1,0,0,52900,53500,52800,2123010
20/10/23,4,53300,0,0,1,0,0,53200,53600,53200,1455825
20/10/26,0,53500,0,0,1,0,0,54000,54200,53300,2292408
20/10/27,1,53400,0,0,1,0,0,53300,53400,52900,1808876
20/10/28,2,52900,0,0,1,0,0,52800,53200,52700,2083260
20/10/29,3,51700,0,0,0,1,0,52300,52500,51500,3300363
20/10/30,4,50100,0,0,0,1,0,51600,51600,50100,3581887
20/11/02,0,51200,0,1,0,0,0,49800,51300,49200,2743951
20/11/03,1,52200,0,1,0,0,0,51500,52200,51500,1960143
20/11/04,2,52200,0,0,1,0,0,52200,52500,51800,1447736
20/11/05,3,53500,0,1,0,0,0,52400,53500,52400,2026073
20/11/06,4,53800,0,0,1,0,0,53900,53900,53300,2389344
20/11/09,0,55000,0,1,0,0,0,54100,55000,54000,2142600
20/11/10,1,55500,0,0,1,0,0,55200,55500,54600,2606507
20/11/11,2,56900,0,1,0,0,0,54700,56700,54700,3285787
20/11/12,3,57300,0,0,1,0,0,56900,57300,56100,3846625
20/11/13,4,57400,0,0,1,0,0,57000,58200,56900,3818072
20/11/16,0,58800,0,1,0,0,0,58000,59000,58000,5619146
20/11/17,1,59000,0,0,1,0,0,59400,60000,59000,4830037
20/11/18,2,58500,0,0,1,0,0,58600,59000,57700,3624699
20/11/19,3,58000,0,0,1,0,0,57800,58100,57500,2376103
20/11/20,4,58300,0,0,1,0,0,58200,59000,58000,2006084
20/11/23,0,61000,0,1,0,0,0,58400,61000,58400,3411903
20/11/24,1,61800,0,1,0,0,0,61600,63500,61000,5934539
20/11/25,2,60800,0,0,0,1,0,62100,62700,60300,4976710
20/11/26,3,61900,0,1,0,0,0,61100,61900,60300,2301092
20/11/27,4,61800,0,0,1,0,0,61800,62200,61500,2807212
20/11/30,0,61100,0,0,0,1,0,62400,62500,61100,6415253
20/12/01,1,62500,0,1,0,0,0,61200,62500,61200,2835893
20/12/02,2,63800,0,1,0,0,0,62800,63900,62700,3869364
20/12/03,3,64400,0,0,1,0,0,64500,65000,63800,4230687
20/12/04,4,65500,0,1,0,0,0,64000,65900,64000,4299278
20/12/07,0,66700,0,1,0,0,0,65500,66700,65500,5978122
20/12/08,1,65800,0,0,0,1,0,66300,66600,65700,4599768
20/12/09,2,66900,0,1,0,0,0,65900,66900,65800,3052718
20/12/10,3,67800,0,1,0,0,0,66100,67800,66000,3708012
20/12/11,4,69300,0,1,0,0,0,68000,69400,68000,3410209
20/12/14,0,69900,0,0,1,0,0,69700,72500,69500,6710198
20/12/15,1,69500,0,0,1,0,0,69800,70300,68800,5241742
20/12/16,2,69500,0,0,1,0,0,70000,70400,69500,2624187
20/12/17,3,68900,0,0,1,0,0,68700,69300,68500,4513170
20/12/18,4,68600,0,0,1,0,0,68900,69300,68600,3277424
20/12/21,0,68800,0,0,1,0,0,68700,69100,68000,3519643
20/12/22,1,68500,0,0,1,0,0,68300,68800,68200,2109156
20/12/23,2,69900,0,1,0,0,0,68500,69900,68500,2663377
20/12/24,3,72800,0,1,0,0,0,70400,73600,70100,5870143
20/12/28,0,72900,0,0,1,0,0,74000,74800,72800,8145726
20/12/29,1,72200,0,0,1,0,0,72500,72700,70500,5229106
20/12/30,2,73600,0,1,0,0,0,72000,74000,71500,4325286
21/01/04,0,74400,0,1,0,0,0,73700,75300,73600,5455139
21/01/05,1,75000,0,0,1,0,0,73600,74700,73600,3870698
21/01/06,2,74300,0,0,1,0,0,75000,75600,74200,4103763
21/01/07,3,74300,0,0,1,0,0,74400,74800,74300,3858695
21/01/08,4,77800,0,1,0,0,0,74700,80000,74300,8225064
21/01/11,0,81000,0,1,0,0,0,79000,86800,79000,12293635
21/01/12,1,80000,0,0,0,1,0,79200,81000,78400,7552741
21/01/13,2,78600,0,0,0,1,0,79000,80300,78500,5819050
21/01/14,3,78800,0,0,1,0,0,78800,79100,78400,2243911
21/01/15,4,77600,0,0,0,1,0,79300,80100,77600,3152097
21/01/18,0,74600,0,0,0,1,0,76100,76600,74000,6686244
21/01/19,1,76400,0,1,0,0,0,73800,76600,72300,6559458
21/01/20,2,76800,0,0,1,0,0,78900,78900,76600,3008651
21/01/21,3,77600,0,1,0,0,0,77500,77800,76800,2512634
21/01/22,4,77600,0,0,1,0,0,79000,79400,77600,3026828
21/01/25,0,79200,0,1,0,0,0,77700,79400,76900,3016741
21/01/26,1,78100,0,0,0,1,0,79500,79600,77700,2820164
21/01/27,2,77300,0,0,0,1,0,77500,78100,77100,3125177
21/01/28,3,75600,0,0,0,1,0,75800,76700,75100,4178824
21/01/29,4,73100,0,0,0,1,0,75900,76300,73000,5845513
21/02/01,0,73300,0,0,1,0,0,72600,73800,71100,4563341
21/02/02,1,74500,0,1,0,0,0,74800,75900,74200,2848960
21/02/03,2,74200,0,0,1,0,0,74900,75300,74100,2577523
21/02/04,3,74300,0,0,1,0,0,73800,74300,73300,2674009
21/02/05,4,74300,0,0,1,0,0,74300,74600,73500,1891452
21/02/08,0,74000,0,0,1,0,0,74100,74400,73500,1611740
21/02/09,1,74000,0,0,1,0,0,75000,75200,73800,1389495
21/02/10,2,74300,0,0,1,0,0,74000,74300,73300,1689609
21/02/15,0,75500,0,1,0,0,0,75600,75800,75000,2541463
21/02/16,1,76200,0,0,1,0,0,75900,76700,75700,1607444
21/02/17,2,74800,0,0,0,1,0,76200,76300,74800,1848189
21/02/18,3,74000,0,0,0,1,0,74700,75300,74000,1862273
21/02/19,4,75500,0,1,0,0,0,74000,75500,73400,1866261
21/02/22,0,74100,0,0,0,1,0,75800,75900,74100,2443854
21/02/23,1,73200,0,0,0,1,0,73300,73800,73000,2571633
21/02/24,2,72700,0,0,1,0,0,73100,73900,72500,2814226
21/02/25,3,74100,0,1,0,0,0,73900,74300,73200,3337892
21/02/26,4,72800,0,0,0,1,0,72700,73100,72500,3602803
21/03/02,1,73100,0,0,1,0,0,74200,74400,73000,2939705
21/03/03,2,73900,0,1,0,0,0,73300,73900,72600,1435952
21/03/04,3,73100,0,0,0,1,0,73500,73800,73100,1654441
21/03/05,4,72200,0,0,0,1,0,72500,72700,72000,2722120
21/03/08,0,72400,0,0,1,0,0,72900,73000,72300,1209702
21/03/09,1,72500,0,0,1,0,0,72000,72500,71100,1993027
21/03/10,2,71900,0,0,1,0,0,73200,73300,71800,1568800
21/03/11,3,72500,0,0,1,0,0,72000,72700,72000,1667660
21/03/12,4,72800,0,0,1,0,0,73100,73400,72700,1165120
21/03/15,0,73100,0,0,1,0,0,72800,73100,72600,1303584
21/03/16,1,73800,0,0,1,0,0,73200,73800,73200,1122434
21/03/17,2,73500,0,0,1,0,0,74200,74200,73500,1129037
21/03/18,3,73600,0,0,1,0,0,73700,74200,73600,1293970
21/03/19,4,72700,0,0,0,1,0,73100,73500,72700,2026932
21/03/22,0,73300,0,0,1,0,0,73100,73600,73000,1212920
21/03/23,1,73300,0,0,1,0,0,73700,74100,73300,1193113
21/03/24,2,72900,0,0,1,0,0,72900,73300,72500,1736234
21/03/25,3,73400,0,0,1,0,0,73000,73600,72900,896035
21/03/26,4,73800,0,0,1,0,0,73800,73800,73400,1254208
21/03/29,0,74100,0,0,1,0,0,74100,74300,73800,1651912
21/03/30,1,74000,0,0,1,0,0,73700,74000,73500,1237781
21/03/31,2,73000,0,0,0,1,0,74000,74000,73000,1870825
21/04/01,3,73500,0,0,1,0,0,73600,73700,73200,1250675
21/04/02,4,74500,0,1,0,0,0,74200,74700,74100,1646347
21/04/05,0,75500,0,1,0,0,0,75600,75800,75000,1486188
21/04/06,1,76400,0,1,0,0,0,76100,76500,75700,1647508
21/04/07,2,76300,0,0,1,0,0,76500,76600,75800,1439369
21/04/08,3,75200,0,0,0,1,0,76100,76300,75100,2366746
21/04/09,4,75000,0,0,1,0,0,75700,75900,74900,1595154
21/04/12,0,75100,0,0,1,0,0,75200,75400,74900,1039054
21/04/13,1,75200,0,0,1,0,0,74500,75600,74100,1481276
21/04/14,2,75100,0,0,1,0,0,75500,75600,75100,1159732
21/04/15,3,75000,0,0,1,0,0,75000,75300,74800,1514622
21/04/16,4,75200,0,0,1,0,0,75400,75500,75000,1365529
21/04/19,0,75300,0,0,1,0,0,75300,75500,75000,1432655
21/04/20,1,75600,0,0,1,0,0,75300,75700,75100,1377315
21/04/21,2,75000,0,0,1,0,0,75600,75600,75000,1532570
21/04/22,3,75100,0,0,1,0,0,75100,75500,75000,1169129
21/04/23,4,75200,0,0,1,0,0,74800,75200,74600,1324235
21/04/26,0,74600,0,0,1,0,0,74800,75000,74300,2847452
21/04/27,1,74400,0,0,1,0,0,74700,74800,74300,1278106
21/04/28,2,73600,0,0,0,1,0,75000,75000,73600,2214436
21/04/29,3,73500,0,0,1,0,0,73900,74400,73500,1847208
21/04/30,4,73300,0,0,1,0,0,73800,73900,73300,1571575
21/05/03,0,74000,0,0,1,0,0,73500,74300,73400,1220809
21/05/04,1,74400,0,0,1,0,0,74000,74400,73800,870076
21/05/06,3,74500,0,0,1,0,0,73900,74500,73700,1654713
21/05/07,4,74800,0,0,1,0,0,74300,74800,74100,1333314
21/05/10,0,74900,0,0,1,0,0,74900,75200,74600,1760900
21/05/11,1,74100,0,0,0,1,0,74600,74600,74000,1451334
21/05/12,2,73500,0,0,1,0,0,74100,74100,73100,1916667
21/05/13,3,72200,0,0,0,1,0,72100,73000,71600,2162028
21/05/14,4,73900,0,1,0,0,0,72700,74000,72700,1058711
21/05/17,0,73900,0,0,1,0,0,74200,74400,73300,997605
21/05/18,1,73600,0,0,1,0,0,73600,73900,73500,820313
21/05/20,3,73200,0,0,1,0,0,73200,73500,72800,2111878
21/05/21,4,73000,0,0,1,0,0,73400,73900,73000,1492820
21/05/24,0,72500,0,0,1,0,0,73300,73300,72500,1410738
21/05/25,1,72900,0,0,1,0,0,72600,72900,72500,1033281
21/05/26,2,73000,0,0,1,0,0,73000,73200,72800,836022
21/05/27,3,72200,0,0,0,1,0,72800,72900,72200,2736026
21/05/28,4,72200,0,0,1,0,0,72300,72500,72200,1337817
21/05/31,0,73000,0,1,0,0,0,72500,73000,72200,1162685
21/06/01,1,73100,0,0,1,0,0,73100,73400,72700,1194829
21/06/02,2,72800,0,0,1,0,0,73100,73300,72800,1210868
21/06/03,3,74100,0,1,0,0,0,73100,74400,73000,1687217
21/06/04,4,74100,0,0,1,0,0,74300,74300,73600,868312
21/06/07,0,74500,0,0,1,0,0,74700,74700,74100,913394
21/06/08,1,74200,0,0,1,0,0,74200,74600,74200,1058237
21/06/09,2,74200,0,0,1,0,0,74200,74400,74000,835679
21/06/10,3,73900,0,0,1,0,0,74000,74200,73900,828699
21/06/11,4,74300,0,0,1,0,0,73900,74400,73900,796762
21/06/14,0,74200,0,0,1,0,0,74300,74400,73900,764898
21/06/15,1,74300,0,0,1,0,0,74300,74400,74100,838110
21/06/16,2,74700,0,0,1,0,0,74300,74700,74300,923875
21/06/17,3,74300,0,0,1,0,0,74700,74800,74300,973761
21/06/18,4,74000,0,0,1,0,0,74500,74600,74000,1426525
21/06/21,0,73500,0,0,1,0,0,73800,73900,73500,1313840
21/06/22,1,73700,0,0,1,0,0,73700,73900,73600,732813
21/06/23,2,73600,0,0,1,0,0,73800,73900,73600,1098536
21/06/24,3,74300,0,0,1,0,0,73700,74600,73600,1745151
21/06/25,4,74800,0,0,1,0,0,74400,74900,74400,1658293
21/06/28,0,74900,0,0,1,0,0,75000,75200,74800,1967125
21/06/29,1,74000,0,0,0,1,0,74600,74700,73800,1358035
21/06/30,2,73700,0,0,1,0,0,73900,74100,73700,1548087
21/07/01,3,73400,0,0,1,0,0,73700,73900,73300,1288049
21/07/02,4,73100,0,0,1,0,0,73400,73400,72900,1203733
21/07/05,0,73600,0,0,1,0,0,73400,73600,73300,1417773
21/07/06,1,73900,0,0,1,0,0,73700,74000,73700,547300
21/07/07,2,73600,0,0,1,0,0,74100,74200,73300,1279717
21/07/08,3,72700,0,0,0,1,0,73600,73600,72500,2919624
21/07/09,4,72200,0,0,1,0,0,72200,72400,71600,3508267
21/07/12,0,72300,0,0,1,0,0,72700,72700,72300,1019946
21/07/13,1,72500,0,0,1,0,0,72400,72600,72300,1064769
21/07/14,2,72800,0,0,1,0,0,72500,72800,72000,1033186
21/07/15,3,73100,0,0,1,0,0,73000,73300,72500,1219199
21/07/16,4,72900,0,0,1,0,0,73000,73000,72500,824622
21/07/19,0,72500,0,0,1,0,0,72400,72600,72200,1034631
21/07/20,1,72300,0,0,1,0,0,71900,72600,71800,941048
21/07/21,2,72300,0,0,1,0,0,72500,72700,72100,880945
21/07/22,3,73300,0,1,0,0,0,72500,73300,72500,937080
21/07/23,4,73100,0,0,1,0,0,73300,73400,72900,695770
21/07/26,0,72900,0,0,1,0,0,73400,73400,72800,880841
21/07/27,1,72500,0,0,1,0,0,72900,73100,72500,967151
21/07/28,2,72400,0,0,1,0,0,72400,72500,72000,1050070
21/07/29,3,72600,0,0,1,0,0,73000,73100,72400,759056
21/07/30,4,72100,0,0,1,0,0,72100,72700,72100,1258118
21/08/02,0,73100,0,1,0,0,0,72700,73100,72300,909786
21/08/03,1,74200,0,1,0,0,0,73300,74200,73000,1622106
21/08/04,2,75000,0,1,0,0,0,74800,75000,74400,1668542
21/08/05,3,75200,0,0,1,0,0,75300,75400,74500,1297891
21/08/06,4,74900,0,0,1,0,0,74900,75200,74600,945177
21/08/09,0,75000,0,0,1,0,0,75200,75300,74500,1275918
21/08/10,1,74200,0,0,0,1,0,75300,75300,74000,1336377
21/08/11,2,73100,0,0,0,1,0,73500,73700,72700,2249011
21/08/12,3,71800,0,0,0,1,0,72300,72800,71700,3106332
21/08/13,4,69600,0,0,0,1,0,70700,71000,69200,5559423
21/08/17,1,69100,0,0,1,0,0,69200,70100,69100,3001378
21/08/18,2,69500,0,0,1,0,0,68900,69800,68100,2135361
21/08/19,3,68500,0,0,0,1,0,69500,69800,68500,1960943
21/08/20,4,68400,0,0,1,0,0,68600,69000,67600,1812735
21/08/23,0,68500,0,0,1,0,0,68800,69000,68000,1387748
21/08/24,1,71000,0,1,0,0,0,69300,71000,69100,1510163
21/08/25,2,70500,0,0,1,0,0,71800,71900,69800,1408771
21/08/26,3,70100,0,0,1,0,0,70900,70900,69700,1166671
21/08/27,4,69700,0,0,1,0,0,69500,70000,69000,840355
21/08/30,0,69700,0,0,1,0,0,70300,70500,69700,853192
21/08/31,1,70800,0,1,0,0,0,70000,70800,69400,2269612
21/09/01,2,70900,0,0,1,0,0,71200,71200,70400,1341833
21/09/02,3,70300,0,0,1,0,0,70900,71000,70100,1267770
21/09/03,4,71100,0,1,0,0,0,70400,71100,70400,735939
21/09/06,0,72000,0,1,0,0,0,71700,72000,71100,1061351
21/09/07,1,71300,0,0,1,0,0,72000,72100,71300,848194
21/09/08,2,72000,0,0,1,0,0,71600,72000,71000,1299782
21/09/09,3,71700,0,0,1,0,0,71400,71800,71000,1071684
21/09/10,4,70700,0,0,0,1,0,71000,71300,70700,1169578
21/09/13,0,70800,0,0,1,0,0,70700,71000,70200,1339343
21/09/14,1,71400,0,0,1,0,0,71200,71800,71000,1296302
21/09/15,2,71800,0,0,1,0,0,71600,71800,70900,826110
21/09/16,3,71500,0,0,1,0,0,71900,72100,71100,1012901
21/09/17,4,71800,0,0,1,0,0,71700,71800,71200,1082165
21/09/23,3,71800,0,0,1,0,0,71700,71800,71000,1543238
21/09/24,4,71700,0,0,1,0,0,72000,72000,71500,1147092
21/09/27,0,72000,0,0,1,0,0,71600,71900,71500,1487002
21/09/28,1,71600,0,0,1,0,0,72100,72100,71400,1285777
21/09/29,2,70500,0,0,0,1,0,69900,70500,68700,3027961
21/09/30,3,69600,0,0,0,1,0,69600,69900,69000,2804870
21/10/01,4,68000,0,0,0,1,0,69400,69400,68000,2288210
21/10/05,1,66200,0,0,0,1,0,66400,66900,65900,2645541
21/10/06,2,65100,0,0,0,1,0,66500,66800,65100,1907265
21/10/07,3,65600,0,0,1,0,0,65200,66100,65200,1261041
21/10/08,4,66300,0,1,0,0,0,66200,66800,66100,1229430
21/10/12,1,64500,0,0,0,1,0,65800,65800,64500,1959915
21/10/13,2,64100,0,0,1,0,0,64300,65100,63100,2116457
21/10/14,3,64100,0,0,1,0,0,64500,64500,63900,1481113
21/10/15,4,64500,0,0,1,0,0,64700,65200,64400,1778226
21/10/18,0,64100,0,0,1,0,0,64800,64800,64000,1409885
21/10/19,1,64400,0,0,1,0,0,64400,64700,64400,1049608
21/10/20,2,64400,0,0,1,0,0,64600,64800,64200,842851
21/10/21,3,64500,0,0,1,0,0,64700,64700,64300,797614
21/10/22,4,64200,0,0,1,0,0,64200,64500,64100,942101
21/10/25,0,63800,0,0,1,0,0,64200,64300,63700,1156584
21/10/26,1,65000,0,1,0,0,0,64000,65200,63900,1100333
21/10/27,2,64600,0,0,1,0,0,65100,65100,64500,835488
21/10/28,3,65400,0,1,0,0,0,64300,66100,64100,1504358
21/10/29,4,64000,0,0,0,1,0,65700,65800,64000,1610013
21/11/01,0,65200,0,1,0,0,0,64600,65200,63900,1718726
21/11/02,1,66200,0,1,0,0,0,65200,66300,65100,1780045
21/11/03,2,66200,0,0,1,0,0,66600,66700,65400,1286725
21/11/04,3,66600,0,0,1,0,0,66400,66700,65800,1501198
21/11/05,4,66300,0,0,1,0,0,66800,66900,65800,1345568
21/11/08,0,65500,0,0,0,1,0,66000,66100,65200,1213206
21/11/09,1,66000,0,0,1,0,0,65900,66300,65400,1075061
21/11/10,2,65300,0,0,0,1,0,65700,65800,65100,951714
21/11/11,3,64900,0,0,1,0,0,65000,65100,64600,671902
21/11/12,4,65500,0,0,1,0,0,65600,65600,65000,651103
21/11/15,0,66200,0,1,0,0,0,66000,66400,65800,924060
21/11/16,1,65900,0,0,1,0,0,66300,66400,65900,1033170
21/11/17,2,66000,0,0,1,0,0,65900,66300,65300,949260
21/11/18,3,65500,0,0,1,0,0,65900,65900,65500,824744
21/11/19,4,66200,0,1,0,0,0,66000,66200,65600,934007
21/11/22,0,69500,0,1,0,0,0,68100,69500,67400,2454080
21/11/23,1,69400,0,0,1,0,0,69900,70000,69000,1395509
21/11/24,2,68500,0,0,0,1,0,70100,70300,68300,1461024
21/11/25,3,67800,0,0,0,1,0,68600,69000,67600,1024929
21/11/26,4,66700,0,0,0,1,0,68000,68100,66600,949624
21/11/29,0,65800,0,0,0,1,0,65000,66700,65000,1320521
21/11/30,1,63900,0,0,0,1,0,66700,67100,63900,3364005
21/12/01,2,68600,1,0,0,0,0,64600,68600,64600,3031791
21/12/02,3,69500,0,1,0,0,0,67600,69500,67600,1885419
21/12/03,4,69200,0,0,1,0,0,69500,69800,68500,1350094
21/12/06,0,70300,0,1,0,0,0,68800,70700,68500,1724092
21/12/07,1,70900,0,0,1,0,0,70900,71200,70100,1979792
21/12/08,2,70600,0,0,1,0,0,71600,72400,70600,1520011
21/12/09,3,70600,0,0,1,0,0,70900,71200,70000,1415020
21/12/10,4,70600,0,0,1,0,0,70300,70900,70100,762298
21/12/13,0,70400,0,0,1,0,0,70800,71300,70400,927292
21/12/14,1,70400,0,0,1,0,0,70100,70700,70000,789277
21/12/15,2,70500,0,0,1,0,0,70000,70500,70000,586325
21/12/16,3,70800,0,0,1,0,0,71200,71400,70400,1044949
21/12/17,4,70400,0,0,1,0,0,70200,71000,70200,1477698
21/12/20,0,70000,0,0,1,0,0,70200,70600,70000,713731
21/12/21,1,71000,0,1,0,0,0,70300,71000,70100,1168447
21/12/22,2,71700,0,0,1,0,0,71800,71900,71300,1040966
21/12/23,3,72300,0,0,1,0,0,71900,72300,71800,1052782
21/12/24,4,72800,0,0,1,0,0,72500,72900,72400,1004381
21/12/27,0,72400,0,0,1,0,0,72500,72700,72000,1371174
21/12/28,1,72400,0,0,1,0,0,72400,72500,71700,2235665
21/12/29,2,71700,0,0,1,0,0,72200,72200,71200,1499895
21/12/30,3,71200,0,0,1,0,0,71700,72000,71200,841764
