date,weekdate,SamsungBL_end,SamsungBL_dpp,SamsungBL_start,SamsungBL_high,SamsungBL_low,SamsungBL_abount
17/01/02,0,156500,3.64,151500,158000,151000,242245
17/01/03,1,158000,0.96,156500,158000,154500,163655
17/01/04,2,154500,-2.22,159500,161000,154500,180143
17/01/05,3,157500,1.94,156000,158000,156000,96008
17/01/06,4,157500,0.00,158000,158500,155500,88105
17/01/09,0,154500,-1.90,157500,158000,153000,124880
17/01/10,1,151000,-2.27,154000,154000,150500,156701
17/01/11,2,159000,5.30,151500,161000,151500,353023
17/01/12,3,157000,-1.26,157500,158500,154500,151742
17/01/13,4,153000,-2.55,155000,158000,152500,185131
17/01/16,0,151500,-0.98,154000,154500,151000,125534
17/01/17,1,152000,0.33,151000,154000,150000,110949
17/01/18,2,153000,0.66,153000,153500,152000,73671
17/01/19,3,152500,-0.33,155500,156500,152000,96398
17/01/20,4,155000,1.64,152500,155500,152000,79754
17/01/23,0,155500,0.32,156000,156500,154000,89506
17/01/24,1,155000,-0.32,155500,156000,152500,112281
17/01/25,2,155000,0.00,156000,156500,152500,140686
17/01/26,3,161000,3.87,156500,164000,155500,407193
17/01/31,1,161000,0.00,162000,164000,160500,228987
17/02/01,2,163000,1.24,162000,163000,159500,138216
17/02/02,3,171500,5.21,163500,173000,162500,597838
17/02/03,4,173000,0.87,173500,176500,171500,399421
17/02/06,0,168500,-2.60,172000,172500,167000,251528
17/02/07,1,171500,1.78,168500,172500,167000,212751
17/02/08,2,163000,-4.96,171500,172000,161500,374070
17/02/09,3,161000,-1.23,163000,166000,160500,219373
17/02/10,4,158000,-1.86,160000,161000,156000,704753
17/02/13,0,158000,0.00,156000,159500,155500,177206
17/02/14,1,156500,-0.95,158000,159500,156500,150832
17/02/15,2,160500,2.56,156000,161500,156000,130426
17/02/16,3,159000,-0.93,161000,162500,158500,132573
17/02/17,4,160500,0.94,155500,160500,155000,192999
17/02/20,0,161000,0.31,159500,161500,159000,76203
17/02/21,1,165500,2.80,161000,166000,160500,163959
17/02/22,2,165000,-0.30,166500,167000,164000,106637
17/02/23,3,168000,1.82,165000,168000,165000,144561
17/02/24,4,165500,-1.49,167500,168000,165000,84069
17/02/27,0,166500,0.60,167000,167500,164000,89333
17/02/28,1,164500,-1.20,167000,168000,162500,151499
17/03/02,3,161500,-1.82,165000,166000,161000,151100
17/03/03,4,162000,0.31,161500,163000,160500,73606
17/03/06,0,164500,1.54,162500,165500,162000,93995
17/03/07,1,168000,2.13,164500,168000,163500,137830
17/03/08,2,170000,1.19,169000,172000,168000,271238
17/03/09,3,168000,-1.18,170000,171000,168000,109589
17/03/10,4,171000,1.79,168000,171000,167000,149330
17/03/13,0,173000,1.17,170000,173000,169500,137838
17/03/14,1,171000,-1.16,172500,175000,170000,133248
17/03/15,2,173500,1.46,171000,173500,168500,133554
17/03/16,3,176500,1.73,174000,176500,174000,189001
17/03/17,4,180500,2.27,176000,181000,175500,302822
17/03/20,0,187500,3.88,180000,188000,177000,362620
17/03/21,1,193000,2.93,187500,199500,186500,495295
17/03/22,2,188000,-2.59,189000,195000,186000,341350
17/03/23,3,187000,-0.53,190000,193000,184000,282973
17/03/24,4,187500,0.27,187000,192000,185500,189997
17/03/27,0,182000,-2.93,186500,187500,181000,176930
17/03/28,1,185000,1.65,184000,186500,182500,105091
17/03/29,2,183500,-0.81,187000,188500,183000,119613
17/03/30,3,177000,-3.54,177000,180000,173000,595964
17/03/31,4,173000,-2.26,174500,175500,171000,387922
17/04/03,0,176000,1.73,171500,177500,171500,215082
17/04/04,1,177500,0.85,176000,177500,174000,110722
17/04/05,2,182000,2.54,177000,182000,176500,172926
17/04/06,3,181000,-0.55,181000,182000,179000,133564
17/04/07,4,178000,-1.66,181500,182000,177000,156795
17/04/10,0,173500,-2.53,177000,177500,173500,136840
17/04/11,1,177000,2.02,174500,177500,174000,150062
17/04/12,2,180000,1.69,176500,180000,176000,130316
17/04/13,3,179500,-0.28,181000,181000,178500,85096
17/04/14,4,179000,-0.28,178500,180000,178000,54603
17/04/17,0,181000,1.12,179000,181500,179000,84139
17/04/18,1,182000,0.55,182500,182500,179500,74003
17/04/19,2,184000,1.10,182000,186000,181000,182207
17/04/20,3,183500,-0.27,184500,185000,182000,86643
17/04/21,4,187000,1.91,185500,191000,184500,236304
17/04/24,0,183000,-2.14,190000,190500,183000,265172
17/04/25,1,184000,0.55,184000,185000,181000,142184
17/04/26,2,181000,-1.63,187000,187500,180500,253945
17/04/27,3,181500,0.28,182500,183500,181000,149292
17/04/28,4,175000,-3.58,181500,182000,173500,368714
17/05/02,1,179000,2.29,175000,179500,175000,136537
17/05/04,3,180000,0.56,180000,180500,177000,140754
17/05/08,0,183500,1.94,182000,184000,180500,192997
17/05/10,2,180000,-1.91,184000,184000,179500,225215
17/05/11,3,185000,2.78,181000,186000,180000,253559
17/05/12,4,185000,0.00,185000,185500,182500,101233
17/05/15,0,186500,0.81,185500,187000,184000,114199
17/05/16,1,187000,0.27,187000,187500,185000,114999
17/05/17,2,189000,1.07,187500,189000,186000,131398
17/05/18,3,191000,1.06,188000,191500,187000,286608
17/05/19,4,192500,0.79,192000,192500,189000,140004
17/05/22,0,193000,0.26,193000,194000,190000,162889
17/05/23,1,196000,1.55,193500,196000,192500,188618
17/05/24,2,200000,2.04,197500,200500,195500,303725
17/05/25,3,204000,2.00,200000,206500,198500,263556
17/05/26,4,213500,4.66,205000,215500,203000,432433
17/05/29,0,213000,-0.23,210500,219500,207000,462314
17/05/30,1,211500,-0.70,214000,215000,207500,325679
17/05/31,2,220000,4.02,213000,219000,211000,628168
17/06/01,3,229000,4.09,220000,229000,217500,457129
17/06/02,4,231500,1.09,232500,237000,225000,612238
17/06/05,0,232500,0.43,231500,232500,227000,354430
17/06/07,2,245000,5.38,231500,244500,229000,512783
17/06/08,3,235500,-3.88,248500,254000,230000,1440876
17/06/09,4,224500,-4.67,231500,232500,223500,758098
17/06/12,0,228500,1.78,225000,232500,225000,362302
17/06/13,1,245000,7.22,231500,245000,231000,525605
17/06/14,2,243500,-0.61,250000,250000,237000,461481
17/06/15,3,240000,-1.44,244000,246500,237000,296745
17/06/16,4,240000,0.00,238500,243000,236000,240682
17/06/19,0,240500,0.21,241500,243500,238500,176598
17/06/20,1,234000,-2.70,243000,243000,233000,313772
17/06/21,2,233000,-0.43,231000,237000,226500,364101
17/06/22,3,238000,2.15,235000,239500,232000,231638
17/06/23,4,249000,4.62,238500,249500,238500,397068
17/06/26,0,282500,13.45,253500,300000,252500,1506559
17/06/27,1,283500,0.35,275000,284500,270500,521770
17/06/28,2,281500,-0.71,279500,282000,277500,376723
17/06/29,3,297000,5.51,285000,302000,283500,770998
17/06/30,4,292000,-1.68,295500,308500,286500,855923
17/07/03,0,280500,-3.94,291000,291500,276000,511043
17/07/04,1,289000,3.03,282000,291000,278000,416925
17/07/05,2,289000,0.00,291500,292000,285000,177422
17/07/06,3,289500,0.17,290000,297500,288500,273210
17/07/07,4,290500,0.35,288500,294500,285500,175545
17/07/10,0,291000,0.17,293000,295000,289000,137978
17/07/11,1,289500,-0.52,292000,293000,286500,119973
17/07/12,2,280000,-3.28,289000,291500,280000,312073
17/07/13,3,275000,-1.79,282500,286000,272000,457163
17/07/14,4,266000,-3.27,275000,275000,260000,720080
17/07/17,0,267000,0.38,263500,273500,261000,378941
17/07/18,1,260500,-2.43,267500,270000,259000,389625
17/07/19,2,263000,0.96,257000,264500,251500,465486
17/07/20,3,264500,0.57,265500,267000,261500,170384
17/07/21,4,270000,2.08,262500,272000,262500,208794
17/07/24,0,273000,1.11,270000,273000,269500,133454
17/07/25,1,287000,5.13,275000,292000,274500,606363
17/07/26,2,285500,-0.52,292500,293000,282000,283123
17/07/27,3,278000,-2.63,287500,288000,277000,237334
17/07/28,4,270000,-2.88,274000,275000,268500,220740
17/07/31,0,272000,0.74,265500,277500,262000,167656
17/08/01,1,280000,2.94,267000,282000,266500,187075
17/08/02,2,279000,-0.36,281500,281500,276000,109780
17/08/03,3,279500,0.18,280000,282000,271500,173952
17/08/04,4,278000,-0.54,279500,282500,276000,107470
17/08/07,0,280500,0.90,278000,284500,276000,183737
17/08/08,1,277000,-1.25,282000,285500,276000,159977
17/08/09,2,271500,-1.99,274000,276000,271000,135577
17/08/10,3,269000,-0.92,270000,274000,265500,167318
17/08/11,4,264000,-1.86,262000,268000,262000,184944
17/08/14,0,271000,2.65,268500,272000,268000,127107
17/08/16,2,273500,0.92,275000,277000,272000,101161
17/08/17,3,272000,-0.55,274000,277500,271000,92617
17/08/18,4,273000,0.37,271000,275000,270500,88407
17/08/21,0,274500,0.55,275500,276500,273000,106156
17/08/22,1,286000,4.19,279000,288000,278500,362272
17/08/23,2,281000,-1.75,287500,288500,279000,198686
17/08/24,3,279500,-0.53,281000,282500,277500,118942
17/08/25,4,280000,0.18,288000,290000,278000,270676
17/08/28,0,280000,0.00,280000,283000,279000,98871
17/08/29,1,281500,0.54,277500,281500,276000,110252
17/08/30,2,282000,0.18,281500,283000,279500,89762
17/08/31,3,283000,0.35,284500,285000,282500,105048
17/09/01,4,280500,-0.88,285000,285500,280000,110519
17/09/04,0,276000,-1.60,271000,278500,271000,138525
17/09/05,1,275500,-0.18,277000,278000,274500,85742
17/09/06,2,284500,3.27,275500,286000,275000,230105
17/09/07,3,284000,-0.18,287000,289000,282500,203062
17/09/08,4,284000,0.00,286500,288000,283500,104874
17/09/11,0,286000,0.70,284000,287000,280500,133946
17/09/12,1,305000,6.64,287500,306000,286500,745221
17/09/13,2,303000,-0.66,308000,309000,301000,366284
17/09/14,3,324000,6.93,304500,325500,302000,487784
17/09/15,4,326500,0.77,321000,332000,320500,375992
17/09/18,0,328500,0.61,335500,338500,326500,437031
17/09/19,1,338000,2.89,328500,343500,321500,382530
17/09/20,2,338000,0.00,339500,345000,335500,325216
17/09/21,3,335000,-0.89,342000,343500,333000,221715
17/09/22,4,318500,-4.93,331000,332500,318000,437563
17/09/25,0,326000,2.35,317000,327500,316500,180341
17/09/26,1,325000,-0.31,326000,331500,322000,152216
17/09/27,2,334000,2.77,325500,336000,325000,151342
17/09/28,3,330500,-1.05,335500,336000,329500,117609
17/09/29,4,337500,2.12,331500,340000,331000,167608
17/10/10,1,348000,3.11,343000,350000,340500,323238
17/10/11,2,347500,-0.14,351500,355500,345000,233466
17/10/12,3,377500,8.63,349000,383500,345500,499172
17/10/13,4,388500,2.91,380000,411000,379000,752840
17/10/16,0,394000,1.42,395000,407000,379500,342657
17/10/17,1,399000,1.27,390000,403000,386500,318314
17/10/18,2,389000,-2.51,397500,407000,387000,397420
17/10/19,3,377500,-2.96,384500,385000,370500,541149
17/10/20,4,381000,0.93,378000,384500,378000,185542
17/10/23,0,378500,-0.66,380500,386500,377500,149412
17/10/24,1,381500,0.79,379000,385000,372000,195224
17/10/25,2,365000,-4.33,385000,385500,363500,326323
17/10/26,3,370500,1.51,377500,381000,365500,347627
17/10/27,4,377500,1.89,376000,379500,366000,169742
17/10/30,0,374000,-0.93,378000,382500,373500,196506
17/10/31,1,384000,2.67,374000,384000,372000,187491
17/11/01,2,406000,5.73,387000,408000,385500,387331
17/11/02,3,392500,-3.33,411000,412000,391000,397030
17/11/03,4,395500,0.76,394000,396500,386500,189577
17/11/06,0,394500,-0.25,396000,396500,390000,141828
17/11/07,1,389000,-1.39,390500,393000,388500,176109
17/11/08,2,387000,-0.51,383500,392500,380000,192252
17/11/09,3,385000,-0.52,393500,395500,384500,143261
17/11/10,4,375500,-2.47,381000,384000,370500,390431
17/11/13,0,378000,0.67,372000,379500,372000,213496
17/11/14,1,382000,1.06,380500,387500,379500,191107
17/11/15,2,394000,3.14,382000,400000,378000,535712
17/11/16,3,394500,0.13,400000,403000,386000,229731
17/11/17,4,396000,0.38,396500,398500,390500,168530
17/11/20,0,395000,-0.25,405000,414000,395000,410101
17/11/21,1,392000,-0.76,397500,399000,391500,241959
17/11/22,2,383500,-2.17,394500,395000,381500,263188
17/11/23,3,382500,-0.26,379000,384500,374500,164874
17/11/24,4,379500,-0.78,383000,385500,379000,141989
17/11/27,0,374000,-1.45,378000,380500,374000,164922
17/11/28,1,366500,-2.01,375000,379500,366000,250924
17/11/29,2,364500,-0.55,362500,371000,361500,192022
17/11/30,3,342500,-6.04,364500,366500,340000,790554
17/12/01,4,363500,6.13,345500,365500,345500,298111
17/12/04,0,358500,-1.38,364000,364500,355500,143005
17/12/05,1,355500,-0.84,360500,362000,350500,153209
17/12/06,2,344500,-3.09,357000,358000,341500,211105
17/12/07,3,329000,-4.50,343500,344000,324000,427710
17/12/08,4,337000,2.43,331000,345000,331000,271505
17/12/11,0,358500,6.38,345000,359500,342000,311770
17/12/12,1,352500,-1.67,358000,363500,350500,236418
17/12/13,2,362500,2.84,354000,364000,353500,181593
17/12/14,3,361000,-0.41,367000,374000,360500,252905
17/12/15,4,362500,0.42,365000,366500,361500,115824
17/12/18,0,353500,-2.48,365500,366000,352000,164086
17/12/19,1,353500,0.00,350000,356000,346500,140517
17/12/20,2,355500,0.57,357000,360000,349000,161373
17/12/21,3,349000,-1.83,354500,356000,349000,163747
17/12/22,4,347000,-0.57,349500,352500,346500,207144
17/12/26,1,344500,-0.72,346500,351000,341500,207923
17/12/27,2,366000,6.24,351000,366500,349000,277024
17/12/28,3,371000,1.37,369500,373500,367000,181010
18/01/02,1,389500,4.99,367000,391000,367000,409343
18/01/03,2,391000,0.39,391000,395500,385000,270751
18/01/04,3,383000,-2.05,391500,393000,381500,229586
18/01/05,4,390000,1.83,383000,391000,380000,150573
18/01/08,0,399500,2.44,393000,400000,385000,371714
18/01/09,1,408500,2.25,400000,426000,395500,631756
18/01/10,2,401000,-1.84,415000,422000,390500,411583
18/01/11,3,397000,-1.00,400000,404500,395000,156555
18/01/12,4,416000,4.79,401000,427500,397500,732180
18/01/15,0,419500,0.84,431500,443000,416000,444474
18/01/16,1,414000,-1.31,419500,422000,404500,250893
18/01/17,2,397500,-3.99,414000,414000,393000,320410
18/01/18,3,400000,0.63,394500,403000,393500,123505
18/01/19,4,387500,-3.13,402000,403500,387500,205947
18/01/22,0,387500,0.00,388000,394000,377000,163336
18/01/23,1,403500,4.13,392000,403500,390000,193047
18/01/24,2,406500,0.74,404500,411000,398500,188152
18/01/25,3,405000,-0.37,406500,409000,399500,146051
18/01/26,4,418000,3.21,407500,418500,407500,297246
18/01/29,0,439500,5.14,422000,444500,422000,794689
18/01/30,1,436000,-0.80,442500,457500,430000,521528
18/01/31,2,438500,0.57,428000,444500,428000,242838
18/02/01,3,443500,1.14,449000,449500,427000,327874
18/02/02,4,440000,-0.79,448500,449000,434000,246086
18/02/05,0,426000,-3.18,427500,434500,422500,241197
18/02/06,1,415500,-2.46,405000,424500,400000,436180
18/02/07,2,403500,-2.89,426000,427000,403000,225450
18/02/08,3,407000,0.87,403500,412000,392000,264933
18/02/09,4,400500,-1.60,394000,404500,393500,186756
18/02/12,0,422000,5.37,403000,424500,402000,247343
18/02/13,1,428500,1.54,430000,432500,423000,198119
18/02/14,2,436000,1.75,430500,436000,428000,223197
18/02/19,0,430000,-1.38,436500,443500,429000,190563
18/02/20,1,425000,-1.16,430500,435000,424000,117624
18/02/21,2,425000,0.00,425500,429000,422500,104705
18/02/22,3,443000,4.24,427500,446500,427500,374488
18/02/23,4,450000,1.58,447000,452000,443500,221837
18/02/26,0,459000,2.00,457000,460000,450500,190937
18/02/27,1,454000,-1.09,462500,464500,451500,204116
18/02/28,2,450000,-0.88,449000,461500,448000,185583
18/03/02,4,465500,3.44,446000,467500,444500,227497
18/03/05,0,465500,0.00,469000,469000,455000,182767
18/03/06,1,449000,-3.54,466000,469000,445500,357007
18/03/07,2,448000,-0.22,442000,459000,437000,221799
18/03/08,3,451000,0.67,449000,453500,446000,121089
18/03/09,4,455000,0.89,455000,464000,450000,177809
18/03/12,0,458500,0.77,458500,461500,455000,101693
18/03/13,1,453000,-1.20,455000,456000,446500,185987
18/03/14,2,445000,-1.77,449000,450500,443000,128986
18/03/15,3,445500,0.11,441500,450000,441500,112305
18/03/16,4,448000,0.56,445500,450000,443500,91930
18/03/19,0,450000,0.45,448000,453500,446500,88653
18/03/20,1,462000,2.67,448000,462500,448000,174693
18/03/21,2,460500,-0.32,461500,464000,457500,119432
18/03/22,3,477500,3.69,463000,487500,460500,421222
18/03/23,4,481500,0.84,468000,494000,465500,323411
18/03/26,0,491500,2.08,482500,493500,482500,205327
18/03/27,1,500000,1.73,499000,502000,494000,191043
18/03/28,2,465000,-7.00,492500,497000,465000,451007
18/03/29,3,486000,4.52,466500,486500,466000,226147
18/03/30,4,487000,0.21,490000,492000,476500,143651
18/04/02,0,486000,-0.21,487000,490000,482500,91013
18/04/03,1,485500,-0.10,484000,489500,480000,127515
18/04/04,2,503000,3.60,490000,505000,486000,305367
18/04/05,3,502000,-0.20,501000,505000,496500,193001
18/04/06,4,519000,3.39,509000,534000,508000,294164
18/04/09,0,562000,8.29,528000,580000,524000,543779
18/04/10,1,583000,3.74,576000,600000,563000,665027
18/04/11,2,584000,0.17,587000,591000,565000,335242
18/04/12,3,565000,-3.25,577000,586000,565000,273812
18/04/13,4,570000,0.88,556000,571000,544000,303825
18/04/16,0,567000,-0.53,564000,576000,561000,140640
18/04/17,1,551000,-2.82,565000,566000,546000,260413
18/04/18,2,539000,-2.18,554000,563000,537000,213450
18/04/19,3,507000,-5.94,534000,535000,505000,476884
18/04/20,4,506000,-0.20,506000,521000,499000,395561
18/04/23,0,473000,-6.52,502000,502000,470500,580297
18/04/24,1,474000,0.21,476500,489500,473000,335920
18/04/25,2,478500,0.95,465000,486500,450000,454583
18/04/26,3,498500,4.18,488000,500000,486000,336856
18/04/27,4,506000,1.50,506000,508000,494000,222980
18/04/30,0,488000,-3.56,501000,508000,485000,235446
18/05/02,2,404000,-17.21,410500,445500,391500,2332526
18/05/03,3,390000,-3.47,401500,419500,388000,1235043
18/05/04,4,359500,-7.82,379000,386000,350000,1522558
18/05/08,1,370500,3.06,357000,384500,353500,1234652
18/05/09,2,398000,7.42,370500,407500,369000,1236829
18/05/10,3,389500,-2.14,404000,410500,380500,590034
18/05/11,4,386500,-0.77,383000,398500,382000,271171
18/05/14,0,368500,-4.66,388500,390000,362500,430529
18/05/15,1,388500,5.43,371000,394000,367000,426156
18/05/16,2,414000,6.56,392500,415000,388000,729170
18/05/17,3,398000,-3.86,417000,419000,393500,610005
18/05/18,4,408500,2.64,429500,430000,406000,642658
18/05/21,0,410000,0.37,411000,419000,408000,198913
18/05/23,2,399500,-2.56,407500,413500,395000,213317
18/05/24,3,418000,4.63,402500,419500,402500,295791
18/05/25,4,430500,2.99,418500,436500,418500,406844
18/05/28,0,429000,-0.35,421000,434500,415500,230843
18/05/29,1,433000,0.93,428500,442500,428500,200467
18/05/30,2,425500,-1.73,431000,433000,421500,183062
18/05/31,3,435000,2.23,426000,444000,425500,339622
18/06/01,4,451500,3.79,440000,468500,437000,480497
18/06/04,0,419000,-7.20,441000,448500,403000,689971
18/06/05,1,421000,0.48,430000,436500,419500,248976
18/06/07,3,420000,-0.24,421000,428500,415000,209755
18/06/08,4,421000,0.24,424500,431000,421000,131269
18/06/11,0,420000,-0.24,417000,422000,416000,94963
18/06/12,1,429500,2.26,421000,432000,419500,144313
18/06/14,3,408000,-5.01,427000,427000,406000,245236
18/06/15,4,408000,0.00,410500,415500,406000,184289
18/06/18,0,407500,-0.12,405000,419500,404500,146959
18/06/19,1,381000,-6.50,407500,411500,381000,240421
18/06/20,2,420000,10.24,390500,429500,390000,400393
18/06/21,3,415000,-1.19,420000,426000,411000,153582
18/06/22,4,437500,5.42,419500,445500,415500,345522
18/06/25,0,420500,-3.89,438000,438500,418000,165310
18/06/26,1,416000,-1.07,410000,419000,400500,217564
18/06/27,2,418000,0.48,414500,426500,413000,116211
18/06/28,3,409000,-2.15,416000,421000,408500,83578
18/06/29,4,417000,1.96,428500,428500,412000,195473
18/07/02,0,414500,-0.60,420500,424000,411000,116110
18/07/03,1,429000,3.50,419000,431000,411500,170906
18/07/04,2,421500,-1.75,428500,431000,420000,109685
18/07/05,3,413000,-2.02,421500,427500,411000,89360
18/07/06,4,410000,-0.73,413500,415000,384000,263835
18/07/09,0,427000,4.15,416500,434500,416500,230626
18/07/10,1,417000,-2.34,423000,426000,415000,148426
18/07/11,2,415000,-0.48,414500,422000,411000,81484
18/07/12,3,429000,3.37,416000,437500,415000,275133
18/07/13,4,402000,-6.29,405000,414000,397000,796570
18/07/16,0,410000,1.99,408500,417500,406500,243635
18/07/17,1,413000,0.73,410500,418000,410500,103780
18/07/18,2,414500,0.36,418000,418000,411500,98756
18/07/19,3,423500,2.17,415500,434500,415500,319807
18/07/20,4,424500,0.24,426500,429500,420500,109366
18/07/23,0,414500,-2.36,429000,429000,413000,184685
18/07/24,1,410500,-0.97,421000,424000,407000,136888
18/07/25,2,388500,-5.36,411000,415000,388000,366589
18/07/26,3,374500,-3.60,387000,391000,363000,448144
18/07/27,4,374500,0.00,374500,383500,368500,158370
18/07/30,0,371000,-0.93,371000,378000,365500,134985
18/07/31,1,373000,0.54,371500,375000,369500,118185
18/08/01,2,383000,2.68,374500,387500,373000,157712
18/08/02,3,378000,-1.31,384000,389000,377000,102714
18/08/03,4,392000,3.70,397000,405500,385500,395651
18/08/06,0,398000,1.53,392500,398500,392500,112894
18/08/07,1,424000,6.53,412000,424500,406500,472153
18/08/08,2,454000,7.08,430000,457000,421000,623311
18/08/09,3,460000,1.32,457500,480000,453000,583753
18/08/10,4,464000,0.87,454500,468500,449500,248835
18/08/13,0,446000,-3.88,467000,470000,446000,279505
18/08/14,1,456000,2.24,445500,458000,445000,157057
18/08/16,3,440000,-3.51,446000,447500,432000,305998
18/08/17,4,458000,4.09,443500,465000,442000,233685
18/08/20,0,453500,-0.98,463000,465000,453000,112030
18/08/21,1,454000,0.11,457500,460000,448500,158053
18/08/22,2,453000,-0.22,457000,458000,450500,110958
18/08/23,3,450500,-0.55,452500,454500,444000,138913
18/08/24,4,458000,1.66,451500,459000,445000,136133
18/08/27,0,454500,-0.76,461000,467000,453500,150867
18/08/28,1,449500,-1.10,456500,458000,449000,100217
18/08/29,2,450000,0.11,451500,455500,449500,67409
18/08/30,3,446500,-0.78,452000,453000,445500,94923
18/08/31,4,463000,3.70,453000,469500,452500,320841
18/09/03,0,472000,1.94,468000,474000,465000,194472
18/09/04,1,470000,-0.42,476500,477000,464000,170366
18/09/05,2,463000,-1.49,472500,474500,461500,112395
18/09/06,3,459000,-0.86,463500,466500,456000,101433
18/09/07,4,458000,-0.22,459000,463000,454000,100510
18/09/10,0,462500,0.98,455000,464000,453500,81827
18/09/11,1,466500,0.86,463000,468000,460000,73668
18/09/12,2,467500,0.21,470000,474500,465500,133921
18/09/13,3,469000,0.32,473500,475000,463500,106593
18/09/14,4,471000,0.43,469500,474500,467500,104817
18/09/17,0,486000,3.18,474000,487000,473000,260767
18/09/18,1,507000,4.32,486000,510000,482000,347511
18/09/19,2,507000,0.00,512000,519000,502000,202243
18/09/20,3,528000,4.14,509000,550000,508000,490554
18/09/21,4,530000,0.38,538000,539000,515000,222381
18/09/27,3,546000,3.02,531000,556000,527000,218604
18/09/28,4,534000,-2.20,549000,550000,526000,220738
18/10/01,0,538000,0.75,536000,539000,517000,195675
18/10/02,1,515000,-4.28,539000,541000,514000,192678
18/10/04,3,526000,2.14,519000,528000,515000,194504
18/10/05,4,508000,-3.42,521000,530000,505000,180350
18/10/08,0,509000,0.20,506000,519000,499500,123755
18/10/10,2,488000,-4.13,512000,513000,487000,234332
18/10/11,3,467000,-4.30,465000,482500,456000,331580
18/10/12,4,474500,1.61,465500,478500,454500,256107
18/10/15,0,465000,-2.00,474500,476500,463000,124410
18/10/16,1,467500,0.54,466500,473000,463000,76196
18/10/17,2,450000,-3.74,471000,474000,431000,536134
18/10/18,3,444000,-1.33,448000,458000,441000,146548
18/10/19,4,453000,2.03,439000,454500,432000,179546
18/10/22,0,447000,-1.32,447500,449500,443500,87600
18/10/23,1,417500,-6.60,440000,440000,411000,434396
18/10/24,2,402500,-3.59,420000,423500,400000,267260
18/10/25,3,391000,-2.86,388500,398000,373500,514662
18/10/26,4,372000,-4.86,396000,397000,371000,300551
18/10/29,0,362500,-2.55,372000,386000,362000,273924
18/10/30,1,398000,9.79,362500,400000,355500,411792
18/10/31,2,387500,-2.64,402500,408500,377000,342898
18/11/01,3,390000,0.65,388000,400000,387500,222893
18/11/02,4,401500,2.95,387000,403000,380000,285468
18/11/05,0,399000,-0.62,397000,407000,394000,169241
18/11/06,1,401000,0.50,411000,411500,395000,143866
18/11/07,2,400000,-0.25,399500,405500,396000,142137
18/11/08,3,384500,-3.88,385000,394000,382500,376497
18/11/09,4,368000,-4.29,382000,382500,366500,295775
18/11/12,0,285500,-22.42,341000,343500,281000,1504675
18/11/13,1,313500,9.81,284000,328500,283000,1508590
18/11/14,2,334500,6.70,313500,364000,302000,1495609
18/11/15,3,334500,0.00,334500,334500,334500,0
18/11/16,4,334500,0.00,334500,334500,334500,0
18/11/19,0,334500,0.00,334500,334500,334500,0
18/11/20,1,334500,0.00,334500,334500,334500,0
18/11/21,2,334500,0.00,334500,334500,334500,0
18/11/22,3,334500,0.00,334500,334500,334500,0
18/11/23,4,334500,0.00,334500,334500,334500,0
18/11/26,0,334500,0.00,334500,334500,334500,0
18/11/27,1,334500,0.00,334500,334500,334500,0
18/11/28,2,334500,0.00,334500,334500,334500,0
18/11/29,3,334500,0.00,334500,334500,334500,0
18/11/30,4,334500,0.00,334500,334500,334500,0
18/12/03,0,334500,0.00,334500,334500,334500,0
18/12/04,1,334500,0.00,334500,334500,334500,0
18/12/05,2,334500,0.00,334500,334500,334500,0
18/12/06,3,334500,0.00,334500,334500,334500,0
18/12/07,4,334500,0.00,334500,334500,334500,0
18/12/10,0,334500,0.00,334500,334500,334500,0
18/12/11,1,394000,17.79,393000,420000,385000,1393121
18/12/12,2,394500,0.13,394500,401500,381000,447567
18/12/13,3,410000,3.93,399000,419000,397000,657261
18/12/14,4,391500,-4.51,394000,401000,390000,467797
18/12/17,0,372500,-4.85,388000,388500,364500,402873
18/12/18,1,366500,-1.61,365000,380000,364500,285037
18/12/19,2,368000,0.41,366500,371500,356000,236568
18/12/20,3,344000,-6.52,361500,364500,342500,368200
18/12/21,4,350000,1.74,343000,354500,335500,227707
18/12/24,0,348500,-0.43,347500,358500,346500,129904
18/12/26,2,360000,3.30,342000,360500,341000,225228
18/12/27,3,371000,3.06,373000,376500,367500,197249
18/12/28,4,386500,4.18,377000,396000,377000,256133
19/01/02,2,374000,-3.23,389500,392000,372000,148344
19/01/03,3,376500,0.67,379000,385000,374500,130752
19/01/04,4,381000,1.20,378000,385500,376500,118098
19/01/07,0,388000,1.84,386000,391000,384000,110373
19/01/08,1,386000,-0.52,384000,389000,379500,94373
19/01/09,2,387000,0.26,388500,389500,381500,87731
19/01/10,3,388000,0.26,388500,391000,386500,87842
19/01/11,4,395500,1.93,390500,395500,388000,108726
19/01/14,0,403000,1.90,397000,407500,397000,186932
19/01/15,1,404000,0.25,401000,408000,401000,126973
19/01/16,2,399000,-1.24,405000,406500,398000,111956
19/01/17,3,386000,-3.26,399000,399500,384500,164344
19/01/18,4,400000,3.63,387500,399500,382500,133354
19/01/21,0,397000,-0.75,405500,410000,396500,132261
19/01/22,1,404000,1.76,397500,407000,394000,185152
19/01/23,2,399000,-1.24,405000,405500,396000,121838
19/01/24,3,401500,0.63,398000,402000,397500,84286
19/01/25,4,403000,0.37,399500,404000,399500,88302
19/01/28,0,402000,-0.25,403000,408000,400000,121467
19/01/29,1,392000,-2.49,399500,401000,388500,197800
19/01/30,2,388000,-1.02,392500,392500,385000,181065
19/01/31,3,399000,2.84,392500,400000,392000,161333
19/02/01,4,388500,-2.63,397500,400000,386000,264509
19/02/07,3,378500,-2.57,388000,388000,377500,239502
19/02/08,4,378500,0.00,379000,382000,378000,111088
19/02/11,0,378500,0.00,382000,385500,378500,103188
19/02/12,1,377000,-0.40,379500,381000,376500,76581
19/02/13,2,379500,0.66,379500,382000,377500,81128
19/02/14,3,382000,0.66,378000,382000,375000,109071
19/02/15,4,380000,-0.52,380500,381000,378000,69393
19/02/18,0,379000,-0.26,380500,380500,378000,65096
19/02/19,1,384500,1.45,380500,386500,378500,108858
19/02/20,2,388000,0.91,387000,388000,384500,120625
19/02/21,3,381000,-1.80,388000,388000,380500,103512
19/02/22,4,376500,-1.18,378500,380500,376000,100230
19/02/25,0,370000,-1.73,376000,376000,368000,150174
19/02/26,1,369000,-0.27,370500,374000,368500,110041
19/02/27,2,372000,0.81,368000,373500,368000,59741
19/02/28,3,376000,1.08,374500,376500,372000,185208
19/03/04,0,376500,0.13,377000,379500,376500,76117
19/03/05,1,382000,1.46,377000,384500,377000,164920
19/03/06,2,378000,-1.05,382500,382500,376000,73340
19/03/07,3,375000,-0.79,379500,381000,374000,66872
19/03/08,4,373500,-0.40,375000,378500,373000,50547
19/03/11,0,367500,-1.61,370500,372000,365500,81574
19/03/12,1,370000,0.68,368000,372000,366500,75608
19/03/13,2,367000,-0.81,368500,372000,366500,74907
19/03/14,3,356000,-3.00,367500,367500,355500,202325
19/03/15,4,341000,-4.21,346000,346500,336000,342069
19/03/18,0,339500,-0.44,338000,345000,336000,144512
19/03/19,1,350000,3.09,340000,351500,340000,129097
19/03/20,2,351500,0.43,349500,353500,346000,57129
19/03/21,3,348500,-0.85,347500,351500,345500,65591
19/03/22,4,338500,-2.87,340500,341000,328000,301708
19/03/25,0,336000,-0.74,336000,341000,335500,68634
19/03/26,1,336000,0.00,337000,339500,336000,70838
19/03/27,2,324500,-3.42,336000,339000,323000,162924
19/03/28,3,320000,-1.39,320500,322000,313000,183920
19/03/29,4,319500,-0.16,320000,324500,317000,143041
19/04/01,0,327500,2.50,318500,328500,317000,98333
19/04/02,1,349000,6.56,329500,350500,329000,239085
19/04/03,2,351000,0.57,349000,355000,342000,134325
19/04/04,3,345500,-1.57,351000,352000,345000,74129
19/04/05,4,344000,-0.43,345000,350500,341500,66642
19/04/08,0,345500,0.44,344500,346500,340500,60231
19/04/09,1,356500,3.18,347000,357000,347000,125301
19/04/10,2,363500,1.96,357500,365000,356500,149044
19/04/11,3,365000,0.41,364000,365000,360000,94887
19/04/12,4,365500,0.14,364000,368000,363000,67595
19/04/15,0,367500,0.55,364500,369500,362500,84806
19/04/16,1,366500,-0.27,367500,369000,365000,112094
19/04/17,2,369000,0.68,367000,371000,366500,71806
19/04/18,3,360000,-2.44,367000,367500,359000,120823
19/04/19,4,370500,2.92,362000,373500,359000,112495
19/04/22,0,376000,1.48,372000,379500,371500,91267
19/04/23,1,370500,-1.46,376000,377500,368500,84810
19/04/24,2,362000,-2.29,371000,376000,361000,83497
19/04/25,3,338500,-6.49,350000,357000,336000,322619
19/04/26,4,345500,2.07,333000,349500,328500,204217
19/04/29,0,347500,0.58,343500,347500,338500,103369
19/04/30,1,340000,-2.16,341000,345500,339000,108677
19/05/02,3,337000,-0.88,339000,343000,336000,94062
19/05/03,4,334000,-0.89,338500,341000,333500,69006
19/05/07,1,323000,-3.29,323500,330000,321000,143565
19/05/08,2,298000,-7.74,306500,310000,297000,539282
19/05/09,3,299500,0.50,296000,307500,294000,238201
19/05/10,4,298000,-0.50,298500,304000,296500,141735
19/05/13,0,285000,-4.36,293000,294000,281000,180720
19/05/14,1,306500,7.54,289000,324500,289000,408431
19/05/15,2,310000,1.14,309500,318500,305000,157153
19/05/16,3,299500,-3.39,306500,308500,299000,99281
19/05/17,4,294000,-1.84,301500,310000,301500,68551
19/05/22,2,295000,0.34,295500,307000,295500,100552
19/05/27,0,291000,-1.36,298000,298500,285500,95676
19/05/28,1,294000,1.03,290000,296500,289000,131740
19/05/29,2,289500,-1.53,296000,297500,288500,81952
19/05/30,3,283500,-2.07,289500,291500,281000,119920
19/05/31,4,300000,5.82,284000,300000,281500,145193
19/06/03,0,300500,0.17,300000,302000,293000,55539
19/06/04,1,314500,4.66,305000,316000,304500,147236
19/06/05,2,312000,-0.79,315000,315000,308500,87801
19/06/07,4,305500,-2.08,312500,312500,303500,70091
19/06/10,0,305500,0.00,311000,311500,304500,46051
19/06/11,1,307000,0.49,306000,309500,305500,40189
19/06/12,2,308000,0.33,307000,309500,305000,44306
19/06/13,3,316500,2.76,307500,318500,307500,105589
19/06/14,4,313000,-1.11,316500,316500,312000,67881
19/06/17,0,309000,-1.28,311500,314000,308000,36986
19/06/18,1,314000,1.62,309500,316000,309500,68834
19/06/19,2,315000,0.32,316000,318000,313000,51459
19/06/20,3,317000,0.63,315500,317500,315000,46507
19/06/21,4,317000,0.00,317500,318000,314500,57447
19/06/24,0,321500,1.42,314500,322000,314500,61532
19/06/25,1,313000,-2.64,320000,323000,312000,65946
19/06/26,2,313500,0.16,312500,318000,312500,40736
19/06/27,3,315000,0.48,313500,319000,312000,56497
19/06/28,4,320000,1.59,317000,322000,315500,59243
19/07/01,0,321000,0.31,320500,323000,319000,39226
19/07/02,1,324000,0.93,320500,325000,318500,46162
19/07/03,2,318000,-1.85,324000,327500,316500,66322
19/07/04,3,313500,-1.42,318500,320000,310000,62425
19/07/05,4,314000,0.16,312500,315500,312000,34181
19/07/08,0,316500,0.80,314000,320000,309500,68603
19/07/09,1,303500,-4.11,317500,319500,301500,98425
19/07/10,2,299500,-1.32,304000,304000,296000,113111
19/07/11,3,301500,0.67,299000,303000,298000,68309
19/07/12,4,301500,0.00,301000,301500,297000,50505
19/07/15,0,296500,-1.66,301000,302000,296500,52848
19/07/16,1,295500,-0.34,295000,299000,294000,60444
19/07/17,2,287000,-2.88,292500,293000,284500,175437
19/07/18,3,286000,-0.35,286500,289500,284500,80334
19/07/19,4,287500,0.52,285500,288500,284500,137026
19/07/22,0,290000,0.87,298000,298500,288500,128790
19/07/23,1,289000,-0.34,290000,292000,288500,63639
19/07/24,2,281000,-2.77,288500,288500,281000,211444
19/07/25,3,270500,-3.74,280000,280500,270000,180744
19/07/26,4,275500,1.85,267000,277000,266000,160441
19/07/29,0,273000,-0.91,273000,278000,271000,83126
19/07/30,1,276500,1.28,272500,282000,272500,82781
19/07/31,2,280000,1.27,278500,280000,270000,106281
19/08/01,3,278000,-0.71,279500,281500,277000,53326
19/08/02,4,278500,0.18,274000,280000,270500,92854
19/08/05,0,258500,-7.18,274000,276000,258000,246067
19/08/06,1,253000,-2.13,250500,264000,241500,230102
19/08/07,2,249500,-1.38,254500,260000,249000,146006
19/08/08,3,249500,0.00,253000,253000,245500,169676
19/08/09,4,269500,8.02,251500,274500,251500,251336
19/08/12,0,289000,7.24,271500,293000,271500,240244
19/08/13,1,285500,-1.21,285000,300000,284000,283510
19/08/14,2,290000,1.58,291000,295500,287000,118802
19/08/16,4,287500,-0.86,286000,291500,285000,98986
19/08/19,0,283500,-1.39,290000,291500,282000,65206
19/08/20,1,283500,0.00,284500,286500,278000,74786
19/08/21,2,283500,0.00,283500,288000,282000,53211
19/08/22,3,281500,-0.71,285000,285500,280000,58299
19/08/23,4,283500,0.71,278000,286000,278000,100826
19/08/26,0,271500,-4.23,278500,281000,270000,92053
19/08/27,1,276000,1.66,274500,278000,271500,109416
19/08/28,2,286500,3.80,275500,288000,274500,214503
19/08/29,3,272500,-4.89,290000,304000,261500,796095
19/08/30,4,269000,-1.28,274500,281000,267000,315441
19/09/02,0,267000,-0.74,267500,267500,261000,132489
19/09/03,1,272000,1.87,267000,273000,266000,93305
19/09/04,2,278000,2.21,270000,278000,269000,118329
19/09/05,3,279500,0.54,280000,282500,278000,84191
19/09/06,4,277500,-0.72,280000,281500,276000,63760
19/09/09,0,280000,0.90,277500,282500,277500,52212
19/09/10,1,283500,1.25,290000,290000,280500,113119
19/09/11,2,293000,3.35,285500,293000,283500,150651
19/09/16,0,293500,0.17,294500,296500,288500,81350
19/09/17,1,315000,7.33,299000,316500,298500,342854
19/09/18,2,316000,0.32,317500,322500,313000,146324
19/09/19,3,329000,4.11,316000,335000,316000,273672
19/09/20,4,338500,2.89,331000,342000,331000,235556
19/09/23,0,317000,-6.35,338000,338000,314000,284614
19/09/24,1,318500,0.47,314000,330000,311000,212881
19/09/25,2,318000,-0.16,318500,324000,317000,84517
19/09/26,3,317500,-0.16,318000,324500,316500,72971
19/09/27,4,311500,-1.89,320000,320000,311000,76011
19/09/30,0,307500,-1.28,309500,313000,301000,86603
19/10/01,1,323000,5.04,308000,323000,305000,105042
19/10/02,2,318000,-1.55,317500,323500,313500,82123
19/10/04,4,320500,0.79,320500,325000,319000,78522
19/10/07,0,326000,1.72,324000,328000,322000,70555
19/10/08,1,329000,0.92,326000,330000,321500,106670
19/10/10,3,326000,-0.91,326000,329000,321500,65922
19/10/11,4,325000,-0.31,329000,329000,324000,57332
19/10/14,0,329500,1.38,327500,330000,324500,82811
19/10/15,1,326000,-1.06,329000,329500,325500,32848
19/10/16,2,339000,3.99,327500,339000,327000,170243
19/10/17,3,345000,1.77,343000,352000,342000,221230
19/10/18,4,344000,-0.29,345000,349500,342000,63654
19/10/21,0,339500,-1.31,343500,344000,338500,51210
19/10/22,1,344000,1.33,341000,349500,341000,90349
19/10/23,2,372500,8.28,377000,380500,365000,565378
19/10/24,3,378000,1.48,378000,380000,368000,220840
19/10/25,4,383500,1.46,379000,387500,376000,168739
19/10/28,0,398000,3.78,387500,398000,386500,203328
19/10/29,1,400500,0.63,397500,402000,390000,215745
19/10/30,2,397000,-0.87,401000,402000,388500,139063
19/10/31,3,398500,0.38,400000,403000,397000,110973
19/11/01,4,396000,-0.63,397500,398500,390500,82728
19/11/04,0,401000,1.26,401000,401500,397500,87311
19/11/05,1,399500,-0.37,402500,402500,399000,76609
19/11/06,2,399500,0.00,399500,402500,398500,58144
19/11/07,3,404500,1.25,401000,405000,400500,98668
19/11/08,4,390000,-3.58,404500,405000,388500,124664
19/11/11,0,399500,2.44,388500,402000,388500,99605
19/11/12,1,398000,-0.38,400000,400000,395000,47139
19/11/13,2,389500,-2.14,397000,398000,389000,77768
19/11/14,3,395500,1.54,390500,398000,390500,54733
19/11/15,4,398000,0.63,393000,398000,393000,60635
19/11/18,0,402000,1.01,398000,403000,398000,94620
19/11/19,1,399000,-0.75,403500,403500,396000,48691
19/11/20,2,399500,0.13,396500,401000,394000,70048
19/11/21,3,391000,-2.13,399500,399500,384000,100365
19/11/22,4,385000,-1.53,387500,391000,380500,82542
19/11/25,0,391000,1.56,389000,393000,386000,81180
19/11/26,1,389000,-0.51,391000,394500,389000,100289
19/11/27,2,397000,2.06,393000,397500,386500,72185
19/11/28,3,399000,0.50,396000,400000,396000,68488
19/11/29,4,393500,-1.38,401500,402500,393000,74067
19/12/02,0,390000,-0.89,394000,398000,387000,64001
19/12/03,1,394000,1.03,386000,394000,385000,51493
19/12/04,2,391500,-0.63,393500,395500,388500,60031
19/12/05,3,396000,1.15,391500,396000,385000,69626
19/12/06,4,395000,-0.25,396500,397000,390000,86663
19/12/09,0,388000,-1.77,391000,394000,385000,63355
19/12/10,1,390000,0.52,384000,391000,383000,43279
19/12/11,2,389000,-0.26,391500,393500,387000,39782
19/12/12,3,390000,0.26,388500,392000,388000,93556
19/12/13,4,396000,1.54,393000,397000,392000,89107
19/12/16,0,395000,-0.25,395000,399000,394000,68439
19/12/17,1,395000,0.00,394000,396000,392000,74299
19/12/18,2,394500,-0.13,396000,397000,393500,75412
19/12/19,3,395500,0.25,394500,396500,393500,59475
19/12/20,4,396500,0.25,396000,397500,395500,75612
19/12/23,0,422500,6.56,398000,423500,397500,385044
19/12/24,1,417000,-1.30,421500,433000,416000,171062
19/12/26,3,413500,-0.84,420000,420000,413000,139723
19/12/27,4,429500,3.87,419000,438000,415000,222613
19/12/30,0,433000,0.81,430000,442000,428500,136848
20/01/02,3,428500,-1.04,433000,439500,425500,108281
20/01/03,4,422000,-1.52,431500,436500,418500,123810
20/01/06,0,412000,-2.37,414500,416500,411000,99978
20/01/07,1,419000,1.70,415500,419500,411000,85655
20/01/08,2,408500,-2.51,412500,415000,401000,151966
20/01/09,3,420000,2.82,417000,421500,416000,86176
20/01/10,4,436500,3.93,422000,439000,418000,184177
20/01/13,0,440500,0.92,439000,443500,435000,124102
20/01/14,1,435000,-1.25,440500,442000,433000,105457
20/01/15,2,434500,-0.11,433500,436500,430000,61351
20/01/16,3,436500,0.46,435000,439000,430500,69427
20/01/17,4,437000,0.11,436500,439000,432000,67353
20/01/20,0,438000,0.23,439000,442500,437500,66165
20/01/21,1,438000,0.00,439500,444500,437000,70311
20/01/22,2,452000,3.20,437000,454000,436500,179649
20/01/23,3,483000,6.86,469500,493000,458500,438529
20/01/28,1,494000,2.28,477000,499000,476000,320066
20/01/29,2,491000,-0.61,495500,495500,485000,161493
20/01/30,3,495000,0.81,490500,500000,485000,161574
20/01/31,4,484500,-2.12,495000,499500,484500,132195
20/02/03,0,479500,-1.03,477000,484000,465000,193254
20/02/04,1,492500,2.71,483000,493000,482500,113472
20/02/05,2,490000,-0.51,495500,499500,489000,95141
20/02/06,3,519000,5.92,497500,523000,494000,298254
20/02/07,4,519000,0.00,521000,524000,510000,125762
20/02/10,0,530000,2.12,519000,534000,511000,153016
20/02/11,1,528000,-0.38,536000,542000,524000,170868
20/02/12,2,530000,0.38,528000,538000,525000,131478
20/02/13,3,530000,0.00,537000,537000,527000,111860
20/02/14,4,529000,-0.19,530000,533000,528000,77388
20/02/17,0,519000,-1.89,529000,529000,517000,145950
20/02/18,1,513000,-1.16,514000,518000,510000,121475
20/02/19,2,505000,-1.56,513000,517000,500000,175595
20/02/20,3,498500,-1.29,507000,514000,495000,261309
20/02/21,4,486500,-2.41,493000,494000,483000,214090
20/02/24,0,461000,-5.24,470000,477500,461000,278895
20/02/25,1,479000,3.90,459000,479500,458000,246549
20/02/26,2,480000,0.21,468000,484500,467000,156734
20/02/27,3,480000,0.00,479000,484000,471000,166026
20/02/28,4,463500,-3.44,473000,475000,455500,231859
20/03/02,0,467000,0.76,463000,472500,457500,149246
20/03/03,1,479500,2.68,479500,502000,476500,233926
20/03/04,2,489000,1.98,479500,491000,479000,140079
20/03/05,3,496500,1.53,498500,499000,490000,130398
20/03/06,4,491000,-1.11,491000,494000,487500,93421
20/03/09,0,494000,0.61,484000,500000,483000,202109
20/03/10,1,496000,0.40,489000,497000,486000,156243
20/03/11,2,484000,-2.42,507000,514000,476500,201904
20/03/12,3,483000,-0.21,480000,489000,467000,244877
20/03/13,4,456500,-5.49,465000,478000,420000,477093
20/03/16,0,430000,-5.81,463000,474500,429500,218369
20/03/17,1,417500,-2.91,410000,433000,409500,423614
20/03/18,2,400500,-4.07,425500,427500,400500,276886
20/03/19,3,366000,-8.61,410000,416000,352000,470624
20/03/20,4,430000,17.49,383500,451000,371500,586738
20/03/23,0,436000,1.40,406000,454500,405500,589740
20/03/24,1,476000,9.17,452500,492000,448000,509039
20/03/25,2,475000,-0.21,492500,494000,462000,431318
20/03/26,3,456500,-3.89,469500,475000,456000,324101
20/03/27,4,443000,-2.96,467000,469000,436000,399994
20/03/30,0,450000,1.58,437000,452000,433500,216938
20/03/31,1,482000,7.11,455000,493000,448000,665621
20/04/01,2,452500,-6.12,481000,486000,450500,313016
20/04/02,3,464500,2.65,451000,468000,449000,187474
20/04/03,4,467500,0.65,463500,478000,461000,220451
20/04/06,0,477000,2.03,474500,488000,473000,219399
20/04/07,1,482500,1.15,486000,486000,474000,177208
20/04/08,2,477500,-1.04,482500,484500,477500,124190
20/04/09,3,478500,0.21,481500,483000,474000,125253
20/04/10,4,559000,16.82,500000,603000,494500,3037570
20/04/13,0,539000,-3.58,570000,589000,540000,1184911
20/04/14,1,542000,0.56,542000,560000,529000,539127
20/04/16,3,540000,-0.37,536000,553000,535000,297720
20/04/17,4,566000,4.81,553000,568000,531000,776987
20/04/20,0,566000,0.00,560000,576000,555000,472857
20/04/21,1,579000,2.30,568000,583000,557000,997287
20/04/22,2,580000,0.17,573000,594000,572000,625247
20/04/23,3,601000,3.62,581000,608000,576000,1028524
20/04/24,4,591000,-1.66,598000,603000,588000,400836
20/04/27,0,588000,-0.51,593000,596000,582000,176447
20/04/28,1,588000,0.00,589000,598000,583000,189318
20/04/29,2,581000,-1.19,587000,589000,581000,157790
20/05/04,0,556000,-4.30,566000,572000,555000,302753
20/05/06,2,575000,3.42,561000,578000,559000,204420
20/05/07,3,567000,-1.39,571000,578000,566000,138941
20/05/08,4,588000,3.70,571000,599000,570000,438329
20/05/11,0,586000,-0.34,592000,596000,581000,164802
20/05/12,1,592000,1.02,586000,593000,583000,188243
20/05/13,2,616000,4.05,589000,619000,588000,510468
20/05/14,3,612000,-0.65,613000,614000,600000,190133
20/05/15,4,605000,-1.14,616000,617000,601000,147881
20/05/18,0,597000,-1.32,614000,626000,590000,218856
20/05/19,1,600000,0.50,608000,609000,592000,186947
20/05/20,2,600000,0.00,599000,603000,595000,101649
20/05/21,3,609000,1.50,601000,610000,594000,164932
20/05/22,4,618000,1.48,630000,640000,611000,397591
20/05/25,0,632000,2.27,619000,634000,616000,226644
20/05/26,1,645000,2.06,635000,645000,627000,233836
20/05/27,2,624000,-3.26,645000,645000,623000,207579
20/05/28,3,611000,-2.08,619000,627000,603000,223388
20/05/29,4,622000,1.80,616000,628000,613000,149536
20/06/01,0,629000,1.13,629000,632000,620000,118807
20/06/02,1,629000,0.00,626000,631000,621000,83476
20/06/03,2,626000,-0.48,635000,638000,617000,185023
20/06/04,3,650000,3.83,626000,660000,617000,578811
20/06/05,4,665000,2.31,645000,678000,640000,326076
20/06/08,0,664000,-0.15,667000,671000,646000,298766
20/06/09,1,676000,1.81,679000,690000,667000,296132
20/06/10,2,704000,4.14,679000,705000,676000,282781
20/06/11,3,747000,6.11,716000,770000,711000,593199
20/06/12,4,805000,7.76,719000,817000,718000,789465
20/06/15,0,808000,0.37,827000,863000,770000,846654
20/06/16,1,826000,2.23,846000,847000,808000,404083
20/06/17,2,824000,-0.24,823000,834000,807000,278676
20/06/18,3,810000,-1.70,824000,831000,807000,189462
20/06/19,4,801000,-1.11,816000,816000,778000,349718
20/06/22,0,793000,-1.00,795000,808000,785000,175790
20/06/23,1,802000,1.13,800000,816000,787000,292065
20/06/24,2,819000,2.12,834000,835000,813000,284743
20/06/25,3,815000,-0.49,811000,833000,811000,163339
20/06/26,4,810000,-0.61,821000,823000,793000,175138
20/06/29,0,784000,-3.21,808000,809000,784000,174433
20/06/30,1,775000,-1.15,784000,791000,765000,230619
20/07/01,2,752000,-2.97,775000,784000,752000,225298
20/07/02,3,786000,4.52,764000,795000,763000,266716
20/07/03,4,771000,-1.91,795000,796000,764000,225308
20/07/06,0,754000,-2.20,765000,767000,745000,250485
20/07/07,1,751000,-0.40,763000,767000,746000,253614
20/07/08,2,736000,-2.00,747000,754000,726000,287658
20/07/09,3,741000,0.68,736000,752000,729000,204703
20/07/10,4,731000,-1.35,748000,748000,725000,163506
20/07/13,0,730000,-0.14,738000,738000,716000,179922
20/07/14,1,735000,0.68,733000,749000,724000,169708
20/07/15,2,749000,1.90,749000,750000,738000,167363
20/07/16,3,732000,-2.27,750000,750000,732000,118279
20/07/17,4,743000,1.50,726000,744000,716000,148719
20/07/20,0,739000,-0.54,744000,752000,735000,190729
20/07/21,1,750000,1.49,743000,752000,742000,167336
20/07/22,2,790000,5.33,757000,790000,744000,371837
20/07/23,3,775000,-1.90,794000,797000,772000,200661
20/07/24,4,755000,-2.58,768000,773000,755000,145328
20/07/27,0,754000,-0.13,753000,765000,752000,93656
20/07/28,1,761000,0.93,764000,771000,760000,167728
20/07/29,2,741000,-2.63,763000,763000,737000,191530
20/07/30,3,736000,-0.67,735000,744000,724000,143504
20/07/31,4,733000,-0.41,736000,745000,733000,95025
20/08/03,0,736000,0.41,728000,740000,717000,163725
20/08/04,1,735000,-0.14,735000,746000,730000,108754
20/08/05,2,787000,7.07,746000,793000,740000,521095
20/08/06,3,778000,-1.14,806000,811000,773000,286882
20/08/07,4,768000,-1.29,783000,785000,762000,167220
20/08/10,0,771000,0.39,768000,781000,756000,177707
20/08/11,1,804000,4.28,793000,832000,783000,761446
20/08/12,2,843000,4.85,815000,854000,814000,760424
20/08/13,3,820000,-2.73,837000,844000,809000,366305
20/08/14,4,800000,-2.44,815000,830000,791000,216375
20/08/18,1,802000,0.25,800000,837000,795000,271955
20/08/19,2,809000,0.87,815000,828000,805000,150028
20/08/20,3,794000,-1.85,800000,823000,792000,201445
20/08/21,4,799000,0.63,808000,809000,788000,143094
20/08/24,0,820000,2.63,800000,822000,799000,131478
20/08/25,1,815000,-0.61,824000,826000,808000,104240
20/08/26,2,812000,-0.37,812000,822000,807000,101158
20/08/27,3,801000,-1.35,810000,812000,799000,132306
20/08/28,4,799000,-0.25,808000,809000,795000,100079
20/08/31,0,778000,-2.63,797000,799000,775000,233612
20/09/01,1,781000,0.39,775000,802000,775000,162447
20/09/02,2,770000,-1.41,783000,786000,758000,188679
20/09/03,3,779000,1.17,768000,788000,765000,132075
20/09/04,4,773000,-0.77,757000,774000,757000,124897
20/09/07,0,776000,0.39,773000,788000,767000,85511
20/09/08,1,774000,-0.26,777000,781000,770000,71815
20/09/09,2,759000,-1.94,764000,772000,756000,129170
20/09/10,3,764000,0.66,766000,767000,759000,84507
20/09/11,4,761000,-0.39,758000,762000,755000,72604
20/09/14,0,763000,0.26,773000,773000,760000,77199
20/09/15,1,773000,1.31,766000,782000,761000,93709
20/09/16,2,776000,0.39,778000,780000,771000,79971
20/09/17,3,757000,-2.45,773000,775000,757000,121310
20/09/18,4,758000,0.13,758000,762000,748000,64797
20/09/21,0,740000,-2.37,755000,762000,735000,96630
20/09/22,1,731000,-1.22,765000,772000,730000,174966
20/09/23,2,705000,-3.56,732000,736000,698000,199488
20/09/24,3,673000,-4.54,690000,698000,673000,186230
20/09/25,4,675000,0.30,674000,690000,665000,109274
20/09/28,0,685000,1.48,680000,690000,676000,59316
20/09/29,1,690000,0.73,690000,696000,685000,69147
20/10/05,0,685000,-0.72,697000,701000,682000,69478
20/10/06,1,712000,3.94,688000,714000,687000,101544
20/10/07,2,721000,1.26,712000,726000,710000,87946
20/10/08,3,715000,-0.83,725000,728000,712000,75344
20/10/12,0,719000,0.56,724000,724000,715000,54650
20/10/13,1,723000,0.56,719000,724000,718000,57458
20/10/14,2,707000,-2.21,720000,720000,709000,64578
20/10/15,3,704000,-0.42,713000,719000,704000,67044
20/10/16,4,687000,-2.41,690000,699000,684000,113875
20/10/19,0,686000,-0.15,692000,699000,688000,58832
20/10/20,1,682000,-0.58,682000,689000,670000,81702
20/10/21,2,688000,0.88,683000,688000,677000,46859
20/10/22,3,658000,-4.36,679000,684000,652000,186612
20/10/23,4,636000,-3.34,659000,660000,631000,196988
20/10/26,0,630000,-0.94,648000,661000,626000,189595
20/10/27,1,635000,0.79,630000,656000,624000,127882
20/10/28,2,637000,0.31,635000,643000,633000,55140
20/10/29,3,697000,9.42,630000,701000,630000,301106
20/10/30,4,682000,-2.15,695000,712000,676000,251134
20/11/02,0,698000,2.35,691000,699000,682000,84738
20/11/03,1,699000,0.14,699000,707000,690000,97868
20/11/04,2,733000,4.86,709000,740000,707000,252251
20/11/05,3,781000,6.55,767000,787000,757000,447218
20/11/06,4,777000,-0.51,781000,783000,767000,157305
20/11/09,0,761000,-2.06,765000,774000,753000,263933
20/11/10,1,752000,-1.18,777000,779000,750000,210011
20/11/11,2,761000,1.20,752000,767000,746000,117807
20/11/12,3,753000,-1.05,761000,765000,753000,72329
20/11/13,4,757000,0.53,749000,766000,741000,82968
20/11/16,0,758000,0.13,763000,765000,753000,74377
20/11/17,1,774000,2.11,761000,777000,757000,202657
20/11/18,2,812000,4.91,787000,817000,785000,403958
20/11/19,3,808000,-0.49,816000,826000,805000,183412
20/11/20,4,799000,-1.11,807000,807000,792000,120173
20/11/23,0,804000,0.63,805000,814000,802000,102645
20/11/24,1,802000,-0.25,806000,806000,792000,125177
20/11/25,2,803000,0.12,798000,833000,796000,233314
20/11/26,3,799000,-0.50,807000,808000,797000,79921
20/11/27,4,799000,0.00,799000,807000,796000,88639
20/11/30,0,786000,-1.63,805000,812000,786000,158509
20/12/01,1,793000,0.89,794000,799000,786000,76336
20/12/02,2,790000,-0.38,796000,796000,777000,146554
20/12/03,3,805000,1.90,786000,805000,782000,143791
20/12/04,4,825000,2.48,802000,828000,798000,301856
20/12/07,0,880000,6.67,833000,880000,827000,507215
20/12/08,1,828000,-5.91,872000,873000,828000,400980
20/12/09,2,822000,-0.72,831000,838000,811000,193188
20/12/10,3,819000,-0.36,809000,830000,804000,164234
20/12/11,4,820000,0.12,826000,828000,815000,86772
20/12/14,0,812000,-0.98,818000,819000,810000,83466
20/12/15,1,800000,-1.48,815000,815000,796000,115628
20/12/16,2,807000,0.88,801000,816000,794000,108007
20/12/17,3,804000,-0.37,804000,805000,798000,69288
20/12/18,4,802000,-0.25,804000,808000,800000,66994
20/12/21,0,823000,2.62,802000,828000,797000,187024
20/12/22,1,803000,-2.43,824000,826000,800000,107220
20/12/23,2,796000,-0.87,808000,810000,795000,119092
20/12/24,3,794000,-0.25,798000,802000,788000,113354
20/12/28,0,789000,-0.63,797000,805000,788000,190178
20/12/29,1,822000,4.18,808000,827000,798000,222705
20/12/30,2,826000,0.49,828000,833000,816000,150024
21/01/04,0,829000,0.36,819000,838000,804000,182864
21/01/05,1,832000,0.36,825000,834000,818000,119911
21/01/06,2,817000,-1.80,828000,837000,816000,145873
21/01/07,3,819000,0.24,824000,824000,816000,116480
21/01/08,4,837000,2.20,821000,840000,815000,263860
21/01/11,0,846000,1.08,841000,883000,824000,560123
21/01/12,1,818000,-3.31,847000,862000,806000,289113
21/01/13,2,830000,1.47,814000,832000,802000,207744
21/01/14,3,816000,-1.69,828000,828000,810000,163631
21/01/15,4,804000,-1.47,820000,824000,804000,142061
21/01/18,0,788000,-1.99,793000,811000,786000,163860
21/01/19,1,796000,1.02,786000,807000,775000,137717
21/01/20,2,795000,-0.13,800000,804000,786000,98277
21/01/21,3,796000,0.13,795000,802000,793000,85041
21/01/22,4,794000,-0.25,799000,804000,789000,117646
21/01/25,0,790000,-0.50,791000,798000,786000,117640
21/01/26,1,802000,1.52,795000,827000,793000,277731
21/01/27,2,849000,5.86,829000,852000,808000,652417
21/01/28,3,838000,-1.30,830000,846000,816000,233243
21/01/29,4,793000,-5.37,844000,844000,792000,276664
21/02/01,0,813000,2.52,801000,816000,795000,138666
21/02/02,1,826000,1.60,817000,829000,806000,136914
21/02/03,2,825000,-0.12,832000,834000,813000,114009
21/02/04,3,813000,-1.45,821000,822000,806000,97807
21/02/05,4,812000,-0.12,813000,817000,806000,67117
21/02/08,0,804000,-0.99,811000,819000,803000,67546
21/02/09,1,802000,-0.25,805000,810000,802000,59434
21/02/10,2,799000,-0.37,806000,807000,795000,82470
21/02/15,0,800000,0.13,804000,805000,799000,70396
21/02/16,1,796000,-0.50,801000,803000,794000,88743
21/02/17,2,786000,-1.26,793000,793000,778000,131486
21/02/18,3,783000,-0.38,784000,794000,783000,62888
21/02/19,4,793000,1.28,785000,793000,779000,81612
21/02/22,0,780000,-1.64,793000,794000,779000,77046
21/02/23,1,760000,-2.56,773000,774000,755000,138304
21/02/24,2,747000,-1.71,757000,770000,745000,125104
21/02/25,3,775000,3.75,754000,779000,748000,81593
21/02/26,4,750000,-3.23,763000,764000,750000,124989
21/03/02,1,753000,0.40,757000,772000,748000,83482
21/03/03,2,761000,1.06,751000,761000,748000,56621
21/03/04,3,748000,-1.71,750000,756000,747000,87883
21/03/05,4,719000,-3.88,735000,739000,713000,140641
21/03/08,0,696000,-3.20,723000,723000,695000,114589
21/03/09,1,687000,-1.29,686000,702000,679000,170456
21/03/10,2,685000,-0.29,699000,703000,685000,65475
21/03/11,3,715000,4.38,685000,721000,685000,110454
21/03/12,4,743000,3.92,725000,756000,724000,129033
21/03/15,0,735000,-1.08,740000,742000,724000,59610
21/03/16,1,733000,-0.27,750000,750000,733000,61599
21/03/17,2,719000,-1.91,734000,735000,714000,78695
21/03/18,3,722000,0.42,729000,733000,722000,63699
21/03/19,4,708000,-1.94,707000,717000,705000,71381
21/03/22,0,715000,0.99,715000,718000,706000,39471
21/03/23,1,713000,-0.28,719000,732000,712000,62167
21/03/24,2,716000,0.42,705000,717000,705000,38877
21/03/25,3,718000,0.28,713000,725000,710000,40360
21/03/26,4,725000,0.97,720000,735000,718000,52111
21/03/29,0,748000,3.17,726000,748000,721000,82903
21/03/30,1,747000,-0.13,751000,752000,741000,34703
21/03/31,2,748000,0.13,749000,760000,744000,52596
21/04/01,3,747000,-0.13,744000,753000,742000,57031
21/04/02,4,744000,-0.40,748000,752000,740000,46372
21/04/05,0,750000,0.81,741000,751000,726000,72103
21/04/06,1,754000,0.53,746000,755000,743000,55193
21/04/07,2,765000,1.46,754000,779000,745000,103587
21/04/08,3,763000,-0.26,760000,770000,757000,43788
21/04/09,4,770000,0.92,763000,772000,758000,50421
21/04/12,0,782000,1.56,771000,785000,766000,76799
21/04/13,1,784000,0.26,784000,787000,776000,62975
21/04/14,2,790000,0.77,784000,798000,784000,81368
21/04/15,3,806000,2.03,790000,815000,782000,149649
21/04/16,4,831000,3.10,815000,834000,796000,208728
21/04/19,0,830000,-0.12,837000,867000,822000,448937
21/04/20,1,837000,0.84,835000,849000,830000,108759
21/04/21,2,833000,-0.48,830000,845000,820000,124866
21/04/22,3,805000,-3.36,821000,827000,804000,142543
21/04/23,4,812000,0.87,805000,816000,795000,73481
21/04/26,0,819000,0.86,810000,821000,805000,64069
21/04/27,1,807000,-1.47,819000,823000,807000,53297
21/04/28,2,791000,-1.98,804000,811000,791000,73974
21/04/29,3,800000,1.14,795000,809000,795000,67566
21/04/30,4,804000,0.50,795000,815000,794000,65795
21/05/03,0,773000,-3.86,804000,804000,767000,107110
21/05/04,1,764000,-1.16,767000,772000,745000,97400
21/05/06,3,783000,2.49,760000,789000,752000,92941
21/05/07,4,804000,2.68,785000,828000,785000,192884
21/05/10,0,816000,1.49,806000,824000,804000,87358
21/05/11,1,817000,0.12,815000,818000,801000,90692
21/05/12,2,856000,4.77,838000,864000,827000,785496
21/05/13,3,866000,1.17,844000,905000,843000,603585
21/05/14,4,948000,9.47,901000,948000,866000,1010588
21/05/17,0,874000,-7.81,930000,932000,874000,546343
21/05/18,1,894000,2.29,888000,917000,875000,399446
21/05/20,3,891000,-0.34,896000,900000,868000,220304
21/05/21,4,861000,-3.37,887000,888000,853000,224370
21/05/24,0,858000,-0.35,880000,906000,858000,507253
21/05/25,1,850000,-0.93,858000,864000,836000,205987
21/05/26,2,835000,-1.76,850000,855000,832000,143340
21/05/27,3,817000,-2.16,824000,832000,806000,215484
21/05/28,4,827000,1.22,817000,834000,817000,118554
21/05/31,0,845000,2.18,828000,846000,827000,119113
21/06/01,1,832000,-1.54,865000,873000,829000,207823
21/06/02,2,818000,-1.68,833000,836000,816000,127408
21/06/03,3,824000,0.73,822000,828000,811000,88042
21/06/04,4,840000,1.94,819000,842000,818000,104312
21/06/07,0,842000,0.24,852000,856000,840000,92575
21/06/08,1,855000,1.54,880000,881000,852000,267532
21/06/09,2,834000,-2.46,857000,861000,834000,117646
21/06/10,3,855000,2.52,835000,862000,831000,134990
21/06/11,4,845000,-1.17,860000,860000,845000,76050
21/06/14,0,853000,0.95,846000,855000,845000,60306
21/06/15,1,842000,-1.29,850000,850000,841000,51168
21/06/16,2,833000,-1.07,839000,839000,832000,70626
21/06/17,3,833000,0.00,828000,840000,827000,54444
21/06/18,4,836000,0.36,831000,840000,830000,59330
21/06/21,0,854000,2.15,828000,856000,827000,79659
21/06/22,1,846000,-0.94,850000,851000,840000,66216
21/06/23,2,857000,1.30,849000,865000,847000,124793
21/06/24,3,855000,-0.23,858000,864000,849000,70683
21/06/25,4,849000,-0.70,855000,861000,844000,60580
21/06/28,0,843000,-0.71,850000,854000,843000,48640
21/06/29,1,846000,0.36,842000,855000,839000,50518
21/06/30,2,841000,-0.59,846000,850000,841000,51281
21/07/01,3,855000,1.66,845000,860000,838000,106751
21/07/02,4,855000,0.00,854000,860000,849000,43494
21/07/05,0,867000,1.40,857000,876000,850000,146462
21/07/06,1,850000,-1.96,864000,865000,850000,70185
21/07/07,2,845000,-0.59,850000,859000,845000,63222
21/07/08,3,863000,2.13,851000,869000,850000,149679
21/07/09,4,857000,-0.70,863000,877000,848000,110673
21/07/12,0,870000,1.52,864000,870000,857000,58273
21/07/13,1,865000,-0.57,870000,871000,858000,50327
21/07/14,2,864000,-0.12,866000,868000,859000,44645
21/07/15,3,874000,1.16,866000,878000,865000,83299
21/07/16,4,899000,2.86,877000,904000,874000,233974
21/07/19,0,916000,1.89,901000,924000,891000,183976
21/07/20,1,913000,-0.33,914000,932000,900000,126069
21/07/21,2,901000,-1.31,915000,915000,886000,124618
21/07/22,3,884000,-1.89,898000,909000,883000,107502
21/07/23,4,893000,1.02,880000,900000,875000,73603
21/07/26,0,894000,0.11,898000,920000,890000,119465
21/07/27,1,908000,1.57,902000,915000,897000,119227
21/07/28,2,906000,-0.22,897000,917000,897000,157281
21/07/29,3,911000,0.55,912000,920000,903000,82368
21/07/30,4,890000,-2.31,913000,913000,889000,94672
21/08/02,0,913000,2.58,898000,915000,895000,76937
21/08/03,1,909000,-0.44,913000,917000,903000,61569
21/08/04,2,903000,-0.66,910000,913000,892000,81836
21/08/05,3,912000,1.00,908000,938000,907000,186525
21/08/06,4,919000,0.77,927000,929000,916000,90944
21/08/09,0,909000,-1.09,916000,919000,906000,63998
21/08/10,1,947000,4.18,920000,984000,915000,523623
21/08/11,2,975000,2.96,957000,980000,943000,277414
21/08/12,3,972000,-0.31,966000,987000,955000,152001
21/08/13,4,983000,1.13,978000,990000,966000,147387
21/08/17,1,1012000,2.95,994000,1020000,990000,322585
21/08/18,2,993000,-1.88,1017000,1047000,984000,237435
21/08/19,3,975000,-1.81,984000,1004000,972000,145935
21/08/20,4,986000,1.13,981000,1004000,976000,145247
21/08/23,0,1009000,2.33,995000,1014000,991000,132244
21/08/24,1,956000,-5.25,1013000,1014000,945000,319689
21/08/25,2,963000,0.73,963000,971000,935000,198943
21/08/26,3,954000,-0.93,964000,965000,946000,100079
21/08/27,4,947000,-0.73,947000,954000,943000,75275
21/08/30,0,947000,0.00,952000,954000,931000,85372
21/08/31,1,965000,1.90,941000,965000,939000,128840
21/09/01,2,962000,-0.31,966000,969000,956000,67635
21/09/02,3,948000,-1.46,962000,962000,948000,57000
21/09/03,4,951000,0.32,949000,961000,948000,53506
21/09/06,0,954000,0.32,952000,959000,947000,38495
21/09/07,1,950000,-0.42,950000,953000,946000,38510
21/09/08,2,931000,-2.00,945000,950000,930000,68979
21/09/09,3,913000,-1.93,925000,930000,909000,103517
21/09/10,4,925000,1.31,919000,935000,919000,59758
21/09/13,0,913000,-1.30,920000,929000,908000,45749
21/09/14,1,913000,0.00,916000,919000,910000,55234
21/09/15,2,936000,2.52,919000,940000,915000,76766
21/09/16,3,916000,-2.14,936000,942000,916000,55857
21/09/17,4,933000,1.86,917000,933000,914000,71228
21/09/23,3,920000,-1.39,919000,939000,919000,50033
21/09/24,4,922000,0.22,921000,926000,915000,46886
21/09/27,0,920000,-0.22,925000,935000,917000,51127
21/09/28,1,871000,-5.33,913000,913000,869000,179106
21/09/29,2,874000,0.34,854000,878000,849000,102177
21/09/30,3,874000,0.00,867000,882000,866000,59201
21/10/01,4,875000,0.11,872000,883000,870000,53368
21/10/05,1,812000,-7.20,849000,859000,807000,170809
21/10/06,2,791000,-2.59,818000,823000,783000,139569
21/10/07,3,815000,3.03,798000,824000,798000,79810
21/10/08,4,830000,1.84,828000,830000,812000,60505
21/10/12,1,834000,0.48,840000,844000,821000,83369
21/10/13,2,829000,-0.60,834000,841000,829000,44924
21/10/14,3,859000,3.62,841000,859000,835000,60936
21/10/15,4,869000,1.16,864000,871000,855000,63084
21/10/18,0,858000,-1.27,876000,877000,858000,45258
21/10/19,1,868000,1.17,870000,871000,859000,30213
21/10/20,2,875000,0.81,870000,887000,868000,43048
21/10/21,3,868000,-0.80,875000,877000,861000,38914
21/10/22,4,880000,1.38,868000,883000,867000,43131
21/10/25,0,877000,-0.34,877000,879000,861000,39704
21/10/26,1,879000,0.23,878000,889000,870000,51109
21/10/27,2,898000,2.16,895000,908000,893000,87845
21/10/28,3,886000,-1.34,908000,908000,886000,76267
21/10/29,4,871000,-1.69,896000,899000,866000,55423
21/11/01,0,874000,0.34,877000,883000,870000,39448
21/11/02,1,874000,0.00,868000,883000,868000,36404
21/11/03,2,874000,0.00,876000,880000,862000,37933
21/11/04,3,865000,-1.03,882000,889000,864000,45906
21/11/05,4,864000,-0.12,865000,873000,850000,48988
21/11/08,0,823000,-4.75,850000,854000,808000,96993
21/11/09,1,826000,0.36,821000,836000,820000,39166
21/11/10,2,820000,-0.73,821000,836000,814000,57089
21/11/11,3,819000,-0.12,813000,820000,811000,39365
21/11/12,4,833000,1.71,820000,844000,820000,46428
21/11/15,0,864000,3.72,845000,873000,840000,76609
21/11/16,1,872000,0.93,866000,875000,851000,45731
21/11/17,2,850000,-2.52,868000,871000,845000,49961
21/11/18,3,841000,-1.06,845000,851000,834000,39378
21/11/19,4,892000,6.06,854000,892000,850000,111679
21/11/22,0,876000,-1.79,884000,896000,873000,69421
21/11/23,1,855000,-2.40,869000,877000,852000,59915
21/11/24,2,849000,-0.70,851000,865000,847000,41799
21/11/25,3,847000,-0.24,845000,855000,845000,24821
21/11/26,4,870000,2.72,844000,884000,842000,71357
21/11/29,0,884000,1.61,888000,920000,876000,113628
21/11/30,1,889000,0.57,887000,905000,884000,119393
21/12/01,2,891000,0.22,890000,915000,886000,95400
21/12/02,3,892000,0.11,886000,896000,865000,59739
21/12/03,4,900000,0.90,876000,904000,872000,58605
21/12/06,0,901000,0.11,901000,909000,885000,46974
21/12/07,1,877000,-2.66,886000,892000,849000,93704
21/12/08,2,914000,4.22,883000,920000,882000,139324
21/12/09,3,916000,0.22,914000,919000,900000,96606
21/12/10,4,901000,-1.64,907000,916000,901000,39525
21/12/13,0,872000,-3.22,907000,910000,871000,78202
21/12/14,1,890000,2.06,886000,895000,872000,74909
21/12/15,2,904000,1.57,899000,912000,895000,79450
21/12/16,3,958000,5.97,917000,959000,917000,285399
21/12/17,4,955000,-0.31,953000,967000,943000,140167
21/12/20,0,935000,-2.09,961000,962000,930000,64857
21/12/21,1,929000,-0.64,936000,945000,924000,48341
21/12/22,2,901000,-3.01,915000,925000,898000,80433
21/12/23,3,896000,-0.55,901000,905000,882000,68267
21/12/24,4,885000,-1.23,896000,903000,885000,49424
21/12/27,0,886000,0.11,885000,897000,885000,57185
21/12/28,1,891000,0.56,891000,893000,883000,90833
21/12/29,2,890000,-0.11,899000,905000,884000,71560
21/12/30,3,903000,1.46,959000,959000,896000,173007
