date,weekdate,SKH_RU,SKH_U,SKH_UC,SKH_D,SKH_RD,SKH_end,SKH_start,SKH_high,SKH_low,SKH_abount
17/01/02,0,45800,0,1,0,0,0,44750,46000,44600,1547681
17/01/03,1,47250,0.5,0.5,0,0,0,46200,47300,46200,2655477
17/01/04,2,46500,0,0,0,1,0,47000,47150,46200,2722599
17/01/05,3,46950,0,0.5,0.5,0,0,47000,47500,46850,2377163
17/01/06,4,48000,0,1,0,0,0,47700,48450,47600,3166843
17/01/09,0,49550,0.5,0.5,0,0,0,48500,49750,48200,3871999
17/01/10,1,49750,0,0,1,0,0,49850,50200,49200,2561968
17/01/11,2,51600,0.5,0.5,0,0,0,50000,51900,50000,4360058
17/01/12,3,50600,0,0,0,1,0,51600,51600,50400,5060622
17/01/13,4,50300,0,0,0.5,0.5,0,49850,50700,49850,4219771
17/01/16,0,49300,0,0,0,1,0,50100,50300,48800,4974924
17/01/17,1,49300,0,0,1,0,0,49300,50200,49250,2309955
17/01/18,2,48850,0,0,0.5,0.5,0,48950,49400,48300,2974091
17/01/19,3,49600,0,1,0,0,0,49550,50100,49100,2332268
17/01/20,4,49150,0,0,0.5,0.5,0,49700,50100,49150,1943195
17/01/23,0,50800,0.5,0.5,0,0,0,49950,51000,49900,4148659
17/01/24,1,51600,0,1,0,0,0,51300,52000,51100,3449130
17/01/25,2,51700,0,0,1,0,0,52200,52500,51600,2715809
17/01/26,3,53300,0.5,0.5,0,0,0,52500,53500,52400,4517114
17/01/31,1,53700,0,0.5,0.5,0,0,53300,54500,52700,4118790
17/02/01,2,54000,0,0.5,0.5,0,0,54300,54900,53700,2813046
17/02/02,3,52800,0,0,0,1,0,53500,54000,52700,3486140
17/02/03,4,53700,0,1,0,0,0,52500,53700,51800,3718619
17/02/06,0,53700,0,0,1,0,0,54200,54400,53300,1897002
17/02/07,1,53300,0,0,0.5,0.5,0,53800,54500,53100,2405891
17/02/08,2,54600,0,1,0,0,0,53700,54600,52400,3552260
17/02/09,3,52700,0,0,0,0.5,0.5,53100,53700,52500,6547266
17/02/10,4,50000,0,0,0,0,1,52000,52200,50000,9120878
17/02/13,0,50700,0,1,0,0,0,49550,51000,49500,4124290
17/02/14,1,48450,0,0,0,0.5,0.5,51100,51600,48100,8593878
17/02/15,2,47900,0,0,0,1,0,48300,48700,47550,8725221
17/02/16,3,49600,0.5,0.5,0,0,0,48350,49550,48200,4840918
17/02/17,4,50400,0,1,0,0,0,50400,51100,50200,4927937
17/02/20,0,49900,0,0,0.5,0.5,0,50900,51000,49600,2265276
17/02/21,1,50900,0,1,0,0,0,49950,51000,49350,2227708
17/02/22,2,50600,0,0,0.5,0.5,0,51600,51700,50600,2678429
17/02/23,3,50200,0,0,0.5,0.5,0,50000,50400,49050,3374139
17/02/24,4,47500,0,0,0,0,1,49850,50000,47400,7707747
17/02/27,0,46000,0,0,0,0.5,0.5,46850,47000,45650,7604699
17/02/28,1,46700,0,1,0,0,0,46600,47600,46200,5588155
17/03/02,3,47700,0,1,0,0,0,46850,47850,46800,7093071
17/03/03,4,47100,0,0,0,1,0,47650,48250,46700,3937032
17/03/06,0,49350,0.5,0.5,0,0,0,47600,49400,47550,5045970
17/03/07,1,48800,0,0,0,1,0,49100,49300,48050,3439908
17/03/08,2,48000,0,0,0,1,0,48800,49300,47900,3728263
17/03/09,3,48000,0,0,1,0,0,48200,48850,48100,2957372
17/03/10,4,49200,0,1,0,0,0,48100,49550,47500,3849912
17/03/13,0,51000,0.5,0.5,0,0,0,49550,51100,49300,4948062
17/03/14,1,50300,0,0,0,1,0,51800,51900,50300,4024138
17/03/15,2,48800,0,0,0,1,0,49350,49500,48550,4688787
17/03/16,3,49150,0,0.5,0.5,0,0,49350,49650,48500,3458839
17/03/17,4,46750,0,0,0,0.5,0.5,48400,48400,46600,8098258
17/03/20,0,47600,0,1,0,0,0,46950,47650,46550,3929405
17/03/21,1,47550,0,0,1,0,0,47900,48250,47000,3720816
17/03/22,2,48650,0,1,0,0,0,47000,48800,47000,4157526
17/03/23,3,48450,0,0,1,0,0,48950,49300,48150,2473925
17/03/24,4,49500,0,1,0,0,0,50000,50200,49300,5174622
17/03/27,0,50700,0,1,0,0,0,50000,51100,49950,5607032
17/03/28,1,50800,0,0,1,0,0,51200,51300,50000,2862493
17/03/29,2,51300,0,0.5,0.5,0,0,51000,52200,50800,4154277
17/03/30,3,50900,0,0,0.5,0.5,0,51100,51500,50200,2204243
17/03/31,4,50500,0,0,0.5,0.5,0,50800,50800,49900,2682196
17/04/03,0,51800,0,1,0,0,0,50800,51900,50700,2361892
17/04/04,1,51000,0,0,0,1,0,52100,52200,50800,2192884
17/04/05,2,50300,0,0,0,1,0,50600,51000,49950,2758658
17/04/06,3,49400,0,0,0,1,0,50300,50500,49100,2991825
17/04/07,4,49800,0,0.5,0.5,0,0,49450,49800,48700,2645476
17/04/10,0,49000,0,0,0,1,0,49700,49750,48950,1824895
17/04/11,1,48850,0,0,1,0,0,48550,49350,48400,2384127
17/04/12,2,49000,0,0,1,0,0,48800,49200,48550,1694663
17/04/13,3,49750,0,1,0,0,0,49100,50200,48650,2367158
17/04/14,4,49800,0,0,1,0,0,49750,50700,49450,2845128
17/04/17,0,49200,0,0,0,1,0,50200,50300,49100,2002100
17/04/18,1,50200,0,1,0,0,0,49600,50400,49300,1899560
17/04/19,2,49850,0,0,0.5,0.5,0,50300,50400,49850,1587172
17/04/20,3,51400,0.5,0.5,0,0,0,49750,51700,49700,3573280
17/04/21,4,52000,0,1,0,0,0,51800,52500,51300,3834454
17/04/24,0,52400,0,0.5,0.5,0,0,52700,53200,52100,3158545
17/04/25,1,52400,0,0,1,0,0,52800,52800,51300,5312931
17/04/26,2,53700,0,1,0,0,0,53100,54200,53000,5609007
17/04/27,3,53600,0,0,1,0,0,53800,53900,52700,2743963
17/04/28,4,54000,0,0.5,0.5,0,0,53600,54700,53400,3573387
17/05/02,1,55400,0,1,0,0,0,55300,55900,54800,4347745
17/05/04,3,55900,0,0.5,0.5,0,0,55900,55900,55000,2780438
17/05/08,0,56900,0,1,0,0,0,56000,57000,55700,3818771
17/05/10,2,55600,0,0,0,1,0,57400,58100,55200,4766870
17/05/11,3,56400,0,1,0,0,0,56000,56400,54800,3509393
17/05/12,4,55300,0,0,0,1,0,56400,56400,55100,2303244
17/05/15,0,55600,0,0.5,0.5,0,0,55300,56100,55300,1542366
17/05/16,1,55300,0,0,0.5,0.5,0,56200,56800,55200,2546047
17/05/17,2,54700,0,0,0,1,0,55400,55700,54400,2485465
17/05/18,3,55700,0,1,0,0,0,53600,55700,53400,3494997
17/05/19,4,54200,0,0,0,1,0,55100,55600,54200,2860160
17/05/22,0,56000,0.5,0.5,0,0,0,54900,56000,54800,2544180
17/05/23,1,55100,0,0,0,1,0,56400,56500,55000,2410542
17/05/24,2,55800,0,1,0,0,0,55700,56500,55600,2324952
17/05/25,3,55800,0,0,1,0,0,56400,56400,55400,1996135
17/05/26,4,57100,0,1,0,0,0,56000,57100,56000,3145737
17/05/29,0,57900,0,1,0,0,0,57700,58800,57100,3294700
17/05/30,1,57400,0,0,0.5,0.5,0,58200,58400,56600,2368225
17/05/31,2,57000,0,0,0.5,0.5,0,57400,57900,56500,3314659
17/06/01,3,56400,0,0,0,1,0,56700,56900,56100,2006611
17/06/02,4,57100,0,1,0,0,0,56900,57500,56400,2481215
17/06/05,0,56100,0,0,0,1,0,57200,57200,55900,2525078
17/06/07,2,56500,0,0.5,0.5,0,0,55900,56900,55400,3040030
17/06/08,3,56700,0,0,1,0,0,56500,57000,56200,3943311
17/06/09,4,58300,0,1,0,0,0,56700,58400,56500,4799560
17/06/12,0,57500,0,0,0,1,0,57200,57900,56800,2650404
17/06/13,1,58800,0,1,0,0,0,57700,58900,56900,3431811
17/06/14,2,59300,0,0.5,0.5,0,0,59200,60000,58800,4441904
17/06/15,3,60600,0,1,0,0,0,59300,61000,59300,4549233
17/06/16,4,60500,0,0,1,0,0,61100,61600,59900,3932203
17/06/19,0,62800,0.5,0.5,0,0,0,61300,63200,61300,5315543
17/06/20,1,64000,0,1,0,0,0,64700,65400,63700,6519471
17/06/21,2,64800,0,1,0,0,0,63300,66300,62900,5650669
17/06/22,3,65000,0,0,1,0,0,66500,66500,64500,4977159
17/06/23,4,65000,0,0,1,0,0,64500,65400,63500,3189590
17/06/26,0,67500,0.5,0.5,0,0,0,65000,67500,65000,3516630
17/06/27,1,69200,0,1,0,0,0,68200,69600,67000,4951341
17/06/28,2,67200,0,0,0,1,0,68100,69200,66800,5520578
17/06/29,3,68500,0,1,0,0,0,67900,68800,67100,3702501
17/06/30,4,67400,0,0,0,1,0,67400,67800,67000,3230282
17/07/03,0,66300,0,0,0,1,0,66500,66900,65500,3763473
17/07/04,1,65800,0,0,0.5,0.5,0,65900,67100,65300,2895782
17/07/05,2,68000,0.5,0.5,0,0,0,65600,68200,65300,4557456
17/07/06,3,68100,0,0,1,0,0,69000,69400,67500,4048922
17/07/07,4,66600,0,0,0,1,0,67600,68400,66100,3242213
17/07/10,0,67300,0,1,0,0,0,67000,67500,65700,2667048
17/07/11,1,69000,0,1,0,0,0,67400,69000,66900,3187332
17/07/12,2,68900,0,0,1,0,0,68700,69500,68400,3462150
17/07/13,3,70600,0,1,0,0,0,69500,71900,69200,5432312
17/07/14,4,71100,0,0.5,0.5,0,0,71400,72200,70700,2931832
17/07/17,0,71200,0,0,1,0,0,71800,71900,70200,2804598
17/07/18,1,70800,0,0,0.5,0.5,0,70700,71800,70600,2066194
17/07/19,2,71000,0,0,1,0,0,71200,71200,70000,2009799
17/07/20,3,71300,0,0,1,0,0,71400,71700,70800,1647153
17/07/21,4,71200,0,0,1,0,0,70800,71300,70300,1599111
17/07/24,0,73000,0,1,0,0,0,71300,73000,71000,3598173
17/07/25,1,70400,0,0,0,0.5,0.5,72900,73000,70100,6028435
17/07/26,2,66800,0,0,0,0,1,69600,69900,66700,9659618
17/07/27,3,68400,0,1,0,0,0,66800,69500,66800,6177375
17/07/28,4,64600,0,0,0,0,1,67800,67900,64200,8093780
17/07/31,0,66000,0,1,0,0,0,63700,66000,63700,4769724
17/08/01,1,65500,0,0,0.5,0.5,0,65300,66500,64700,3744523
17/08/02,2,68000,0.5,0.5,0,0,0,67900,68200,66600,4161592
17/08/03,3,65500,0,0,0,0.5,0.5,67900,67900,65200,4992104
17/08/04,4,64000,0,0,0,1,0,65100,66100,63200,5938549
17/08/07,0,64100,0,0,1,0,0,64000,65000,63700,3518575
17/08/08,1,66300,0.5,0.5,0,0,0,64900,66400,64800,4372768
17/08/09,2,64200,0,0,0,0.5,0.5,65400,65400,64000,4037319
17/08/10,3,64400,0,0,1,0,0,63700,64600,63200,4474120
17/08/11,4,61400,0,0,0,0.5,0.5,62000,63000,61400,6664578
17/08/14,0,65100,1,0,0,0,0,63000,65100,62300,5239246
17/08/16,2,66100,0,1,0,0,0,67200,67300,65800,4714899
17/08/17,3,66400,0,0,1,0,0,66800,67300,66100,3709768
17/08/18,4,67000,0,0.5,0.5,0,0,64900,67300,64800,3130891
17/08/21,0,67200,0,0,1,0,0,67300,67800,66600,2570150
17/08/22,1,68200,0,1,0,0,0,67400,68200,67200,2208365
17/08/23,2,68000,0,0,1,0,0,69000,69000,67600,3072911
17/08/24,3,68100,0,0,1,0,0,68200,68700,67500,2333347
17/08/25,4,68400,0,0,1,0,0,68300,68400,67600,1862764
17/08/28,0,67900,0,0,0.5,0.5,0,68000,68100,67100,1843458
17/08/29,1,67600,0,0,1,0,0,67300,67900,66400,2967906
17/08/30,2,68500,0,1,0,0,0,68300,68900,68100,2118742
17/08/31,3,68600,0,0,1,0,0,68900,69300,68200,2054717
17/09/01,4,68700,0,0,1,0,0,69000,69200,67700,2304425
17/09/04,0,68100,0,0,0.5,0.5,0,66600,68600,66600,3234465
17/09/05,1,69900,0,1,0,0,0,68600,70100,67900,4026248
17/09/06,2,71700,0,1,0,0,0,69900,71900,69700,4476200
17/09/07,3,71400,0,0,1,0,0,71600,72800,71200,3877849
17/09/08,4,72600,0,1,0,0,0,72000,72800,71500,2868673
17/09/11,0,73800,0,1,0,0,0,73600,74200,73200,3321612
17/09/12,1,74700,0,1,0,0,0,74800,74900,73500,3676865
17/09/13,2,75700,0,1,0,0,0,75000,77400,74300,5682708
17/09/14,3,76800,0,1,0,0,0,76300,76700,75700,3366621
17/09/15,4,77200,0,0.5,0.5,0,0,76100,77500,76000,2725277
17/09/18,0,79700,0.5,0.5,0,0,0,78200,80000,77700,3638325
17/09/19,1,79200,0,0,0.5,0.5,0,80100,80500,78500,3934389
17/09/20,2,80700,0,1,0,0,0,79300,81200,78400,5268665
17/09/21,3,83100,0,1,0,0,0,81100,83400,80400,6961713
17/09/22,4,83100,0,0,1,0,0,82900,84300,82000,5970218
17/09/25,0,86300,0.5,0.5,0,0,0,83600,86300,83600,4656285
17/09/26,1,82100,0,0,0,0.5,0.5,84100,85100,81000,11035272
17/09/27,2,82400,0,0,1,0,0,83100,83800,81400,5029200
17/09/28,3,83200,0,0.5,0.5,0,0,84500,85500,82500,4817018
17/09/29,4,82900,0,0,1,0,0,83300,84300,82200,3579139
17/10/10,1,88700,1,0,0,0,0,86300,90000,85300,7956055
17/10/11,2,89100,0,0,1,0,0,89900,90300,88100,5500820
17/10/12,3,88500,0,0,0.5,0.5,0,89200,89900,88100,4313702
17/10/13,4,86100,0,0,0,1,0,88500,88500,85600,6101810
17/10/16,0,84200,0,0,0,1,0,86100,87100,82800,6985619
17/10/17,1,83500,0,0,0.5,0.5,0,85700,86600,83500,6802500
17/10/18,2,80900,0,0,0,0.5,0.5,83200,83300,80000,9070685
17/10/19,3,79000,0,0,0,1,0,79900,81800,79000,7675978
17/10/20,4,81200,0,1,0,0,0,79800,82400,79600,6911051
17/10/23,0,84700,0.5,0.5,0,0,0,82600,84700,82100,5388391
17/10/24,1,81800,0,0,0,0.5,0.5,84000,84200,81600,5236092
17/10/25,2,81700,0,0,1,0,0,82100,82600,80300,3914170
17/10/26,3,78700,0,0,0,0.5,0.5,80000,82000,78500,7528077
17/10/27,4,78400,0,0,1,0,0,78100,78700,76500,8929263
17/10/30,0,79800,0,1,0,0,0,79600,81300,79100,5883529
17/10/31,1,82200,0.5,0.5,0,0,0,80000,82700,79200,6620890
17/11/01,2,85300,0.5,0.5,0,0,0,86000,86000,84000,7067296
17/11/02,3,83400,0,0,0,1,0,85000,85100,83200,4464960
17/11/03,4,84400,0,1,0,0,0,83400,84500,81900,4050123
17/11/06,0,83500,0,0,0,1,0,83600,84100,83000,3131468
17/11/07,1,82400,0,0,0,1,0,82800,83300,82200,2993945
17/11/08,2,83200,0,0.5,0.5,0,0,82100,84400,81800,3396387
17/11/09,3,82400,0,0,0.5,0.5,0,83200,83500,81600,3748489
17/11/10,4,82000,0,0,1,0,0,81300,82800,81000,2357772
17/11/13,0,82300,0,0,1,0,0,82000,83100,81800,2955651
17/11/14,1,83400,0,1,0,0,0,83000,84500,82900,3399976
17/11/15,2,82000,0,0,0,1,0,83800,84200,81900,3207872
17/11/16,3,82500,0,0.5,0.5,0,0,82300,82800,81200,3053355
17/11/17,4,83000,0,0.5,0.5,0,0,83300,84800,83000,4339090
17/11/20,0,82100,0,0,0,1,0,83300,83300,81800,2988991
17/11/21,1,85000,0.5,0.5,0,0,0,83200,85000,82800,5540888
17/11/22,2,86800,0,1,0,0,0,86500,87700,86100,4592670
17/11/23,3,84700,0,0,0,1,0,86200,86300,84500,2840382
17/11/24,4,85100,0,0,1,0,0,84500,85400,83900,2073899
17/11/27,0,83100,0,0,0,1,0,86000,86700,82000,7105679
17/11/28,1,82600,0,0,0.5,0.5,0,82900,83600,81200,4083144
17/11/29,2,82400,0,0,1,0,0,82900,83000,82100,2418748
17/11/30,3,76800,0,0,0,0,1,77000,79600,76800,11213748
17/12/01,4,77400,0,0.5,0.5,0,0,77200,78800,77100,4340592
17/12/04,0,79100,0,1,0,0,0,77600,79200,76800,4115752
17/12/05,1,77900,0,0,0,1,0,77600,79300,77100,3736568
17/12/06,2,77500,0,0,0.5,0.5,0,78700,79500,77200,3934238
17/12/07,3,76000,0,0,0,1,0,78300,78300,75600,5166136
17/12/08,4,78700,0.5,0.5,0,0,0,77500,78900,76900,3660716
17/12/11,0,78700,0,0,1,0,0,79000,79500,78000,2493176
17/12/12,1,77800,0,0,0,1,0,79000,79000,77100,3746347
17/12/13,2,76800,0,0,0,1,0,77400,77500,76200,3485920
17/12/14,3,76000,0,0,0,1,0,77200,77600,76000,5552560
17/12/15,4,75700,0,0,1,0,0,77100,77400,75600,3374982
17/12/18,0,77200,0,1,0,0,0,76200,77300,75900,3237589
17/12/19,1,80200,0.5,0.5,0,0,0,78400,80800,78200,6782210
17/12/20,2,80100,0,0,1,0,0,80900,81600,79900,4375810
17/12/21,3,77000,0,0,0,0.5,0.5,80200,80600,76900,4831110
17/12/22,4,76700,0,0,1,0,0,76400,77400,76300,3382954
17/12/26,1,74000,0,0,0,0.5,0.5,76600,76900,74000,6253943
17/12/27,2,75100,0,1,0,0,0,75400,76400,74400,4291492
17/12/28,3,76500,0,1,0,0,0,75400,76700,75200,2825939
18/01/02,1,76600,0,0,1,0,0,77300,77300,76200,2014838
18/01/03,2,77700,0,1,0,0,0,78100,78800,77300,3097644
18/01/04,3,77100,0,0,0.5,0.5,0,78700,79700,77100,3729328
18/01/05,4,79300,0,1,0,0,0,78400,79400,78300,3395065
18/01/08,0,78200,0,0,0,1,0,79500,80000,77400,2960495
18/01/09,1,76900,0,0,0,1,0,78300,78900,76300,3343874
18/01/10,2,72900,0,0,0,0,1,76700,76700,72500,9123901
18/01/11,3,72600,0,0,1,0,0,73200,73800,72000,3777867
18/01/12,4,74400,0,1,0,0,0,73300,74500,72000,5659087
18/01/15,0,72700,0,0,0,1,0,73700,74100,72500,3541267
18/01/16,1,74400,0,1,0,0,0,72700,74700,72700,4383229
18/01/17,2,74100,0,0,1,0,0,74400,75000,73700,3256624
18/01/18,3,75200,0,1,0,0,0,75800,76800,74600,6199800
18/01/19,4,73300,0,0,0,1,0,75300,75800,73000,3898397
18/01/22,0,71100,0,0,0,0.5,0.5,72800,72800,70700,5610463
18/01/23,1,71300,0,0,1,0,0,71800,72200,70900,4671451
18/01/24,2,72400,0,1,0,0,0,71600,73200,71500,3802939
18/01/25,3,75800,0.5,0.5,0,0,0,73400,76200,72300,8758929
18/01/26,4,75500,0,0,1,0,0,76400,76400,74200,4296170
18/01/29,0,75300,0,0,1,0,0,76500,77000,75000,3618328
18/01/30,1,73100,0,0,0,1,0,74300,74600,73100,5443314
18/01/31,2,73500,0,0.5,0.5,0,0,72200,74500,72200,5800892
18/02/01,3,74400,0,1,0,0,0,74900,75200,74000,2987816
18/02/02,4,72200,0,0,0,1,0,74500,74600,71800,4343077
18/02/05,0,70200,0,0,0,1,0,70200,70900,69800,4058439
18/02/06,1,70200,0,0,1,0,0,69100,71300,68200,5679965
18/02/07,2,71100,0,1,0,0,0,73700,73800,70800,6007913
18/02/08,3,73900,0.5,0.5,0,0,0,71900,74200,71600,5586858
18/02/09,4,73400,0,0,0.5,0.5,0,72100,74200,72000,5118112
18/02/12,0,74500,0,1,0,0,0,73700,74700,73400,3317876
18/02/13,1,77700,0.5,0.5,0,0,0,75900,77800,75800,7814367
18/02/14,2,77600,0,0,1,0,0,78400,79500,77000,3943628
18/02/19,0,76500,0,0,0,1,0,78900,79000,76100,3350577
18/02/20,1,75500,0,0,0,1,0,76400,76500,75200,2507719
18/02/21,2,76900,0,1,0,0,0,75800,77200,75800,2653870
18/02/22,3,75900,0,0,0,1,0,76100,77400,75700,1879461
18/02/23,4,77300,0,1,0,0,0,76100,77600,76000,2404473
18/02/26,0,77500,0,0,1,0,0,78300,78500,77200,2327486
18/02/27,1,78700,0,1,0,0,0,78700,79200,78400,3395415
18/02/28,2,76800,0,0,0,1,0,78600,79200,76600,3102987
18/03/02,4,77400,0,0.5,0.5,0,0,76300,77800,75900,2673152
18/03/05,0,78300,0,1,0,0,0,77500,78900,77100,3415061
18/03/06,1,82400,1,0,0,0,0,80100,82500,80000,7588369
18/03/07,2,82700,0,0,1,0,0,83600,83900,82400,4992841
18/03/08,3,83500,0,0.5,0.5,0,0,83900,84300,81800,4440076
18/03/09,4,83300,0,0,1,0,0,84400,85900,83100,5159197
18/03/12,0,84900,0,1,0,0,0,84900,85600,84300,2744795
18/03/13,1,90000,1,0,0,0,0,88000,90000,87600,8775741
18/03/14,2,90700,0,0.5,0.5,0,0,89300,90900,89200,5939290
18/03/15,3,89600,0,0,0,1,0,90300,90500,88600,4106667
18/03/16,4,89800,0,0,1,0,0,88500,89900,87200,5006430
18/03/19,0,89900,0,0,1,0,0,90200,91500,89500,3743718
18/03/20,1,89600,0,0,1,0,0,88900,89700,88000,3083666
18/03/21,2,88400,0,0,0,1,0,89600,90300,88000,2942484
18/03/22,3,88600,0,0,1,0,0,88800,89300,88000,2698169
18/03/23,4,83100,0,0,0,0,1,85100,86400,82800,7310739
18/03/26,0,84000,0,1,0,0,0,82300,83900,81000,6121334
18/03/27,1,81400,0,0,0,0.5,0.5,84700,84800,80100,7184488
18/03/28,2,80300,0,0,0,1,0,79900,82200,79600,4820673
18/03/29,3,80300,0,0,1,0,0,80800,81300,79600,3618849
18/03/30,4,81300,0,1,0,0,0,81200,83300,81100,3681673
18/04/02,0,81300,0,0,1,0,0,81700,82800,81100,2342407
18/04/03,1,81800,0,0.5,0.5,0,0,80300,81600,78700,3553815
18/04/04,2,80400,0,0,0,1,0,82500,83000,80000,2964537
18/04/05,3,82900,0.5,0.5,0,0,0,82200,83200,81200,3255356
18/04/06,4,80300,0,0,0,0.5,0.5,80000,80600,79300,5693281
18/04/09,0,80600,0,0,1,0,0,80000,81200,79300,3231256
18/04/10,1,80400,0,0,1,0,0,80000,80800,79200,2924054
18/04/11,2,81200,0,0.5,0.5,0,0,82400,82400,81000,3053453
18/04/12,3,84000,0.5,0.5,0,0,0,81900,85100,81500,5725102
18/04/13,4,84200,0,0,1,0,0,85000,85900,83900,3032369
18/04/16,0,84000,0,0,1,0,0,84200,84700,83400,1489091
18/04/17,1,82800,0,0,0,1,0,83900,84000,82300,2501282
18/04/18,2,84600,0,1,0,0,0,84100,85400,83700,3375376
18/04/19,3,87900,0.5,0.5,0,0,0,85800,88200,85300,5901782
18/04/20,4,84400,0,0,0,0.5,0.5,85900,86300,84000,4590640
18/04/23,0,84400,0,0,1,0,0,83400,85300,83300,3002461
18/04/24,1,82100,0,0,0,1,0,83300,83400,80400,6804182
18/04/25,2,82400,0,0,1,0,0,81600,83000,80900,3845661
18/04/26,3,86500,0.5,0.5,0,0,0,83800,87100,83300,7551747
18/04/27,4,87100,0,0.5,0.5,0,0,88500,88800,86800,4961867
18/04/30,0,84500,0,0,0,1,0,85400,85700,84000,4653153
18/05/02,2,83100,0,0,0,1,0,85900,86000,82900,5444240
18/05/03,3,82900,0,0,1,0,0,83200,83900,82800,2362792
18/05/04,4,83000,0,0,1,0,0,83500,84100,82600,2696141
18/05/08,1,83500,0,0.5,0.5,0,0,84500,85300,83200,2979605
18/05/09,2,83400,0,0,1,0,0,84300,84700,83100,2284106
18/05/10,3,85800,0,1,0,0,0,85400,85800,84500,3274963
18/05/11,4,86100,0,0,1,0,0,86600,86800,85400,2107047
18/05/14,0,85400,0,0,0.5,0.5,0,86100,86300,84500,1959236
18/05/15,1,84600,0,0,0.5,0.5,0,86000,86000,83900,2239370
18/05/16,2,87000,0,1,0,0,0,85000,87000,84800,3040180
18/05/17,3,86700,0,0,1,0,0,88400,88700,86000,2864278
18/05/18,4,87900,0,1,0,0,0,87200,88000,85400,2187789
18/05/21,0,89100,0,1,0,0,0,88400,89400,87400,3262983
18/05/23,2,95300,1,0,0,0,0,91900,95500,91500,10378915
18/05/24,3,94600,0,0,0.5,0.5,0,95300,95900,94600,3220029
18/05/25,4,95200,0,0.5,0.5,0,0,94300,97700,93900,4145819
18/05/28,0,94500,0,0,0.5,0.5,0,94600,95600,93700,2505786
18/05/29,1,94800,0,0,1,0,0,94600,96100,93500,2733549
18/05/30,2,95000,0,0,1,0,0,94800,95700,92800,3808299
18/05/31,3,93400,0,0,0,1,0,94500,94700,92800,5996671
18/06/01,4,91400,0,0,0,1,0,90800,92200,89600,4790644
18/06/04,0,89800,0,0,0,1,0,91000,92400,89700,3141036
18/06/05,1,91000,0,1,0,0,0,89800,91300,89800,2758383
18/06/07,3,90900,0,0,1,0,0,92700,92700,90600,2754947
18/06/08,4,88400,0,0,0,1,0,91000,91000,87600,4579508
18/06/11,0,89200,0,0.5,0.5,0,0,88800,90200,88100,2535933
18/06/12,1,88400,0,0,0.5,0.5,0,89900,90100,88200,1876012
18/06/14,3,86300,0,0,0,1,0,88300,88300,86300,4646948
18/06/15,4,87000,0,0.5,0.5,0,0,87400,87800,86100,2945006
18/06/18,0,84000,0,0,0,0.5,0.5,86800,86900,82300,4723914
18/06/19,1,84100,0,0,1,0,0,84100,86100,83700,3824878
18/06/20,2,87800,0.5,0.5,0,0,0,85800,88100,85000,4183210
18/06/21,3,88500,0,0.5,0.5,0,0,88900,89300,87500,3274612
18/06/22,4,89500,0,1,0,0,0,87300,89500,86700,2569978
18/06/25,0,84800,0,0,0,0,1,88800,88800,84600,4420542
18/06/26,1,84300,0,0,0.5,0.5,0,82500,84800,82400,5518522
18/06/27,2,85200,0,1,0,0,0,85700,86400,85200,3798356
18/06/28,3,83500,0,0,0,1,0,83000,84000,82500,3838303
18/06/29,4,85700,0,1,0,0,0,83500,85700,83400,3003603
18/07/02,0,83700,0,0,0,1,0,85000,86000,83400,2033542
18/07/03,1,86100,0,1,0,0,0,85000,86500,84500,2817592
18/07/04,2,85000,0,0,0,1,0,87800,87800,84400,2744382
18/07/05,3,86200,0,1,0,0,0,85000,87300,85000,2059342
18/07/06,4,85300,0,0,0,1,0,86200,86200,83600,3482186
18/07/09,0,87600,0,1,0,0,0,85300,87600,85300,2127205
18/07/10,1,87300,0,0,1,0,0,88400,88600,86700,2002682
18/07/11,2,86800,0,0,0.5,0.5,0,86500,87600,85900,2037358
18/07/12,3,85600,0,0,0,1,0,86800,87000,85400,3032951
18/07/13,4,88800,0.5,0.5,0,0,0,86500,90100,86500,4535954
18/07/16,0,89300,0,0.5,0.5,0,0,88700,89300,87800,1896459
18/07/17,1,88600,0,0,0.5,0.5,0,90100,90200,88500,1570129
18/07/18,2,89300,0,0.5,0.5,0,0,89700,91000,89100,1937496
18/07/19,3,90300,0,1,0,0,0,90400,91200,90300,2383489
18/07/20,4,87900,0,0,0,1,0,89700,90000,87200,3726334
18/07/23,0,81700,0,0,0,0,1,86300,86400,81200,7076375
18/07/24,1,83600,0,1,0,0,0,82500,83800,81700,4023740
18/07/25,2,80500,0,0,0,0.5,0.5,83400,84000,80200,4154596
18/07/26,3,83100,0.5,0.5,0,0,0,81300,83800,78600,6218102
18/07/27,4,86100,0.5,0.5,0,0,0,83700,86400,83100,4943923
18/07/30,0,85900,0,0,1,0,0,86200,86400,85100,2301941
18/07/31,1,86300,0,0,1,0,0,85200,86300,84500,2804543
18/08/01,2,85600,0,0,0.5,0.5,0,85900,86400,85100,2265008
18/08/02,3,83200,0,0,0,1,0,85000,85600,82900,3373964
18/08/03,4,83300,0,0,1,0,0,84000,84100,83100,1928574
18/08/06,0,79400,0,0,0,0.5,0.5,82200,82300,79300,5910100
18/08/07,1,80700,0,1,0,0,0,80100,80800,79700,3288142
18/08/08,2,79800,0,0,0,1,0,81500,81600,79400,2804784
18/08/09,3,78000,0,0,0,1,0,80100,80300,77500,5587662
18/08/10,4,75100,0,0,0,0.5,0.5,77200,77600,74600,6785694
18/08/13,0,75400,0,0,1,0,0,74300,75700,74100,3734794
18/08/14,1,75900,0,0.5,0.5,0,0,75900,76600,75500,3206407
18/08/16,3,74700,0,0,0,1,0,73500,75400,72500,5550888
18/08/17,4,74500,0,0,1,0,0,74400,75500,74100,2647963
18/08/20,0,74700,0,0,1,0,0,74700,75400,74400,2048829
18/08/21,1,78400,0.5,0.5,0,0,0,74800,78700,74400,5663191
18/08/22,2,79800,0,1,0,0,0,79300,80900,78200,5295710
18/08/23,3,81100,0,1,0,0,0,80300,81300,79300,3272130
18/08/24,4,81800,0,0.5,0.5,0,0,80400,82200,79600,3612709
18/08/27,0,83500,0,1,0,0,0,82100,83800,81600,3070598
18/08/28,1,82400,0,0,0,1,0,84100,84300,81900,4466308
18/08/29,2,82800,0,0,1,0,0,82500,83300,81600,2330703
18/08/30,3,82700,0,0,1,0,0,82200,83500,81500,2337573
18/08/31,4,83000,0,0,1,0,0,81800,83000,81800,2303812
18/09/03,0,80600,0,0,0,1,0,82200,82800,80500,2618619
18/09/04,1,81200,0,0.5,0.5,0,0,80600,81600,80200,1903734
18/09/05,2,80000,0,0,0,1,0,80600,81000,79900,2627619
18/09/06,3,78800,0,0,0,1,0,78300,78900,77400,4516654
18/09/07,4,75900,0,0,0,0.5,0.5,74500,76200,74100,8388278
18/09/10,0,76500,0,0.5,0.5,0,0,75900,77100,75500,4167711
18/09/11,1,76600,0,0,1,0,0,76400,77800,76300,3197796
18/09/12,2,75100,0,0,0,1,0,76200,76200,74700,4330147
18/09/13,3,74500,0,0,0.5,0.5,0,74300,75200,73900,5257563
18/09/14,4,77700,0.5,0.5,0,0,0,76100,77800,76000,4124842
18/09/17,0,77200,0,0,0.5,0.5,0,78000,78200,76700,2252063
18/09/18,1,78000,0,1,0,0,0,76600,78300,76100,2450163
18/09/19,2,78800,0,1,0,0,0,79400,79700,78400,2912259
18/09/20,3,79100,0,0,1,0,0,78600,79900,78000,3392490
18/09/21,4,76700,0,0,0,0.5,0.5,77100,77500,76300,5678068
18/09/27,3,75000,0,0,0,1,0,75900,75900,74700,5841083
18/09/28,4,73100,0,0,0,1,0,75300,75900,73100,5824873
18/10/01,0,73700,0,0.5,0.5,0,0,74300,74600,73200,2970456
18/10/02,1,71700,0,0,0,1,0,73600,74000,71600,4089558
18/10/04,3,70000,0,0,0,1,0,71700,72200,69800,5778810
18/10/05,4,70300,0,0,1,0,0,69700,71100,69400,5508014
18/10/08,0,71200,0,1,0,0,0,69500,71800,69400,2856291
18/10/10,2,70300,0,0,0,1,0,70300,71100,69800,4161114
18/10/11,3,69000,0,0,0,1,0,67600,70200,67500,4936490
18/10/12,4,72400,0.5,0.5,0,0,0,69200,73200,69200,4882184
18/10/15,0,70300,0,0,0,1,0,71600,71700,69900,3727297
18/10/16,1,69700,0,0,0.5,0.5,0,70300,71000,69600,2211661
18/10/17,2,70400,0,0.5,0.5,0,0,71400,71700,70300,2653053
18/10/18,3,68700,0,0,0,1,0,69600,69900,68700,2849229
18/10/19,4,70800,0.5,0.5,0,0,0,68100,70900,67800,2688930
18/10/22,0,70000,0,0,0,1,0,69600,70900,69600,2377240
18/10/23,1,69100,0,0,0,1,0,69600,70000,68600,3175869
18/10/24,2,66700,0,0,0,0.5,0.5,69400,69600,65800,5703361
18/10/25,3,64700,0,0,0,0.5,0.5,64700,66000,63200,5859332
18/10/26,4,67000,0.5,0.5,0,0,0,65100,67100,62900,6211406
18/10/29,0,66800,0,0,1,0,0,66600,67800,64800,4252977
18/10/30,1,68200,0,1,0,0,0,66000,70900,65900,6101533
18/10/31,2,68200,0,0,1,0,0,69300,70400,67600,5038931
18/11/01,3,68300,0,0,1,0,0,68900,69600,67800,3218076
18/11/02,4,72600,1,0,0,0,0,70600,72800,69100,5334082
18/11/05,0,70500,0,0,0,1,0,72000,72100,70100,3389386
18/11/06,1,70100,0,0,0.5,0.5,0,70500,70600,69100,2624868
18/11/07,2,70800,0,0.5,0.5,0,0,70400,72300,70100,3770119
18/11/08,3,72900,0,1,0,0,0,72900,73300,72600,3930969
18/11/09,4,72900,0,0,1,0,0,72400,73600,71900,3414946
18/11/12,0,74500,0,1,0,0,0,72200,74500,71800,3328433
18/11/13,1,71900,0,0,0,0.5,0.5,72300,72500,69900,4730929
18/11/14,2,70400,0,0,0,1,0,71400,72100,70200,2783377
18/11/15,3,71800,0,1,0,0,0,70800,71800,70400,1564647
18/11/16,4,70100,0,0,0,1,0,72600,72900,70000,2894513
18/11/19,0,69800,0,0,1,0,0,69600,70500,68900,2303677
18/11/20,1,67500,0,0,0,0.5,0.5,67000,68200,67000,3325563
18/11/21,2,68100,0,0.5,0.5,0,0,66900,68300,66100,3100596
18/11/22,3,69300,0,1,0,0,0,68100,69700,68000,1966126
18/11/23,4,69300,0,0,1,0,0,69500,69700,68400,1499166
18/11/26,0,70900,0,1,0,0,0,69200,71300,69000,2361766
18/11/27,1,70800,0,0,1,0,0,71100,71200,69700,2293763
18/11/28,2,71900,0,1,0,0,0,71000,72000,70700,2441991
18/11/29,3,71500,0,0,0.5,0.5,0,73700,73700,71200,3270078
18/11/30,4,69600,0,0,0,1,0,71500,71600,68800,4167055
18/12/03,0,70500,0,1,0,0,0,71000,71100,69800,2760290
18/12/04,1,69000,0,0,0,1,0,69900,70400,68400,3222060
18/12/05,2,68200,0,0,0,1,0,67200,68800,67200,3008950
18/12/06,3,66000,0,0,0,0.5,0.5,67800,68200,65700,3902275
18/12/07,4,66800,0,1,0,0,0,66700,67400,66600,2590733
18/12/10,0,65500,0,0,0,1,0,65900,65900,64700,2206084
18/12/11,1,64900,0,0,0.5,0.5,0,66000,66600,64800,2457332
18/12/12,2,66200,0,1,0,0,0,65000,66200,64900,2901875
18/12/13,3,65500,0,0,0,1,0,66300,66400,64800,4062323
18/12/14,4,61800,0,0,0,0,1,65200,65300,61200,5617675
18/12/17,0,62200,0,0.5,0.5,0,0,61600,62500,61000,2506287
18/12/18,1,61100,0,0,0,1,0,61000,61900,60800,3098206
18/12/19,2,60300,0,0,0,1,0,60800,61000,59700,3561783
18/12/20,3,58600,0,0,0,1,0,59300,59400,58100,4889709
18/12/21,4,60000,0,1,0,0,0,58200,60500,58200,3946994
18/12/24,0,60400,0,0.5,0.5,0,0,59600,60700,59200,2101703
18/12/26,2,60100,0,0,0.5,0.5,0,59400,60800,59300,2455060
18/12/27,3,61600,0,1,0,0,0,61600,61900,60600,3047798
18/12/28,4,60500,0,0,0,1,0,61700,62300,60500,1647462
19/01/02,2,60600,0,0,1,0,0,61300,61400,60000,1934295
19/01/03,3,57700,0,0,0,0.5,0.5,60200,60300,57500,3337621
19/01/04,4,58300,0,1,0,0,0,57500,58500,56700,3388087
19/01/07,0,58700,0,0.5,0.5,0,0,59000,59700,58400,2273750
19/01/08,1,59200,0,0.5,0.5,0,0,57900,60500,57600,3062192
19/01/09,2,63600,1,0,0,0,0,59600,63800,59400,4928656
19/01/10,3,65300,0,1,0,0,0,64100,65600,64000,6034432
19/01/11,4,65100,0,0,1,0,0,65400,65900,64200,2890639
19/01/14,0,62100,0,0,0,0.5,0.5,64300,65100,62000,3282892
19/01/15,1,64000,0.5,0.5,0,0,0,62200,64000,62200,2413868
19/01/16,2,64800,0,1,0,0,0,63800,64900,62700,2478497
19/01/17,3,64900,0,0,1,0,0,65500,66200,64600,2830122
19/01/18,4,64600,0,0,1,0,0,65000,65700,63900,2263599
19/01/21,0,67000,0.5,0.5,0,0,0,65900,67400,65000,3977425
19/01/22,1,66600,0,0,0.5,0.5,0,67900,68000,65700,4047917
19/01/23,2,66800,0,0,1,0,0,65500,67200,64800,2825017
19/01/24,3,70500,1,0,0,0,0,66900,70500,66900,6914092
19/01/25,4,74600,1,0,0,0,0,71600,74800,71100,7163871
19/01/28,0,71800,0,0,0,0.5,0.5,74700,74900,71200,4972189
19/01/29,1,73400,0,1,0,0,0,71400,73800,71000,3368642
19/01/30,2,75900,0.5,0.5,0,0,0,73500,76300,73000,5304841
19/01/31,3,73900,0,0,0,1,0,76900,77100,73700,4447535
19/02/01,4,75900,0,1,0,0,0,75400,76400,74700,3349965
19/02/07,3,76700,0,1,0,0,0,77500,78200,76600,4249110
19/02/08,4,73500,0,0,0,0.5,0.5,75200,75500,73000,4012485
19/02/11,0,74100,0,0.5,0.5,0,0,73000,74100,72200,3374192
19/02/12,1,75900,0,1,0,0,0,74100,76400,73900,3526701
19/02/13,2,76200,0,0,1,0,0,77300,77600,76100,2378193
19/02/14,3,77400,0,1,0,0,0,75800,77400,75100,2313376
19/02/15,4,73800,0,0,0,0.5,0.5,76800,76900,73800,4154616
19/02/18,0,74700,0,1,0,0,0,74300,75300,74000,1772434
19/02/19,1,73700,0,0,0,1,0,74500,74800,73000,1462071
19/02/20,2,75700,0,1,0,0,0,73700,76000,73600,3134257
19/02/21,3,76700,0,1,0,0,0,75300,77200,74600,2874589
19/02/22,4,76700,0,0,1,0,0,75600,76700,75300,1882653
19/02/25,0,75400,0,0,0,1,0,77300,77600,74800,2865712
19/02/26,1,75200,0,0,1,0,0,75000,75900,74100,2483512
19/02/27,2,73700,0,0,0,1,0,75300,75700,73700,2864044
19/02/28,3,70000,0,0,0,0,1,72500,72600,69900,7869451
19/03/04,0,70100,0,0,1,0,0,70300,71400,69900,4931703
19/03/05,1,69700,0,0,0.5,0.5,0,68300,70000,68300,3465521
19/03/06,2,68100,0,0,0,1,0,68500,69600,67400,4958303
19/03/07,3,68100,0,0,1,0,0,67200,68900,67100,3402570
19/03/08,4,66700,0,0,0,1,0,67900,68200,66200,3571792
19/03/11,0,66600,0,0,1,0,0,67000,67800,66200,2869008
19/03/12,1,67700,0,1,0,0,0,67700,68600,67500,2753535
19/03/13,2,66800,0,0,0,1,0,67700,67800,65900,2851596
19/03/14,3,67300,0,0.5,0.5,0,0,67400,67400,66400,3107100
19/03/15,4,68100,0,1,0,0,0,67400,68700,66700,3645592
19/03/18,0,67800,0,0,1,0,0,69200,69300,67300,2158588
19/03/19,1,68000,0,0,1,0,0,67300,67900,66600,2285169
19/03/20,2,70500,0.5,0.5,0,0,0,68400,70600,67600,3642962
19/03/21,3,75900,1,0,0,0,0,73500,76000,72600,10030131
19/03/22,4,76100,0,0,1,0,0,78900,78900,75900,5286455
19/03/25,0,72900,0,0,0,0.5,0.5,73700,74200,72600,3752230
19/03/26,1,72700,0,0,1,0,0,72900,73300,71500,2987678
19/03/27,2,73400,0,0.5,0.5,0,0,71800,74100,71200,2744175
19/03/28,3,72300,0,0,0,1,0,72300,73600,71700,2774932
19/03/29,4,74200,0,1,0,0,0,72900,74900,72700,3214170
19/04/01,0,76600,0.5,0.5,0,0,0,75600,77100,75500,3579070
19/04/02,1,76400,0,0,1,0,0,77900,78000,76100,2719440
19/04/03,2,79900,0.5,0.5,0,0,0,76800,79900,76500,4674142
19/04/04,3,78400,0,0,0,1,0,80400,81400,77800,5436236
19/04/05,4,79000,0,0.5,0.5,0,0,78200,79300,77900,2191720
19/04/08,0,77900,0,0,0,1,0,78900,79200,77600,2663493
19/04/09,1,77800,0,0,1,0,0,77700,78700,77400,2322860
19/04/10,2,78600,0,1,0,0,0,76700,78800,76200,2689591
19/04/11,3,78400,0,0,1,0,0,79200,79500,78000,2614388
19/04/12,4,78100,0,0,1,0,0,77400,78800,77400,2317264
19/04/15,0,79700,0,1,0,0,0,79000,79900,78600,2019931
19/04/16,1,80400,0,0.5,0.5,0,0,79900,80800,79100,2206997
19/04/17,2,80200,0,0,1,0,0,81000,82300,80000,2886956
19/04/18,3,79200,0,0,0,1,0,80800,81200,78500,3295697
19/04/19,4,81800,0.5,0.5,0,0,0,80500,82400,80100,3040186
19/04/22,0,80500,0,0,0,1,0,81500,81800,79900,1887109
19/04/23,1,81000,0,0.5,0.5,0,0,81000,81800,80400,1779318
19/04/24,2,78500,0,0,0,0.5,0.5,81500,81500,77500,5318487
19/04/25,3,80200,0,1,0,0,0,78400,81500,78100,5586360
19/04/26,4,78600,0,0,0,1,0,78500,79900,77600,5183181
19/04/29,0,80000,0,1,0,0,0,78700,80100,78200,2987384
19/04/30,1,79000,0,0,0,1,0,79400,80700,78100,2960242
19/05/02,3,80700,0,1,0,0,0,79700,81200,79100,3092434
19/05/03,4,80400,0,0,1,0,0,81100,81300,80300,2481811
19/05/07,1,79900,0,0,0.5,0.5,0,79200,80400,78700,2700371
19/05/08,2,80300,0,0,1,0,0,78700,80500,78000,2731620
19/05/09,3,76000,0,0,0,0,1,79600,79700,75200,5939278
19/05/10,4,74400,0,0,0,1,0,76100,76700,73400,5702537
19/05/13,0,73500,0,0,0,1,0,73900,75000,72800,3062929
19/05/14,1,74600,0,1,0,0,0,72200,75100,71600,3712697
19/05/15,2,74500,0,0,1,0,0,74800,75100,73900,2056131
19/05/16,3,71900,0,0,0,0.5,0.5,74400,75100,71600,3467027
19/05/17,4,71600,0,0,1,0,0,72500,73300,71400,2412668
19/05/20,0,67600,0,0,0,0,1,71800,72800,70700,3339145
19/05/27,0,66900,0,0,0,1,0,67900,68200,66400,2214176
19/05/28,1,65900,0,0,0,1,0,67200,68300,65900,12052399
19/05/29,2,66100,0,0,1,0,0,65600,66700,64900,6056903
19/05/30,3,65900,0,0,1,0,0,66300,66900,65800,3023108
19/05/31,4,65300,0,0,0.5,0.5,0,65900,66900,64700,3191350
19/06/03,0,66600,0,1,0,0,0,65200,67200,64200,4020572
19/06/04,1,65100,0,0,0,1,0,66500,66700,65100,2892681
19/06/05,2,65100,0,0,1,0,0,66900,67600,64900,4832796
19/06/07,4,65400,0,0,1,0,0,65200,66000,64600,2355869
19/06/10,0,66800,0,1,0,0,0,66100,67000,65800,3091757
19/06/11,1,67200,0,0.5,0.5,0,0,66900,67800,66700,2429182
19/06/12,2,65700,0,0,0,1,0,66800,67100,65700,2437640
19/06/13,3,63500,0,0,0,0.5,0.5,64900,65100,63300,5947811
19/06/14,4,63100,0,0,0.5,0.5,0,63200,64000,62600,3686472
19/06/17,0,63700,0,0.5,0.5,0,0,62800,63800,62400,2435039
19/06/18,1,63400,0,0,1,0,0,63800,64200,63300,1549497
19/06/19,2,67200,1,0,0,0,0,65800,67300,65200,6230370
19/06/20,3,67300,0,0,1,0,0,67200,67400,66200,2773637
19/06/21,4,65900,0,0,0,1,0,67100,67300,65900,2403002
19/06/24,0,66900,0,1,0,0,0,65900,67400,65600,2164462
19/06/25,1,66700,0,0,1,0,0,66700,67400,66300,1873766
19/06/26,2,68900,0.5,0.5,0,0,0,68300,69600,67900,5024201
19/06/27,3,70200,0,1,0,0,0,70100,71600,69700,5361201
19/06/28,4,69500,0,0,0,1,0,70900,70900,68400,3117569
19/07/01,0,70000,0,0.5,0.5,0,0,71000,71000,69700,3538183
19/07/02,1,71400,0,1,0,0,0,69700,71700,69100,2495399
19/07/03,2,69100,0,0,0,0.5,0.5,71100,71700,69000,2790684
19/07/04,3,70200,0,1,0,0,0,69600,70700,69300,1503707
19/07/05,4,68400,0,0,0,1,0,70300,71000,68400,2043271
19/07/08,0,67400,0,0,0,1,0,66400,68000,66200,2202260
19/07/09,1,69800,0.5,0.5,0,0,0,68400,70500,67900,2912514
19/07/10,2,72900,0.5,0.5,0,0,0,71500,73400,71000,4346179
19/07/11,3,75500,0.5,0.5,0,0,0,74000,75500,74000,5111929
19/07/12,4,74700,0,0,0,1,0,75600,75800,74400,2638271
19/07/15,0,76200,0,1,0,0,0,74500,76500,74400,2122090
19/07/16,1,76100,0,0,1,0,0,74800,76500,74800,2450278
19/07/17,2,74600,0,0,0,1,0,74600,75200,74000,2805672
19/07/18,3,74700,0,0,1,0,0,74300,75200,73900,1902110
19/07/19,4,76800,0,1,0,0,0,75900,77000,75600,2635348
19/07/22,0,78400,0,1,0,0,0,77800,79200,77000,3213786
19/07/23,1,78800,0,0.5,0.5,0,0,79700,80700,78200,4814941
19/07/24,2,77600,0,0,0,1,0,78800,80200,77100,3562342
19/07/25,3,79200,0,1,0,0,0,79700,80400,77700,3963383
19/07/26,4,79800,0,0.5,0.5,0,0,78100,80300,78000,3095260
19/07/29,0,77000,0,0,0,0.5,0.5,79000,79400,76500,2616782
19/07/30,1,78900,0,1,0,0,0,78200,80000,77700,2371300
19/07/31,2,76900,0,0,0,1,0,78000,79100,75300,3712241
19/08/01,3,77700,0,1,0,0,0,75300,78700,75300,3397831
19/08/02,4,76100,0,0,0,1,0,75400,76800,74900,4845952
19/08/05,0,75400,0,0,0.5,0.5,0,75500,76000,74900,2889902
19/08/06,1,72000,0,0,0,0.5,0.5,73100,73900,71900,5008247
19/08/07,2,73300,0,1,0,0,0,72000,74300,72000,2692841
19/08/08,3,72300,0,0,0,1,0,73600,74500,72000,2943206
19/08/09,4,73300,0,1,0,0,0,73200,74100,72300,2100380
19/08/12,0,74500,0,1,0,0,0,73700,75000,73500,1254926
19/08/13,1,74500,0,0,1,0,0,74000,75100,73700,1304708
19/08/14,2,76900,0.5,0.5,0,0,0,77200,77900,76200,2561643
19/08/16,4,76400,0,0,0.5,0.5,0,75800,76400,75100,2015785
19/08/19,0,75100,0,0,0,1,0,77300,77500,74800,1591728
19/08/20,1,76400,0,1,0,0,0,75500,76600,75100,1694275
19/08/21,2,75800,0,0,0.5,0.5,0,75900,76900,75500,1898789
19/08/22,3,73800,0,0,0,1,0,75300,76000,73800,2309550
19/08/23,4,74400,0,0.5,0.5,0,0,73500,75200,73400,1695532
19/08/26,0,71800,0,0,0,0.5,0.5,72600,73000,71500,2645491
19/08/27,1,73000,0,1,0,0,0,72500,73700,72500,2512610
19/08/28,2,73300,0,0,1,0,0,73500,73700,72500,1380522
19/08/29,3,73300,0,0,1,0,0,73500,74100,72000,2050860
19/08/30,4,77400,1,0,0,0,0,74600,78000,74600,3839246
19/09/02,0,77600,0,0,1,0,0,77000,78200,76500,1431352
19/09/03,1,77000,0,0,0.5,0.5,0,77200,77600,76300,1611563
19/09/04,2,80000,0.5,0.5,0,0,0,77400,80000,77300,2723541
19/09/05,3,83000,0.5,0.5,0,0,0,81400,83000,81200,4068631
19/09/06,4,81900,0,0,0,1,0,84000,84000,81500,2418057
19/09/09,0,84300,0,1,0,0,0,83100,84600,82500,2642174
19/09/10,1,83100,0,0,0,1,0,84200,84200,82700,1761883
19/09/11,2,82600,0,0,0.5,0.5,0,83400,84300,81300,3650902
19/09/16,0,79500,0,0,0,0.5,0.5,81000,81000,79000,5174391
19/09/17,1,79400,0,0,1,0,0,80000,80400,79100,2538780
19/09/18,2,80200,0,1,0,0,0,80100,80600,79500,2706678
19/09/19,3,82700,0.5,0.5,0,0,0,80600,82700,80300,3612220
19/09/20,4,82200,0,0,0.5,0.5,0,82800,83400,82100,2447172
19/09/23,0,82800,0,0.5,0.5,0,0,81900,83300,81900,1413663
19/09/24,1,83400,0,0.5,0.5,0,0,82500,83500,81400,1662830
19/09/25,2,81900,0,0,0,1,0,82200,82800,81500,1644881
19/09/26,3,83300,0,1,0,0,0,83000,83500,82500,1734941
19/09/27,4,81400,0,0,0,1,0,80200,81500,80100,2625620
19/09/30,0,82200,0,0.5,0.5,0,0,80600,82900,80400,2442478
19/10/01,1,82000,0,0,1,0,0,81800,82500,81700,2370210
19/10/02,2,79500,0,0,0,0.5,0.5,81600,81600,79500,2188097
19/10/04,4,80300,0,1,0,0,0,78900,81300,78900,2430603
19/10/07,0,80300,0,0,1,0,0,80700,81700,79800,1229105
19/10/08,1,80900,0,0.5,0.5,0,0,80400,81100,79400,1816880
19/10/10,3,79000,0,0,0,1,0,78900,79600,78100,4389324
19/10/11,4,80000,0,1,0,0,0,79800,80500,79400,2186536
19/10/14,0,80500,0,0.5,0.5,0,0,82000,82300,80400,1972409
19/10/15,1,81200,0,0.5,0.5,0,0,80700,81700,80500,1518810
19/10/16,2,82400,0,1,0,0,0,82400,82700,81900,2436269
19/10/17,3,81000,0,0,0,1,0,82000,82200,80600,1713942
19/10/18,4,77400,0,0,0,0.5,0.5,81500,81700,77300,13625664
19/10/21,0,77500,0,0,1,0,0,77800,78400,77100,2096581
19/10/22,1,79100,0,1,0,0,0,78900,79300,78200,3453958
19/10/23,2,77700,0,0,0,1,0,78500,78600,77700,5373911
19/10/24,3,80000,0,1,0,0,0,79900,80100,78700,3076100
19/10/25,4,82900,0.5,0.5,0,0,0,82400,82900,81500,4229200
19/10/28,0,82900,0,0,1,0,0,83400,84000,82600,1977758
19/10/29,1,83000,0,0,1,0,0,84000,84000,82900,1645070
19/10/30,2,81500,0,0,0,1,0,83400,83400,81000,1927042
19/10/31,3,82000,0,0.5,0.5,0,0,81900,83400,81600,1978755
19/11/01,4,83100,0,1,0,0,0,82300,83200,81600,1848046
19/11/04,0,84700,0,1,0,0,0,84000,84900,83800,2182879
19/11/05,1,85100,0,0,1,0,0,85100,85400,84600,1953720
19/11/06,2,83500,0,0,0,1,0,84800,85200,83500,2127745
19/11/07,3,83600,0,0,1,0,0,83700,84300,82800,1594558
19/11/08,4,82300,0,0,0,1,0,84600,84600,82000,2074339
19/11/11,0,81300,0,0,0,1,0,82500,82500,80700,2174477
19/11/12,1,83200,0,1,0,0,0,81900,83200,81300,1555211
19/11/13,2,83400,0,0,1,0,0,83300,83600,82300,1370289
19/11/14,3,83400,0,0,1,0,0,83200,83800,82900,1517137
19/11/15,4,85200,0,1,0,0,0,84200,85200,83400,2394138
19/11/18,0,85500,0,0,1,0,0,86000,86500,84700,1827506
19/11/19,1,85300,0,0,1,0,0,85400,86000,84600,2260299
19/11/20,2,82700,0,0,0,0.5,0.5,84400,85200,82600,3315169
19/11/21,3,80900,0,0,0,1,0,81700,82500,80500,3346746
19/11/22,4,81700,0,0.5,0.5,0,0,80900,82100,80700,2089767
19/11/25,0,81700,0,0,1,0,0,82300,83300,81500,2602474
19/11/26,1,82300,0,0.5,0.5,0,0,82000,84100,82000,4521090
19/11/27,2,82700,0,0,1,0,0,82400,83200,82000,1326621
19/11/28,3,82800,0,0,1,0,0,83100,83800,82500,1413983
19/11/29,4,80900,0,0,0,1,0,82500,82800,80700,2139440
19/12/02,0,80500,0,0,1,0,0,80900,81800,80500,1945991
19/12/03,1,78700,0,0,0,1,0,78100,79300,77300,11657151
19/12/04,2,77700,0,0,0,1,0,78000,78100,76800,6164549
19/12/05,3,78800,0,1,0,0,0,79800,79900,78000,3667358
19/12/06,4,80600,0,1,0,0,0,79300,80800,79100,3054204
19/12/09,0,80700,0,0,1,0,0,81300,81800,80700,2290088
19/12/10,1,80700,0,0,1,0,0,79800,80900,79400,1831960
19/12/11,2,80600,0,0,1,0,0,80700,81000,80100,2009331
19/12/12,3,83400,0.5,0.5,0,0,0,82000,83500,82000,5247299
19/12/13,4,87900,1,0,0,0,0,87200,88200,85800,5831965
19/12/16,0,88600,0,0.5,0.5,0,0,87200,89400,87000,2652685
19/12/17,1,92800,0.5,0.5,0,0,0,91000,93800,90200,5070618
19/12/18,2,93000,0,0,1,0,0,93400,94500,91800,3434310
19/12/19,3,93600,0,0.5,0.5,0,0,95400,96400,93400,4938375
19/12/20,4,95000,0,1,0,0,0,94100,95100,93700,2791176
19/12/23,0,94600,0,0,1,0,0,95800,96200,94100,1720279
19/12/24,1,93800,0,0,0.5,0.5,0,95000,95600,93800,1464093
19/12/26,3,94800,0,1,0,0,0,94000,95100,93500,1559839
19/12/27,4,96000,0,1,0,0,0,94800,97000,94200,2229470
19/12/30,0,94100,0,0,0,1,0,95600,96300,94200,1862634
20/01/02,3,94700,0,0.5,0.5,0,0,96000,96200,94100,2342070
20/01/03,4,94500,0,0,1,0,0,96500,97900,94300,3021380
20/01/06,0,94300,0,0,1,0,0,93000,95300,92800,2577573
20/01/07,1,94000,0,0,1,0,0,94500,95400,94000,2489429
20/01/08,2,97400,0.5,0.5,0,0,0,96400,99500,95200,7014748
20/01/09,3,99000,0,1,0,0,0,98900,99000,97400,3586413
20/01/10,4,98900,0,0,1,0,0,99100,99700,97900,2867925
20/01/13,0,100500,0,1,0,0,0,99000,101000,98000,2242008
20/01/14,1,100500,0,0,1,0,0,101500,103500,99900,2913343
20/01/15,2,98200,0,0,0,1,0,99900,99900,98000,2745625
20/01/16,3,99200,0,1,0,0,0,97400,99400,97400,2824804
20/01/17,4,99000,0,0,1,0,0,100500,101500,98800,2246394
20/01/20,0,99900,0,0.5,0.5,0,0,100000,101000,99600,1781639
20/01/21,1,99300,0,0,0.5,0.5,0,100500,100500,99000,1483291
20/01/22,2,101000,0,1,0,0,0,99000,101000,99000,2257478
20/01/23,3,98700,0,0,0,1,0,101000,101000,98200,2780104
20/01/28,1,96300,0,0,0,1,0,95500,96900,95000,3630362
20/01/29,2,97900,0,1,0,0,0,96900,99000,96700,2741459
20/01/30,3,94000,0,0,0,0.5,0.5,97800,97800,93800,3223436
20/01/31,4,93500,0,0,0.5,0.5,0,94500,97500,93500,4597139
20/02/03,0,94700,0,1,0,0,0,91800,95600,91500,3725535
20/02/04,1,97100,0,1,0,0,0,94800,97500,94500,3169743
20/02/05,2,97700,0,0.5,0.5,0,0,99300,99300,96900,2911995
20/02/06,3,100500,0,1,0,0,0,98900,101000,98300,2861441
20/02/07,4,99300,0,0,0,1,0,100000,100500,98400,1827393
20/02/10,0,98800,0,0,0.5,0.5,0,98000,99200,97400,1825648
20/02/11,1,99800,0,1,0,0,0,99900,100500,99000,1820578
20/02/12,2,100000,0,0,1,0,0,100500,101000,99100,2616573
20/02/13,3,102000,0,1,0,0,0,101000,103500,100500,3519491
20/02/14,4,104500,0,1,0,0,0,101500,105000,101000,1893163
20/02/17,0,105000,0,0,1,0,0,104500,106000,103500,1190162
20/02/18,1,102000,0,0,0,1,0,104000,104500,101500,2789667
20/02/19,2,103500,0,1,0,0,0,102500,103500,101000,2315634
20/02/20,3,104000,0,0,1,0,0,104500,106000,102500,3093782
20/02/21,4,103000,0,0,0.5,0.5,0,101500,103500,101000,4064719
20/02/24,0,99500,0,0,0,0.5,0.5,100500,100500,98900,5550758
20/02/25,1,98000,0,0,0,1,0,97800,99100,96400,6594059
20/02/26,2,94600,0,0,0,0.5,0.5,95500,96100,94400,6405409
20/02/27,3,92800,0,0,0,1,0,94700,95300,92200,4644449
20/02/28,4,87900,0,0,0,0,1,91000,92200,87700,8171939
20/03/02,0,92100,0.5,0.5,0,0,0,90000,93100,88300,6382279
20/03/03,1,92800,0,0.5,0.5,0,0,95000,95100,92400,5573006
20/03/04,2,94300,0,1,0,0,0,91300,95000,91300,4984561
20/03/05,3,94900,0,0.5,0.5,0,0,95200,95900,93800,4028776
20/03/06,4,92600,0,0,0,1,0,93300,94300,92000,3281612
20/03/09,0,86900,0,0,0,0,1,89500,89700,86400,6196552
20/03/10,1,89100,0,1,0,0,0,86900,89400,86600,6579153
20/03/11,2,85500,0,0,0,0.5,0.5,88200,88500,85100,5226251
20/03/12,3,82800,0,0,0,0.5,0.5,83800,84600,79600,8191818
20/03/13,4,82500,0,0,1,0,0,76900,84700,76000,8160758
20/03/16,0,80600,0,0,0,1,0,83700,84800,80400,5097762
20/03/17,1,80400,0,0,1,0,0,77500,83100,77000,7107436
20/03/18,2,73100,0,0,0,0,1,81600,82500,73000,7949482
20/03/19,3,69000,0,0,0,0,1,75500,75800,65800,11140367
20/03/20,4,74800,1,0,0,0,0,71800,76200,70100,8750101
20/03/23,0,69400,0,0,0,0,1,69700,71600,68000,8192363
20/03/24,1,78700,1,0,0,0,0,73000,78800,72100,7247345
20/03/25,2,84500,1,0,0,0,0,82000,84700,79800,8787217
20/03/26,3,80700,0,0,0,0.5,0.5,85000,87900,80400,7895289
20/03/27,4,83300,0.5,0.5,0,0,0,85700,85700,80500,8085695
20/03/30,0,83700,0,0,1,0,0,81000,84900,80000,5270037
20/03/31,1,83300,0,0,1,0,0,84000,85500,82000,5333479
20/04/01,2,78400,0,0,0,0,1,82100,83200,78400,6845675
20/04/02,3,80000,0,1,0,0,0,78800,80000,76500,5394371
20/04/03,4,79600,0,0,0.5,0.5,0,80000,80800,78500,3755301
20/04/06,0,83100,0.5,0.5,0,0,0,81000,83300,80200,5784159
20/04/07,1,85800,0.5,0.5,0,0,0,86600,86700,83700,6188649
20/04/08,2,84500,0,0,0,1,0,85800,86500,84500,3749575
20/04/09,3,85000,0,0.5,0.5,0,0,86200,86500,84500,3555538
20/04/10,4,84100,0,0,0,1,0,84000,84400,83000,3675338
20/04/13,0,81400,0,0,0,0.5,0.5,83200,83400,81100,3615318
20/04/14,1,82300,0,1,0,0,0,82200,83700,81200,3344109
20/04/16,3,81300,0,0,0,1,0,80600,82300,80600,4470072
20/04/17,4,84100,0.5,0.5,0,0,0,83600,85900,83200,6205624
20/04/20,0,82000,0,0,0,1,0,83900,83900,82000,5027876
20/04/21,1,81300,0,0,0.5,0.5,0,80600,82200,80200,5090721
20/04/22,2,83900,0.5,0.5,0,0,0,80600,83900,80000,5335787
20/04/23,3,82600,0,0,0,1,0,85200,85200,82000,6519481
20/04/24,4,81400,0,0,0,1,0,82000,82500,80800,3193144
20/04/27,0,82600,0,1,0,0,0,81700,83200,81200,3235430
20/04/28,1,83400,0,0.5,0.5,0,0,82500,83900,82400,3205535
20/04/29,2,83700,0,0,1,0,0,83500,84800,82900,3750568
20/05/04,0,81000,0,0,0,0.5,0.5,82900,82900,80800,5280026
20/05/06,2,82400,0,1,0,0,0,82000,82500,80900,3351424
20/05/07,3,82400,0,0,1,0,0,82400,83400,81800,2660512
20/05/08,4,85000,0.5,0.5,0,0,0,83000,85500,83000,5039635
20/05/11,0,84500,0,0,0.5,0.5,0,84500,85200,84100,2800047
20/05/12,1,85700,0,1,0,0,0,84500,86500,83200,3574409
20/05/13,2,83600,0,0,0,1,0,83500,84100,83000,5371416
20/05/14,3,80600,0,0,0,0.5,0.5,82200,82500,80600,6409652
20/05/15,4,81900,0,1,0,0,0,81500,82300,80700,4168866
20/05/18,0,81100,0,0,0.5,0.5,0,80400,81800,79200,5294177
20/05/19,1,82700,0,1,0,0,0,82400,83200,81700,4620614
20/05/20,2,84100,0,1,0,0,0,81900,84200,81800,3924403
20/05/21,3,83400,0,0,0.5,0.5,0,84900,84900,83200,2678953
20/05/22,4,81300,0,0,0,1,0,83100,83300,81000,3471700
20/05/25,0,81400,0,0,1,0,0,81500,81800,80500,2850294
20/05/26,1,81900,0,0.5,0.5,0,0,80600,82100,80600,3040122
20/05/27,2,81400,0,0,0.5,0.5,0,81100,82700,81000,2946278
20/05/28,3,83900,0.5,0.5,0,0,0,84100,85400,82400,9227823
20/05/29,4,81500,0,0,0,1,0,82600,82700,81300,6815185
20/06/01,0,83600,0,1,0,0,0,82100,83700,82100,4205357
20/06/02,1,83300,0,0,1,0,0,82700,83600,82700,3114162
20/06/03,2,88700,1,0,0,0,0,83400,89200,83400,11642239
20/06/04,3,87700,0,0,0,1,0,90000,91600,87100,6678244
20/06/05,4,90400,0.5,0.5,0,0,0,88500,90800,87700,4000557
20/06/08,0,91000,0,0.5,0.5,0,0,93000,93000,90600,3789382
20/06/09,1,89800,0,0,0,1,0,91000,92000,89100,3410081
20/06/10,2,90800,0,1,0,0,0,89800,91100,89400,3045250
20/06/11,3,88500,0,0,0,1,0,89300,90300,87500,5467344
20/06/12,4,85200,0,0,0,0.5,0.5,84500,85800,84500,4742329
20/06/15,0,82000,0,0,0,0.5,0.5,84100,86500,82000,4710114
20/06/16,1,85400,0.5,0.5,0,0,0,83400,85700,83300,3518785
20/06/17,2,86800,0,1,0,0,0,84800,87400,83500,4160612
20/06/18,3,86200,0,0,0.5,0.5,0,86100,86800,85400,2484147
20/06/19,4,85400,0,0,0.5,0.5,0,86500,87000,84500,3216102
20/06/22,0,84900,0,0,0.5,0.5,0,84400,85900,84300,2167216
20/06/23,1,84100,0,0,0.5,0.5,0,85600,86200,83900,2955819
20/06/24,2,86000,0,1,0,0,0,84200,87400,84000,4079834
20/06/25,3,84300,0,0,0,1,0,84300,85600,84000,3397112
20/06/26,4,84600,0,0,1,0,0,86000,86100,84500,2889494
20/06/29,0,83600,0,0,0,1,0,84000,85300,83500,2932433
20/06/30,1,85100,0,1,0,0,0,86200,87300,85000,4983607
20/07/01,2,85300,0,0,1,0,0,86800,87300,84900,2382552
20/07/02,3,84400,0,0,0,1,0,84800,85200,84000,3295340
20/07/03,4,85400,0,1,0,0,0,85000,85600,84500,2195897
20/07/06,0,86000,0,0.5,0.5,0,0,86000,87000,85800,2561766
20/07/07,1,84800,0,0,0,1,0,87300,87300,84600,3196352
20/07/08,2,83700,0,0,0,1,0,83800,84900,83600,3523620
20/07/09,3,83000,0,0,0.5,0.5,0,84200,84600,83000,4002365
20/07/10,4,82800,0,0,1,0,0,83300,83500,82400,2201557
20/07/13,0,83000,0,0,1,0,0,83100,83500,82500,2080934
20/07/14,1,82900,0,0,1,0,0,82600,82900,82000,2048671
20/07/15,2,83000,0,0,1,0,0,83100,83900,82900,3024429
20/07/16,3,82700,0,0,1,0,0,83000,83100,82300,2312310
20/07/17,4,82900,0,0,1,0,0,82700,83500,82600,1579078
20/07/20,0,82200,0,0,0.5,0.5,0,82800,83000,82100,2008624
20/07/21,1,84100,0,1,0,0,0,83400,84700,83000,4181015
20/07/22,2,83200,0,0,0,1,0,84100,84200,82900,2876295
20/07/23,3,82400,0,0,0.5,0.5,0,84000,84000,82300,3591647
20/07/24,4,83700,0,1,0,0,0,82300,83700,82200,3667416
20/07/27,0,82800,0,0,0,1,0,83100,84000,82800,2784652
20/07/28,1,83100,0,0,1,0,0,83900,83900,82700,4538720
20/07/29,2,83200,0,0,1,0,0,82900,83800,82600,3719681
20/07/30,3,85300,0,1,0,0,0,83300,86400,83000,6870841
20/07/31,4,82800,0,0,0,1,0,85700,86000,82800,4848989
20/08/03,0,81800,0,0,0,1,0,82400,82600,81500,3483106
20/08/04,1,81600,0,0,1,0,0,81800,82500,81400,3005937
20/08/05,2,80700,0,0,0,1,0,81200,81300,80500,4537005
20/08/06,3,81100,0,0,1,0,0,80700,81900,80700,3391939
20/08/07,4,80600,0,0,0.5,0.5,0,81200,81300,80000,4946631
20/08/10,0,81400,0,0.5,0.5,0,0,80100,81900,79800,3277238
20/08/11,1,81300,0,0,1,0,0,81700,82000,81000,3234013
20/08/12,2,81000,0,0,1,0,0,81100,81300,80200,3595828
20/08/13,3,80700,0,0,1,0,0,81900,82000,80300,4049387
20/08/14,4,80200,0,0,0.5,0.5,0,80200,81100,80100,2589552
20/08/18,1,78100,0,0,0,1,0,80000,80200,78000,4946279
20/08/19,2,75000,0,0,0,0.5,0.5,77300,78000,75000,8028305
20/08/20,3,71800,0,0,0,0.5,0.5,74400,74400,71300,7260223
20/08/21,4,74500,0.5,0.5,0,0,0,72800,77000,72500,7700029
20/08/24,0,75500,0,1,0,0,0,74600,77200,73700,4298619
20/08/25,1,77000,0,1,0,0,0,76300,77700,75400,3473488
20/08/26,2,78800,0,1,0,0,0,78000,79100,77100,4741965
20/08/27,3,79100,0,0,1,0,0,80200,80200,78800,4223450
20/08/28,4,77800,0,0,0,1,0,79500,79600,77700,2511956
20/08/31,0,75100,0,0,0,0.5,0.5,78200,78800,75100,5113128
20/09/01,1,75200,0,0,1,0,0,75200,76500,75200,2538676
20/09/02,2,75500,0,0,1,0,0,75900,76400,74900,2369360
20/09/03,3,78700,0.5,0.5,0,0,0,77700,79700,77200,7002529
20/09/04,4,78700,0,0,1,0,0,76400,79400,76100,4582566
20/09/07,0,78400,0,0,1,0,0,78600,79500,77600,2786930
20/09/08,1,79400,0,1,0,0,0,78700,80000,78200,3380355
20/09/09,2,77300,0,0,0,1,0,77900,78400,77200,3918435
20/09/10,3,76600,0,0,0.5,0.5,0,78000,78200,76600,3541520
20/09/11,4,78400,0,1,0,0,0,76700,78500,76300,2831262
20/09/14,0,80000,0,1,0,0,0,79100,80100,78900,4099644
20/09/15,1,81900,0,1,0,0,0,81300,82100,80200,5899410
20/09/16,2,81500,0,0,1,0,0,81700,82400,80500,3119110
20/09/17,3,82200,0,0.5,0.5,0,0,81900,82900,81200,4055050
20/09/18,4,83700,0,1,0,0,0,82900,83900,82200,5199334
20/09/21,0,84500,0,0.5,0.5,0,0,83700,85000,83600,4102947
20/09/22,1,81300,0,0,0,0.5,0.5,84400,84800,80200,4139983
20/09/23,2,83600,0,1,0,0,0,82300,84800,80500,4439085
20/09/24,3,84300,0,0.5,0.5,0,0,82800,85400,82300,6401560
20/09/25,4,82900,0,0,0,1,0,85800,85900,82200,3205596
20/09/28,0,82500,0,0,1,0,0,83400,83700,81300,3154068
20/09/29,1,84000,0,1,0,0,0,83100,84900,82200,4707898
20/10/05,0,83200,0,0,0.5,0.5,0,83000,84100,82300,3396894
20/10/06,1,83000,0,0,1,0,0,84000,84200,82600,2750145
20/10/07,2,83400,0,0,1,0,0,82900,83700,82500,2254356
20/10/08,3,82900,0,0,0.5,0.5,0,84300,84500,82900,3330824
20/10/12,0,85500,0.5,0.5,0,0,0,83900,85500,83500,4464264
20/10/13,1,88200,0.5,0.5,0,0,0,85500,89000,84600,6375448
20/10/14,2,86500,0,0,0,1,0,88000,88900,86100,3223767
20/10/15,3,87100,0,0.5,0.5,0,0,86100,87300,85900,2802900
20/10/16,4,85300,0,0,0,1,0,87000,87900,84900,2435541
20/10/19,0,86700,0,1,0,0,0,86100,87900,85800,3150011
20/10/20,1,85200,0,0,0,1,0,85300,90900,83700,6622637
20/10/21,2,83800,0,0,0,1,0,85300,86200,82800,4925877
20/10/22,3,83300,0,0,0.5,0.5,0,84200,84300,82500,2593975
20/10/23,4,83900,0,0.5,0.5,0,0,82800,84700,82300,2609595
20/10/26,0,83200,0,0,0.5,0.5,0,84300,84700,83000,1662847
20/10/27,1,82600,0,0,0.5,0.5,0,82300,83400,81800,2265817
20/10/28,2,82900,0,0,1,0,0,82100,83600,82000,1773556
20/10/29,3,81700,0,0,0,1,0,81900,82400,81000,2637314
20/10/30,4,79900,0,0,0,1,0,81600,82100,79900,2710477
20/11/02,0,79600,0,0,1,0,0,80200,80600,79200,2000394
20/11/03,1,81400,0,1,0,0,0,79600,81400,79600,2057723
20/11/04,2,83200,0,1,0,0,0,82100,84400,81200,3782296
20/11/05,3,86100,0.5,0.5,0,0,0,84100,86200,83300,4082325
20/11/06,4,86300,0,0,1,0,0,86500,87700,86000,2863808
20/11/09,0,86000,0,0,1,0,0,86500,87300,85600,2444330
20/11/10,1,86500,0,0.5,0.5,0,0,86900,87200,85900,2849783
20/11/11,2,87000,0,0.5,0.5,0,0,86100,87200,85900,2638617
20/11/12,3,88100,0,1,0,0,0,87600,88400,87000,4006433
20/11/13,4,89700,0,1,0,0,0,88100,90000,87500,3774278
20/11/16,0,98000,1,0,0,0,0,92100,98100,91100,9274278
20/11/17,1,98100,0,0,1,0,0,97400,99600,96500,5218295
20/11/18,2,98000,0,0,1,0,0,99800,100500,96600,3734037
20/11/19,3,98200,0,0,1,0,0,96200,98300,96000,2766688
20/11/20,4,96800,0,0,0,1,0,99000,99000,96800,2424003
20/11/23,0,100000,0.5,0.5,0,0,0,97300,101000,96600,4149013
20/11/24,1,98600,0,0,0,1,0,101000,102000,98300,3766043
20/11/25,2,97200,0,0,0,1,0,100500,100500,96300,4081524
20/11/26,3,99400,0,1,0,0,0,96800,99500,96300,2933290
20/11/27,4,98800,0,0,0.5,0.5,0,99600,99900,98200,1976047
20/11/30,0,97500,0,0,0,1,0,99700,99800,97300,3877841
20/12/01,1,100500,0.5,0.5,0,0,0,98600,101500,97800,4455519
20/12/02,2,109000,1,0,0,0,0,103000,109500,103000,7488361
20/12/03,3,111500,0,1,0,0,0,110500,114500,109000,6617912
20/12/04,4,115000,0.5,0.5,0,0,0,116000,119500,112500,8258814
20/12/07,0,118000,0,1,0,0,0,118500,120000,116000,5191354
20/12/08,1,115000,0,0,0,1,0,118000,118000,114000,4536460
20/12/09,2,120500,0.5,0.5,0,0,0,116000,121000,115000,5490760
20/12/10,3,116500,0,0,0,0.5,0.5,117000,118500,115500,8205744
20/12/11,4,115500,0,0,0.5,0.5,0,118000,118000,115000,3944552
20/12/14,0,117000,0,1,0,0,0,116000,119000,115500,3066761
20/12/15,1,117500,0,0,1,0,0,118500,118500,115000,2755902
20/12/16,2,117500,0,0,1,0,0,119000,119500,117000,2213552
20/12/17,3,119500,0,1,0,0,0,118500,119500,117000,3649945
20/12/18,4,118500,0,0,0.5,0.5,0,118500,119000,117500,3010798
20/12/21,0,116000,0,0,0,1,0,118000,118000,114500,3585805
20/12/22,1,112500,0,0,0,0.5,0.5,115000,115500,112500,4270842
20/12/23,2,116000,0.5,0.5,0,0,0,113000,116000,112500,3173156
20/12/24,3,118000,0,1,0,0,0,116000,118500,115500,3486636
20/12/28,0,115500,0,0,0,1,0,119000,119500,115000,4825132
20/12/29,1,116000,0,0,1,0,0,118000,118500,114000,4208916
20/12/30,2,118500,0,1,0,0,0,116000,118500,114500,4195192
21/01/04,0,126000,1,0,0,0,0,124500,128000,120500,7995016
21/01/05,1,130500,0.5,0.5,0,0,0,124500,132500,124000,7180224
21/01/06,2,131000,0,0,1,0,0,132500,137000,130000,8525749
21/01/07,3,134500,0,1,0,0,0,132500,137500,131500,5981299
21/01/08,4,138000,0,1,0,0,0,136000,138000,132500,8713010
21/01/11,0,133000,0,0,0,0.5,0.5,138000,140000,131000,11154671
21/01/12,1,129000,0,0,0,0.5,0.5,132000,133500,125500,8700877
21/01/13,2,133000,0.5,0.5,0,0,0,129000,133500,128500,6791044
21/01/14,3,130500,0,0,0,1,0,132500,133000,129000,5380278
21/01/15,4,127500,0,0,0,1,0,133000,135000,127000,4838114
21/01/18,0,130000,0,1,0,0,0,126000,131000,125000,5927419
21/01/19,1,130500,0,0,1,0,0,131000,132000,128500,4513315
21/01/20,2,130500,0,0,1,0,0,134000,135000,130000,4913282
21/01/21,3,131500,0,0.5,0.5,0,0,131500,133000,130000,3067677
21/01/22,4,128500,0,0,0,1,0,131500,132000,128500,3927767
21/01/25,0,135000,1,0,0,0,0,130000,135000,129500,5061864
21/01/26,1,129000,0,0,0,0.5,0.5,134000,134000,128500,6270106
21/01/27,2,128500,0,0,1,0,0,129500,132000,127500,5068456
21/01/28,3,123000,0,0,0,0.5,0.5,124000,125500,121500,6270829
21/01/29,4,122500,0,0,1,0,0,128500,128500,121500,7391307
21/02/01,0,125000,0,1,0,0,0,121000,126000,118000,5620305
21/02/02,1,130000,0.5,0.5,0,0,0,128500,132500,127000,4880067
21/02/03,2,130000,0,0,1,0,0,131000,131500,128500,3693688
21/02/04,3,125000,0,0,0,0.5,0.5,127500,128500,124000,4600618
21/02/05,4,127500,0,1,0,0,0,126500,128000,124500,3497303
21/02/08,0,125000,0,0,0,1,0,127500,128000,125000,2876471
21/02/09,1,125500,0,0,1,0,0,127500,130000,125000,5177095
21/02/10,2,126000,0,0,1,0,0,125500,127000,124500,4262526
21/02/15,0,132000,0.5,0.5,0,0,0,130000,132500,130000,5384526
21/02/16,1,132500,0,0,1,0,0,132500,134000,130500,3218689
21/02/17,2,130000,0,0,0,1,0,131000,131000,128000,3621178
21/02/18,3,126000,0,0,0,0.5,0.5,128500,130000,125500,3792425
21/02/19,4,133000,1,0,0,0,0,129000,133000,128500,6986526
21/02/22,0,136500,0,1,0,0,0,136000,139500,135000,7961516
21/02/23,1,138500,0,1,0,0,0,133500,140000,131500,6400037
21/02/24,2,136000,0,0,0,1,0,137500,143500,134000,9074809
21/02/25,3,148500,1,0,0,0,0,141000,149500,140000,9936495
21/02/26,4,141500,0,0,0,0.5,0.5,143500,145000,138000,10843268
21/03/02,1,144500,0,1,0,0,0,149000,150500,141000,9376523
21/03/03,2,147000,0,1,0,0,0,142500,147000,139500,5827221
21/03/04,3,142000,0,0,0,0.5,0.5,143000,145500,139500,6586562
21/03/05,4,140000,0,0,0,1,0,138000,141500,136500,6091444
21/03/08,0,135500,0,0,0,0.5,0.5,143000,143000,135500,5587787
21/03/09,1,136500,0,0.5,0.5,0,0,134000,137500,130500,7822152
21/03/10,2,133000,0,0,0,1,0,140500,140500,132500,5614476
21/03/11,3,137000,0.5,0.5,0,0,0,134500,139000,134000,6707671
21/03/12,4,140000,0,1,0,0,0,140500,142500,139500,4548695
21/03/15,0,136500,0,0,0,1,0,141500,142000,136000,4289990
21/03/16,1,140500,0,1,0,0,0,138500,140500,138000,3304561
21/03/17,2,140000,0,0,1,0,0,141000,141000,138500,2588319
21/03/18,3,142000,0,1,0,0,0,142500,145000,141000,4426840
21/03/19,4,138000,0,0,0,1,0,138000,139500,137000,4015627
21/03/22,0,138000,0,0,1,0,0,138500,140000,137000,2727719
21/03/23,1,135000,0,0,0,1,0,139000,139500,134000,3839090
21/03/24,2,133500,0,0,0,1,0,133000,134500,131500,3894080
21/03/25,3,133000,0,0,1,0,0,133000,134500,130500,4157799
21/03/26,4,135000,0,1,0,0,0,134000,135000,132000,3835443
21/03/29,0,132000,0,0,0,1,0,135500,135500,131500,3575226
21/03/30,1,134500,0,1,0,0,0,133000,135500,132000,3304184
21/03/31,2,132500,0,0,0,1,0,134500,135000,132000,3309680
21/04/01,3,140500,1,0,0,0,0,138000,140500,136500,5833436
21/04/02,4,141000,0,0,1,0,0,142000,143000,140000,3432245
21/04/05,0,143000,0,1,0,0,0,142000,144500,141000,2616440
21/04/06,1,143000,0,0,1,0,0,147000,147000,141500,3753217
21/04/07,2,143500,0,0,1,0,0,146000,146000,142500,2424687
21/04/08,3,144000,0,0,1,0,0,143500,146000,142500,3774932
21/04/09,4,140000,0,0,0,1,0,144000,145000,139500,3276077
21/04/12,0,137500,0,0,0,1,0,140500,140500,136000,3878457
21/04/13,1,139500,0,1,0,0,0,136000,140000,135500,2876178
21/04/14,2,137000,0,0,0,1,0,139000,139000,136500,2777203
21/04/15,3,137500,0,0,1,0,0,136000,139000,136000,2291160
21/04/16,4,137500,0,0,1,0,0,138500,139000,137500,1982877
21/04/19,0,138000,0,0,1,0,0,138000,139000,137000,1906782
21/04/20,1,138500,0,0,1,0,0,136500,138500,136500,2167732
21/04/21,2,132500,0,0,0,0.5,0.5,138000,138000,132000,5120577
21/04/22,3,133000,0,0,1,0,0,134500,135500,133000,3007457
21/04/23,4,132500,0,0,1,0,0,130500,132500,128500,4854412
21/04/26,0,131500,0,0,0.5,0.5,0,132500,132500,130500,2904879
21/04/27,1,135000,0,1,0,0,0,133000,136000,132500,3394650
21/04/28,2,130000,0,0,0,0.5,0.5,134500,135000,130000,5596760
21/04/29,3,130000,0,0,1,0,0,132000,133000,129000,3738266
21/04/30,4,128000,0,0,0,1,0,130000,130500,126500,3955947
21/05/03,0,131500,0,1,0,0,0,127500,132500,127000,4085398
21/05/04,1,132000,0,0,1,0,0,130500,132000,129000,2547004
21/05/06,3,129000,0,0,0,1,0,130000,130500,128000,4211535
21/05/07,4,129500,0,0,1,0,0,128000,131000,127000,3450323
21/05/10,0,130000,0,0,1,0,0,131000,131000,128500,3067077
21/05/11,1,123000,0,0,0,0,1,127000,127500,122000,9882491
21/05/12,2,119500,0,0,0,1,0,123000,123500,119000,8272196
21/05/13,3,117500,0,0,0,1,0,116000,118500,115500,6042025
21/05/14,4,118500,0,0.5,0.5,0,0,118500,120000,118000,3227201
21/05/17,0,117500,0,0,0.5,0.5,0,120000,120000,117000,3110127
21/05/18,1,121000,0,1,0,0,0,117500,122000,117500,3470048
21/05/20,3,122500,0,1,0,0,0,121000,124000,119500,4600751
21/05/21,4,122500,0,0,1,0,0,124500,125500,121000,4062695
21/05/24,0,119500,0,0,0,1,0,122000,122500,119000,3188734
21/05/25,1,123000,0,1,0,0,0,121500,123000,120500,3258364
21/05/26,2,123000,0,0,1,0,0,124000,124500,122000,3015522
21/05/27,3,125500,0,1,0,0,0,124500,126000,123000,4539067
21/05/28,4,125000,0,0,1,0,0,126500,126500,124000,2332971
21/05/31,0,127000,0,1,0,0,0,126000,127000,124000,2448074
21/06/01,1,128500,0,1,0,0,0,127000,129000,126000,2819179
21/06/02,2,126000,0,0,0,1,0,128500,129000,125500,2885654
21/06/03,3,129000,0,1,0,0,0,127000,130000,126500,3353993
21/06/04,4,128500,0,0,1,0,0,127500,129000,126500,2555891
21/06/07,0,128500,0,0,1,0,0,129500,130000,128000,2562918
21/06/08,1,127500,0,0,0.5,0.5,0,127000,127500,125000,4194955
21/06/09,2,122500,0,0,0,0.5,0.5,125500,126000,122500,6087592
21/06/10,3,123000,0,0,1,0,0,122500,124000,120500,4533076
21/06/11,4,128000,0.5,0.5,0,0,0,124500,128500,124000,4868608
21/06/14,0,127000,0,0,0.5,0.5,0,127000,127500,125500,2022730
21/06/15,1,128500,0,1,0,0,0,128500,129500,128000,1975082
21/06/16,2,129500,0,0.5,0.5,0,0,128000,129500,127000,1893752
21/06/17,3,126500,0,0,0,1,0,127000,128000,126000,2123793
21/06/18,4,124500,0,0,0,1,0,127500,127500,124500,2506112
21/06/21,0,122000,0,0,0,1,0,121000,123000,120500,3275288
21/06/22,1,122000,0,0,1,0,0,122500,123500,122000,2179712
21/06/23,2,124000,0,1,0,0,0,122500,124500,122000,2703658
21/06/24,3,126000,0,1,0,0,0,124000,126500,123500,2646407
21/06/25,4,128500,0,1,0,0,0,128000,129000,127500,2531018
21/06/28,0,126000,0,0,0,1,0,129000,129500,126000,2402730
21/06/29,1,125000,0,0,0.5,0.5,0,127500,128000,125000,2211572
21/06/30,2,127500,0,1,0,0,0,126500,129500,126000,4346027
21/07/01,3,124500,0,0,0,1,0,127500,128000,124000,3336174
21/07/02,4,122500,0,0,0,1,0,122500,123500,121500,3983921
21/07/05,0,123000,0,0,1,0,0,123500,124500,122500,1632551
21/07/06,1,125000,0,1,0,0,0,124000,126000,123500,2067135
21/07/07,2,123500,0,0,0,1,0,125000,125500,122500,2229140
21/07/08,3,121500,0,0,0,1,0,123500,123500,121000,3165552
21/07/09,4,119500,0,0,0,1,0,120500,120500,118000,4823577
21/07/12,0,120000,0,0,1,0,0,121000,122000,119500,2477201
21/07/13,1,123000,0,1,0,0,0,121000,123500,121000,2879072
21/07/14,2,123500,0,0,1,0,0,122500,124000,121500,2443087
21/07/15,3,123500,0,0,1,0,0,123500,124000,122500,1500981
21/07/16,4,121500,0,0,0,1,0,122000,122500,120500,2905546
21/07/19,0,119000,0,0,0,1,0,119000,120000,118500,2066638
21/07/20,1,118500,0,0,1,0,0,117500,119500,117500,2070074
21/07/21,2,117000,0,0,0,1,0,119500,120000,116500,2864601
21/07/22,3,119500,0,1,0,0,0,118000,120000,118000,1919233
21/07/23,4,118500,0,0,0.5,0.5,0,118500,119000,117500,1747651
21/07/26,0,117000,0,0,0,1,0,119500,120000,117000,1836657
21/07/27,1,116000,0,0,0.5,0.5,0,118000,119000,116000,2916330
21/07/28,2,114000,0,0,0,1,0,115000,115500,112500,6033084
21/07/29,3,114000,0,0,1,0,0,115000,115500,113000,3054699
21/07/30,4,112500,0,0,0,1,0,114000,114000,112500,2888566
21/08/02,0,116000,0.5,0.5,0,0,0,113500,117000,113000,4276730
21/08/03,1,120000,0.5,0.5,0,0,0,118000,120500,117000,4396423
21/08/04,2,121000,0,0.5,0.5,0,0,122000,123000,120500,4162635
21/08/05,3,120000,0,0,0.5,0.5,0,121000,121500,118000,3491584
21/08/06,4,118000,0,0,0,1,0,119000,119500,117500,2209875
21/08/09,0,116000,0,0,0,1,0,117500,118000,116000,2755724
21/08/10,1,112500,0,0,0,0.5,0.5,115000,115500,112000,5420223
21/08/11,2,105500,0,0,0,0,1,109000,110000,105000,13715267
21/08/12,3,100500,0,0,0,0.5,0.5,102000,104000,99800,19150647
21/08/13,4,101500,0,0.5,0.5,0,0,99600,101500,98900,11622957
21/08/17,1,101500,0,0,1,0,0,101000,103500,100500,7851717
21/08/18,2,104000,0,1,0,0,0,103000,105500,101500,8047599
21/08/19,3,102500,0,0,0,1,0,103000,105500,101500,6161038
21/08/20,4,102500,0,0,1,0,0,104000,104500,102000,4719139
21/08/23,0,103000,0,0,1,0,0,104500,105000,103000,4515699
21/08/24,1,105000,0,1,0,0,0,104500,105500,104000,4454743
21/08/25,2,103500,0,0,0,1,0,106000,106000,102500,3194555
21/08/26,3,104000,0,0,1,0,0,106000,106500,103500,3694741
21/08/27,4,103500,0,0,1,0,0,103500,104500,101000,3507782
21/08/30,0,103500,0,0,1,0,0,105000,105500,103500,1815758
21/08/31,1,106500,0,1,0,0,0,103500,106500,102000,4979276
21/09/01,2,108000,0,1,0,0,0,106000,108000,104500,4736183
21/09/02,3,106500,0,0,0,1,0,108000,108500,106000,2724565
21/09/03,4,107000,0,0,1,0,0,106500,107500,106000,2513486
21/09/06,0,106000,0,0,0.5,0.5,0,106500,107000,105000,1888595
21/09/07,1,104500,0,0,0,1,0,105500,106000,104000,2547667
21/09/08,2,106000,0,1,0,0,0,104000,107500,103500,2891267
21/09/09,3,103000,0,0,0,1,0,105000,106000,103000,3233011
21/09/10,4,105000,0,1,0,0,0,103500,105500,103000,1999369
21/09/13,0,106500,0,1,0,0,0,105000,107000,104000,1923344
21/09/14,1,107500,0,0.5,0.5,0,0,107500,108500,106500,2463248
21/09/15,2,107500,0,0,1,0,0,107500,107500,105500,2933797
21/09/16,3,104000,0,0,0,0.5,0.5,107000,107500,104000,3602821
21/09/17,4,107000,0,1,0,0,0,104500,107500,104000,3386517
21/09/23,3,105500,0,0,0,1,0,105500,107000,105000,2493313
21/09/24,4,104000,0,0,0,1,0,106000,106500,104000,2236954
21/09/27,0,104500,0,0,1,0,0,104000,105500,103500,1839358
21/09/28,1,103500,0,0,0.5,0.5,0,105000,105500,103000,2951945
21/09/29,2,100000,0,0,0,0.5,0.5,101000,102000,99700,6353977
21/09/30,3,103000,0,1,0,0,0,99900,103500,99600,3910557
21/10/01,4,100000,0,0,0,1,0,102000,102500,100000,2681124
21/10/05,1,97900,0,0,0,1,0,98900,99500,97200,3244145
21/10/06,2,96500,0,0,0,1,0,98400,98700,95800,2816951
21/10/07,3,95700,0,0,0.5,0.5,0,96300,96800,95000,3834957
21/10/08,4,94000,0,0,0,1,0,96200,96300,93500,4098832
21/10/12,1,91500,0,0,0,1,0,92400,92900,90800,4728215
21/10/13,2,92000,0,0.5,0.5,0,0,90900,93500,90500,3045438
21/10/14,3,93800,0,1,0,0,0,92400,94500,92100,2414639
21/10/15,4,98400,0.5,0.5,0,0,0,96000,98500,95700,4229748
21/10/18,0,97100,0,0,0,1,0,98300,98300,96700,2111399
21/10/19,1,97700,0,0.5,0.5,0,0,98600,98600,97100,1400175
21/10/20,2,97900,0,0,1,0,0,98200,98600,97200,2010529
21/10/21,3,96300,0,0,0,1,0,97300,98300,96100,2152221
21/10/22,4,98500,0,1,0,0,0,95500,99200,95500,1962833
21/10/25,0,100000,0,1,0,0,0,99500,101500,98300,2950459
21/10/26,1,102000,0,1,0,0,0,101500,103500,101000,3458645
21/10/27,2,101500,0,0,1,0,0,103000,104000,101500,2859255
21/10/28,3,106500,0.5,0.5,0,0,0,102000,107500,101500,6329703
21/10/29,4,103000,0,0,0,0.5,0.5,107000,108500,103000,4007223
21/11/01,0,106500,0.5,0.5,0,0,0,103500,107000,102500,3118661
21/11/02,1,107500,0,0.5,0.5,0,0,107000,108500,106500,2892292
21/11/03,2,105500,0,0,0,1,0,108500,109000,104500,3116506
21/11/04,3,106000,0,0,1,0,0,107000,108000,105500,2059242
21/11/05,4,107000,0,0.5,0.5,0,0,108000,108500,105500,2523345
21/11/08,0,107500,0,0,1,0,0,107000,108000,104000,2212348
21/11/09,1,109000,0,1,0,0,0,108000,110000,107500,3440686
21/11/10,2,108500,0,0,1,0,0,108500,109500,107500,2361295
21/11/11,3,107500,0,0,0.5,0.5,0,107500,108000,105500,2731498
21/11/12,4,106500,0,0,0.5,0.5,0,109000,109500,105500,1786165
21/11/15,0,111000,0.5,0.5,0,0,0,108500,111500,108000,4701568
21/11/16,1,112000,0,0.5,0.5,0,0,111000,113000,109000,3767311
21/11/17,2,110500,0,0,0,1,0,113000,113000,110000,3062491
21/11/18,3,110000,0,0,1,0,0,110000,111000,109000,1928891
21/11/19,4,111500,0,1,0,0,0,110000,112500,110000,2324668
21/11/22,0,119500,1,0,0,0,0,116500,121000,116000,9786492
21/11/23,1,119000,0,0,1,0,0,119500,121000,117500,4847270
21/11/24,2,119500,0,0,1,0,0,120500,122500,118000,4001111
21/11/25,3,117500,0,0,0,1,0,120500,121000,117000,3339835
21/11/26,4,115500,0,0,0,1,0,116500,118500,113000,4337936
21/11/29,0,116000,0,0,1,0,0,113000,118500,113000,4412863
21/11/30,1,114000,0,0,0,1,0,118000,119000,112500,7449608
21/12/01,2,116500,0,1,0,0,0,114500,117500,112000,4214135
21/12/02,3,120000,0,1,0,0,0,115500,120500,115000,6980518
21/12/03,4,118000,0,0,0,1,0,119000,119500,115500,4567843
21/12/06,0,118500,0,0,1,0,0,116000,119000,115500,4318893
21/12/07,1,121500,0,1,0,0,0,119000,122500,118000,5112025
21/12/08,2,120000,0,0,0,1,0,124000,125000,119500,6168137
21/12/09,3,123500,0,1,0,0,0,120500,123500,119000,5631833
21/12/10,4,120500,0,0,0,1,0,120500,121500,119500,2512642
21/12/13,0,121500,0,0.5,0.5,0,0,121000,124000,121000,3329176
21/12/14,1,121000,0,0,1,0,0,120500,123000,120000,2201003
21/12/15,2,123500,0,1,0,0,0,120000,123500,120000,2681332
21/12/16,3,124000,0,0,1,0,0,125000,125500,122500,3869086
21/12/17,4,122000,0,0,0,1,0,120500,123000,120500,3850444
21/12/20,0,120500,0,0,0,1,0,121500,123500,120500,2846815
21/12/21,1,124500,0.5,0.5,0,0,0,124000,124500,122500,3678590
21/12/22,2,127000,0,1,0,0,0,127500,128500,126000,3817689
21/12/23,3,127500,0,0,1,0,0,129000,129000,126500,2398358
21/12/24,4,128000,0,0,1,0,0,129000,130000,128000,2462683
21/12/27,0,126000,0,0,0,1,0,128500,129000,126000,2684135
21/12/28,1,127500,0,1,0,0,0,126500,128000,124500,4086063
21/12/29,2,127000,0,0,1,0,0,127500,128500,125500,3832154
21/12/30,3,131000,0.5,0.5,0,0,0,131000,133500,130000,5172987
